scan_date,analysis_date,ticker,action,confidence,trend_score,free_tier,halt,entry_bid,stop_loss,target,momentum,chip_analysis,risk_factors,data_quality_flags
2026-05-07,2026-05-07,2357,WATCH,62,36,True,False,635.8,639.0,670.95,,,,NO_BROKER_DATA|scoring_version:v2|PERSIST_STABLE:57
2026-05-07,2026-05-07,3029,WATCH,56,33,True,False,99.5,100.0,107.1,,,,NO_BROKER_DATA|scoring_version:v2|PERSIST_STABLE:72
2026-05-07,2026-05-07,2385,WATCH,68,32,True,False,130.34,131.0,137.55,,,,NO_BROKER_DATA|scoring_version:v2|PERSIST_STABLE:71
2026-05-07,2026-05-07,4974,WATCH,62,32,True,False,73.43,73.8,77.49,,,,NO_BROKER_DATA|scoring_version:v2|PERSIST_STABLE:79
2026-05-07,2026-05-07,3592,LONG,81,31,True,False,241.29,242.5,267.23,,,,NO_BROKER_DATA|scoring_version:v2|PERSIST_STABLE:59
2026-05-07,2026-05-07,3045,LONG,75,31,True,False,109.45,110.0,119.18,,,,NO_BROKER_DATA|scoring_version:v2|PERSIST_STABLE:54
2026-05-07,2026-05-07,3023,LONG,73,31,True,False,308.45,310.0,325.5,,,,NO_BROKER_DATA|scoring_version:v2|PERSIST_STABLE:68
2026-05-07,2026-05-07,2347,LONG,71,31,True,False,83.48,83.9,88.1,,,,NO_BROKER_DATA|scoring_version:v2|PERSIST_STABLE:78
2026-05-07,2026-05-07,2393,WATCH,66,31,True,False,72.14,72.5,76.12,,,,NO_BROKER_DATA|scoring_version:v2|COILING|PERSIST_STABLE:69
2026-05-07,2026-05-07,3048,WATCH,59,31,True,False,41.89,42.1,44.21,,,,NO_BROKER_DATA|scoring_version:v2
2026-05-07,2026-05-07,2356,WATCH,50,31,True,False,49.7,49.95,52.45,,,,NO_BROKER_DATA|scoring_version:v2
2026-05-07,2026-05-07,3416,LONG,72,30,True,False,170.64,171.5,180.08,,,,NO_BROKER_DATA|scoring_version:v2|PERSIST_STABLE:54
2026-05-07,2026-05-07,3213,CAUTION,43,30,True,False,113.93,114.5,120.23,,,,NO_BROKER_DATA|scoring_version:v2
2026-05-07,2026-05-07,2382,WATCH,62,29,True,False,342.28,344.0,361.2,,,,NO_BROKER_DATA|scoring_version:v2|PERSIST_STABLE:77
2026-05-07,2026-05-07,2316,LONG,85,28,True,False,115.92,116.5,123.9,,,,NO_BROKER_DATA|scoring_version:v2
2026-05-07,2026-05-07,3356,WATCH,64,28,True,False,55.82,56.1,60.06,,,,NO_BROKER_DATA|scoring_version:v2
2026-05-07,2026-05-07,6121,WATCH,60,28,True,False,369.14,371.0,392.18,,,,NO_BROKER_DATA|scoring_version:v2
2026-05-07,2026-05-07,3014,WATCH,53,28,True,False,130.84,131.5,138.08,,,,NO_BROKER_DATA|scoring_version:v2
2026-05-07,2026-05-07,3218,CAUTION,52,28,True,False,133.33,134.0,142.8,,,,NO_BROKER_DATA|scoring_version:v2|PERSIST_STABLE:55
2026-05-07,2026-05-07,4904,LONG,80,27,True,False,94.92,95.4,100.38,,,,NO_BROKER_DATA|scoring_version:v2|PERSIST_STABLE:66
2026-05-07,2026-05-07,3003,LONG,72,27,True,False,55.42,55.7,58.49,,,,NO_BROKER_DATA|scoring_version:v2
2026-05-07,2026-05-07,2421,LONG,67,27,True,False,148.75,149.5,156.97,,,,NO_BROKER_DATA|scoring_version:v2
2026-05-07,2026-05-07,4105,WATCH,67,27,True,False,74.13,74.5,78.23,,,,NO_BROKER_DATA|scoring_version:v2|PERSIST_STABLE:62
2026-05-07,2026-05-07,2353,WATCH,65,27,True,False,27.96,28.1,29.82,,,,NO_BROKER_DATA|scoring_version:v2|PERSIST_STABLE:61
2026-05-07,2026-05-07,3694,WATCH,64,27,True,False,61.59,61.9,65.0,,,,NO_BROKER_DATA|scoring_version:v2
2026-05-07,2026-05-07,2458,WATCH,63,27,True,False,143.28,144.0,151.2,,,,NO_BROKER_DATA|scoring_version:v2|PERSIST_STABLE:71
2026-05-07,2026-05-07,4915,WATCH,63,27,True,False,73.23,73.6,77.7,,,,NO_BROKER_DATA|scoring_version:v2|PERSIST_STABLE:60
2026-05-07,2026-05-07,2498,WATCH,61,27,True,False,40.25,40.45,43.05,,,,NO_BROKER_DATA|scoring_version:v2|PERSIST_STABLE:63
2026-05-07,2026-05-07,2412,WATCH,59,27,True,False,134.82,135.5,143.85,,,,NO_BROKER_DATA|scoring_version:v2|PERSIST_STABLE:54
2026-05-07,2026-05-07,4746,WATCH,57,27,True,False,54.53,54.8,58.38,,,,NO_BROKER_DATA|scoring_version:v2|PERSIST_STABLE:62
2026-05-07,2026-05-07,4953,WATCH,56,27,True,False,121.89,122.5,129.68,,,,NO_BROKER_DATA|scoring_version:v2|PERSIST_STABLE:69
2026-05-07,2026-05-07,6418,WATCH,55,27,True,False,81.39,81.80000305175781,87.25,,,,NO_BROKER_DATA|scoring_version:v2
2026-05-07,2026-05-07,6417,WATCH,55,27,True,False,81.39,81.80000305175781,87.25,,,,NO_BROKER_DATA|scoring_version:v2
2026-05-07,2026-05-07,2439,CAUTION,49,27,True,False,86.07,86.5,90.83,,,,NO_BROKER_DATA|scoring_version:v2|PERSIST_STABLE:67
2026-05-07,2026-05-07,5490,CAUTION,48,27,True,False,28.36,28.5,29.93,,,,NO_BROKER_DATA|scoring_version:v2
2026-05-07,2026-05-07,3706,CAUTION,47,27,True,False,86.96,87.4,92.19,,,,NO_BROKER_DATA|scoring_version:v2|PERSIST_STABLE:72
2026-05-07,2026-05-07,2480,CAUTION,41,27,True,False,146.26,147.0,154.35,,,,NO_BROKER_DATA|scoring_version:v2
2026-05-07,2026-05-07,4938,LONG,70,26,True,False,83.88,84.3,88.52,,,,NO_BROKER_DATA|scoring_version:v2|COILING|PERSIST_STABLE:67
2026-05-07,2026-05-07,5434,LONG,70,26,True,False,416.41,418.5,439.43,,,,NO_BROKER_DATA|scoring_version:v2
2026-05-07,2026-05-07,6151,LONG,70,26,True,False,35.97,36.15,39.11,,,,NO_BROKER_DATA|scoring_version:v2
2026-05-07,2026-05-07,3715,WATCH,66,26,True,False,188.06,189.0,207.9,,,,NO_BROKER_DATA|scoring_version:v2|PERSIST_STABLE:62
2026-05-07,2026-05-07,2379,WATCH,59,26,True,False,536.3,539.0,569.1,,,,NO_BROKER_DATA|scoring_version:v2
2026-05-07,2026-05-07,3617,WATCH,59,26,True,False,194.03,195.0,204.75,,,,NO_BROKER_DATA|scoring_version:v2
2026-05-07,2026-05-07,4549,CAUTION,40,25,True,False,108.95,109.5,114.98,,,,NO_BROKER_DATA|scoring_version:v2|PERSIST_STABLE:68
2026-05-07,2026-05-07,2404,LONG,70,22,True,False,992.01,997.0,1076.25,,,,NO_BROKER_DATA|scoring_version:v2|COILING
2026-05-07,2026-05-07,3078,WATCH,67,22,True,False,57.01,57.3,60.16,,,,NO_BROKER_DATA|scoring_version:v2|PERSIST_STABLE:64
2026-05-07,2026-05-07,6134,LONG,67,22,True,False,31.54,31.7,34.55,,,,NO_BROKER_DATA|scoring_version:v2
2026-05-07,2026-05-07,1565,WATCH,62,22,True,False,102.48,103.0,114.45,,,,NO_BROKER_DATA|scoring_version:v2|PERSIST_STABLE:55
2026-05-07,2026-05-07,3025,WATCH,56,22,True,False,63.18,63.5,66.67,,,,NO_BROKER_DATA|scoring_version:v2
2026-05-07,2026-05-07,6122,CAUTION,53,22,True,False,49.35,49.6,52.08,,,,NO_BROKER_DATA|scoring_version:v2|PERSIST_STABLE:72
2026-05-07,2026-05-07,3231,CAUTION,52,22,True,False,145.27,146.0,153.3,,,,NO_BROKER_DATA|scoring_version:v2|PERSIST_STABLE:63
2026-05-07,2026-05-07,2352,CAUTION,46,22,True,False,25.07,25.2,27.14,,,,NO_BROKER_DATA|scoring_version:v2|PERSIST_STABLE:62
2026-05-07,2026-05-07,4114,CAUTION,46,22,True,False,30.89,31.05,33.6,,,,NO_BROKER_DATA|scoring_version:v2
2026-05-07,2026-05-07,6855,CAUTION,40,22,True,False,37.31,37.5,41.9,,,,NO_BROKER_DATA|scoring_version:v2
2026-05-07,2026-05-07,6844,CAUTION,40,22,True,False,37.31,37.5,41.9,,,,NO_BROKER_DATA|scoring_version:v2
2026-05-07,2026-05-07,6843,CAUTION,40,22,True,False,37.31,37.5,41.9,,,,NO_BROKER_DATA|scoring_version:v2
2026-05-07,2026-05-07,6859,CAUTION,40,22,True,False,37.31,37.5,41.9,,,,NO_BROKER_DATA|scoring_version:v2
2026-05-07,2026-05-07,6126,CAUTION,34,22,True,False,32.79,32.95,34.76,,,,NO_BROKER_DATA|scoring_version:v2
2026-05-07,2026-05-07,2355,LONG,71,20,True,False,52.44,52.7,56.59,,,,NO_BROKER_DATA|scoring_version:v2|PERSIST_STABLE:76
2026-05-07,2026-05-07,2441,WATCH,66,20,True,False,92.93,93.4,99.02,,,,NO_BROKER_DATA|scoring_version:v2|PERSIST_STABLE:61
2026-05-07,2026-05-07,4961,WATCH,64,20,True,False,160.19,161.0,177.45,,,,NO_BROKER_DATA|scoring_version:v2|PERSIST_STABLE:74
2026-05-07,2026-05-07,2369,WATCH,53,20,True,False,32.84,33.0,34.86,,,,NO_BROKER_DATA|scoring_version:v2
2026-05-07,2026-05-07,2428,WATCH,53,20,True,False,187.56,188.5,197.93,,,,NO_BROKER_DATA|scoring_version:v2
2026-05-07,2026-05-07,6269,CAUTION,44,20,True,False,66.07,66.4000015258789,73.5,,,,NO_BROKER_DATA|scoring_version:v2|PERSIST_STABLE:55
2026-05-07,2026-05-07,6261,CAUTION,32,20,True,False,66.07,66.4000015258789,73.5,,,,NO_BROKER_DATA|scoring_version:v2
2026-05-07,2026-05-07,6265,CAUTION,32,20,True,False,66.07,66.4000015258789,73.5,,,,NO_BROKER_DATA|scoring_version:v2
2026-05-07,2026-05-07,6266,CAUTION,32,20,True,False,66.07,66.4000015258789,73.5,,,,NO_BROKER_DATA|scoring_version:v2
2026-05-07,2026-05-07,6263,CAUTION,32,20,True,False,66.07,66.4000015258789,73.5,,,,NO_BROKER_DATA|scoring_version:v2
2026-05-07,2026-05-07,3178,WATCH,54,19,True,False,68.66,69.0,72.45,,,,NO_BROKER_DATA|scoring_version:v2
2026-05-07,2026-05-07,2323,WATCH,62,17,True,False,10.8,10.85,11.39,,,,NO_BROKER_DATA|scoring_version:v2|PERSIST_STABLE:60
2026-05-07,2026-05-07,4162,CAUTION,41,17,True,False,57.51,57.8,60.69,,,,NO_BROKER_DATA|scoring_version:v2
2026-05-07,2026-05-07,3323,CAUTION,39,17,True,False,34.38,34.55,38.38,,,,NO_BROKER_DATA|scoring_version:v2
2026-05-07,2026-05-07,5403,CAUTION,34,17,True,False,93.93,94.4,99.12,,,,NO_BROKER_DATA|scoring_version:v2
2026-05-07,2026-05-07,3628,WATCH,57,16,True,False,67.66,68.0,77.91,,,,NO_BROKER_DATA|scoring_version:v2|PERSIST_STABLE:72
2026-05-07,2026-05-07,3010,CAUTION,51,16,True,False,131.34,132.0,148.05,,,,NO_BROKER_DATA|scoring_version:v2|PERSIST_STABLE:79
2026-05-07,2026-05-07,3290,WATCH,51,16,True,False,46.81,47.05,52.61,,,,NO_BROKER_DATA|scoring_version:v2
2026-05-07,2026-05-07,3413,CAUTION,49,16,True,False,307.45,309.0,330.75,,,,NO_BROKER_DATA|scoring_version:v2|PERSIST_STABLE:67
2026-05-07,2026-05-07,4743,CAUTION,27,16,True,False,52.64,52.9,59.54,,,,NO_BROKER_DATA|scoring_version:v2
2026-05-07,2026-05-07,5457,WATCH,59,14,True,False,36.62,36.8,41.16,,,,NO_BROKER_DATA|scoring_version:v2|COILING_PRIME
2026-05-07,2026-05-07,6143,CAUTION,45,12,True,False,92.83,93.3,104.9,,,,NO_BROKER_DATA|scoring_version:v2|PERSIST_STABLE:59
2026-05-07,2026-05-07,5388,CAUTION,48,11,True,False,79.9,80.3,90.72,,,,NO_BROKER_DATA|scoring_version:v2
2026-05-07,2026-05-07,4129,CAUTION,29,11,True,False,97.61,98.1,108.68,,,,NO_BROKER_DATA|scoring_version:v2
2026-05-07,2026-05-07,4167,CAUTION,25,11,True,False,18.66,18.75,20.21,,,,NO_BROKER_DATA|scoring_version:v2
2026-05-07,2026-05-07,3689,CAUTION,35,10,True,False,127.36,128.0,141.75,,,,NO_BROKER_DATA|scoring_version:v2|PERSIST_STABLE:66
2026-05-07,2026-05-07,3205,CAUTION,30,6,True,False,55.72,56.0,63.42,,,,NO_BROKER_DATA|scoring_version:v2
2026-05-07,2026-05-07,4744,CAUTION,37,5,True,False,32.34,32.5,35.23,,,,NO_BROKER_DATA|scoring_version:v2
2026-05-07,2026-05-07,1336,CAUTION,5,0,True,False,13.68,13.75,14.7,,,,NO_BROKER_DATA|GATE_PASS:G1_ZONE:95.5%|GATE_PASS:G2_BB:5.1%|GATE_FAIL:G3_LOW_LIQ:1.4M|LOW_LIQUIDITY:TPEx|GATE_PASS:G4_REGIME:uptrend|GATE_PASS:G5_NO_OVERHEAD:86.2%|NO_SETUP|scoring_version:v2
2026-05-07,2026-05-07,1504,CAUTION,5,0,True,False,73.63,74.0,77.7,,,,NO_BROKER_DATA|GATE_FAIL:G1_ALREADY_BROKE_OUT:100.0%|GATE_FAIL:G2_BB_WIDE:22.3%|GATE_PASS:G3_LIQ:994.0M|GATE_PASS:G4_REGIME:uptrend|GATE_FAIL:G5_OVERHEAD:83.7%|NO_SETUP|scoring_version:v2
2026-05-07,2026-05-07,1471,CAUTION,5,0,True,False,11.34,11.4,13.7,,,,NO_BROKER_DATA|GATE_FAIL:G1_TOO_FAR_BELOW:81.4%|GATE_FAIL:G2_BB_WIDE:15.9%|GATE_FAIL:G3_LOW_LIQ:10.6M|LOW_LIQUIDITY:TSE|GATE_PASS:G4_REGIME:uptrend|GATE_PASS:G5_NO_OVERHEAD:96.6%|NO_SETUP|scoring_version:v2
2026-05-07,2026-05-07,1503,CAUTION,5,0,True,False,198.5,199.5,211.58,,,,NO_BROKER_DATA|GATE_PASS:G1_ZONE:95.9%|GATE_PASS:G2_BB:9.5%|GATE_PASS:G3_LIQ:390.9M|GATE_PASS:G4_REGIME:uptrend|GATE_FAIL:G5_OVERHEAD:82.5%|NO_SETUP|scoring_version:v2
2026-05-07,2026-05-07,1506,CAUTION,5,0,True,False,10.45,10.5,11.87,,,,NO_BROKER_DATA|GATE_PASS:G1_ZONE:91.7%|GATE_PASS:G2_BB:9.4%|GATE_FAIL:G3_LOW_LIQ:2.5M|LOW_LIQUIDITY:TSE|GATE_PASS:G4_REGIME:uptrend|GATE_PASS:G5_NO_OVERHEAD:90.5%|NO_SETUP|scoring_version:v2
2026-05-07,2026-05-07,1514,CAUTION,5,0,True,False,118.9,119.5,126.0,,,,NO_BROKER_DATA|GATE_PASS:G1_ZONE:95.6%|GATE_FAIL:G2_BB_WIDE:17.1%|GATE_PASS:G3_LIQ:423.1M|GATE_PASS:G4_REGIME:uptrend|GATE_PASS:G5_NO_OVERHEAD:89.3%|NO_SETUP|scoring_version:v2
2026-05-07,2026-05-07,1517,CAUTION,5,0,True,False,10.15,10.2,11.55,,,,NO_BROKER_DATA|GATE_PASS:G1_ZONE:89.5%|GATE_PASS:G2_BB:14.7%|GATE_FAIL:G3_LOW_LIQ:2.8M|LOW_LIQUIDITY:TSE|GATE_PASS:G4_REGIME:uptrend|GATE_PASS:G5_NO_OVERHEAD:89.1%|NO_SETUP|scoring_version:v2
2026-05-07,2026-05-07,1513,CAUTION,5,0,True,False,155.72,156.5,164.33,,,,NO_BROKER_DATA|GATE_PASS:G1_ZONE:98.7%|GATE_PASS:G2_BB:6.9%|GATE_PASS:G3_LIQ:825.8M|GATE_PASS:G4_REGIME:uptrend|GATE_FAIL:G5_OVERHEAD:85.0%|NO_SETUP|scoring_version:v2
2026-05-07,2026-05-07,1526,CAUTION,5,0,True,False,15.67,15.75,17.27,,,,NO_BROKER_DATA|GATE_PASS:G1_ZONE:91.3%|GATE_PASS:G2_BB:7.6%|GATE_FAIL:G3_LOW_LIQ:2.6M|LOW_LIQUIDITY:TSE|GATE_PASS:G4_REGIME:uptrend|GATE_FAIL:G5_OVERHEAD:76.5%|NO_SETUP|scoring_version:v2
2026-05-07,2026-05-07,1527,CAUTION,5,0,True,False,32.29,32.45,34.81,,,,NO_BROKER_DATA|GATE_PASS:G1_ZONE:96.9%|GATE_PASS:G2_BB:3.1%|GATE_FAIL:G3_LOW_LIQ:6.9M|LOW_LIQUIDITY:TSE|GATE_PASS:G4_REGIME:uptrend|GATE_PASS:G5_NO_OVERHEAD:93.8%|NO_SETUP|scoring_version:v2
2026-05-07,2026-05-07,1519,CAUTION,5,0,True,False,886.54,891.0,962.85,,,,NO_BROKER_DATA|GATE_PASS:G1_ZONE:94.4%|GATE_PASS:G2_BB:14.7%|GATE_PASS:G3_LIQ:2903.0M|GATE_PASS:G4_REGIME:uptrend|GATE_FAIL:G5_OVERHEAD:84.7%|NO_SETUP|scoring_version:v2
2026-05-07,2026-05-07,1515,CAUTION,5,0,True,False,21.89,22.0,23.1,,,,NO_BROKER_DATA|GATE_PASS:G1_ZONE:91.7%|GATE_PASS:G2_BB:10.6%|GATE_FAIL:G3_LOW_LIQ:7.9M|LOW_LIQUIDITY:TSE|GATE_PASS:G4_REGIME:uptrend|GATE_PASS:G5_NO_OVERHEAD:88.2%|NO_SETUP|scoring_version:v2
2026-05-07,2026-05-07,1528,CAUTION,5,0,True,False,27.56,27.7,31.29,,,,NO_BROKER_DATA|GATE_PASS:G1_ZONE:87.2%|GATE_FAIL:G2_BB_WIDE:20.6%|GATE_PASS:G3_LIQ:610.7M|GATE_PASS:G4_REGIME:uptrend|GATE_PASS:G5_NO_OVERHEAD:100.0%|NO_SETUP|scoring_version:v2
2026-05-07,2026-05-07,1529,CAUTION,5,0,True,False,22.74,22.85,24.89,,,,NO_BROKER_DATA|GATE_PASS:G1_ZONE:91.4%|GATE_PASS:G2_BB:14.3%|GATE_FAIL:G3_LOW_LIQ:19.3M|LOW_LIQUIDITY:TSE|GATE_PASS:G4_REGIME:uptrend|GATE_FAIL:G5_OVERHEAD:83.8%|NO_SETUP|scoring_version:v2
2026-05-07,2026-05-07,1532,CAUTION,5,0,True,False,20.7,20.8,22.37,,,,NO_BROKER_DATA|GATE_PASS:G1_ZONE:93.5%|GATE_PASS:G2_BB:10.3%|GATE_FAIL:G3_LOW_LIQ:16.6M|LOW_LIQUIDITY:TSE|GATE_PASS:G4_REGIME:uptrend|GATE_PASS:G5_NO_OVERHEAD:89.2%|NO_SETUP|scoring_version:v2
2026-05-07,2026-05-07,1531,CAUTION,5,0,True,False,12.94,13.0,13.97,,,,NO_BROKER_DATA|GATE_PASS:G1_ZONE:95.9%|GATE_PASS:G2_BB:4.8%|GATE_FAIL:G3_LOW_LIQ:2.6M|LOW_LIQUIDITY:TSE|GATE_PASS:G4_REGIME:uptrend|GATE_PASS:G5_NO_OVERHEAD:100.0%|NO_SETUP|scoring_version:v2
2026-05-07,2026-05-07,1530,CAUTION,5,0,True,False,25.82,25.95,27.62,,,,NO_BROKER_DATA|GATE_PASS:G1_ZONE:89.6%|GATE_PASS:G2_BB:10.8%|GATE_FAIL:G3_LOW_LIQ:1.0M|LOW_LIQUIDITY:TSE|GATE_PASS:G4_REGIME:uptrend|GATE_PASS:G5_NO_OVERHEAD:95.7%|NO_SETUP|scoring_version:v2
2026-05-07,2026-05-07,1569,CAUTION,5,0,True,False,58.01,58.3,61.74,,,,NO_BROKER_DATA|GATE_PASS:G1_ZONE:86.8%|GATE_FAIL:G2_BB_WIDE:26.6%|GATE_PASS:G3_LIQ:194.1M|GATE_PASS:G4_REGIME:uptrend|GATE_PASS:G5_NO_OVERHEAD:100.0%|NO_SETUP|scoring_version:v2
2026-05-07,2026-05-07,1582,CAUTION,5,0,True,False,88.26,88.7,112.35,,,,NO_BROKER_DATA|GATE_FAIL:G1_TOO_FAR_BELOW:78.8%|GATE_FAIL:G2_BB_WIDE:26.3%|GATE_PASS:G3_LIQ:646.0M|GATE_PASS:G4_REGIME:uptrend|GATE_PASS:G5_NO_OVERHEAD:100.0%|NO_SETUP|scoring_version:v2
2026-05-07,2026-05-07,1595,CAUTION,5,0,True,False,95.72,96.2,101.01,,,,NO_BROKER_DATA|GATE_PASS:G1_ZONE:95.2%|GATE_FAIL:G2_BB_WIDE:98.4%|GATE_PASS:G3_LIQ:289.4M|GATE_PASS:G4_REGIME:uptrend|GATE_PASS:G5_NO_OVERHEAD:100.0%|NO_SETUP|scoring_version:v2
2026-05-07,2026-05-07,1707,CAUTION,5,0,True,False,111.94,112.5,119.7,,,,NO_BROKER_DATA|GATE_PASS:G1_ZONE:92.2%|GATE_PASS:G2_BB:9.6%|GATE_FAIL:G3_LOW_LIQ:26.0M|LOW_LIQUIDITY:TSE|GATE_PASS:G4_REGIME:uptrend|GATE_PASS:G5_NO_OVERHEAD:98.4%|NO_SETUP|scoring_version:v2
2026-05-07,2026-05-07,1720,CAUTION,5,0,True,False,60.89,61.2,64.26,,,,NO_BROKER_DATA|GATE_PASS:G1_ZONE:95.2%|GATE_PASS:G2_BB:6.7%|GATE_FAIL:G3_LOW_LIQ:17.2M|LOW_LIQUIDITY:TSE|GATE_PASS:G4_REGIME:uptrend|GATE_PASS:G5_NO_OVERHEAD:96.5%|NO_SETUP|scoring_version:v2
2026-05-07,2026-05-07,1734,CAUTION,5,0,True,False,30.6,30.75,33.91,,,,NO_BROKER_DATA|GATE_PASS:G1_ZONE:95.1%|GATE_PASS:G2_BB:4.8%|GATE_FAIL:G3_LOW_LIQ:10.6M|LOW_LIQUIDITY:TSE|GATE_PASS:G4_REGIME:uptrend|GATE_PASS:G5_NO_OVERHEAD:100.0%|NO_SETUP|scoring_version:v2
2026-05-07,2026-05-07,1731,CAUTION,5,0,True,False,21.64,21.75,22.84,,,,NO_BROKER_DATA|GATE_FAIL:G1_ALREADY_BROKE_OUT:99.1%|GATE_PASS:G2_BB:1.4%|GATE_FAIL:G3_LOW_LIQ:2.4M|LOW_LIQUIDITY:TSE|GATE_PASS:G4_REGIME:uptrend|GATE_PASS:G5_NO_OVERHEAD:98.4%|NO_SETUP|scoring_version:v2
2026-05-07,2026-05-07,1733,CAUTION,5,0,True,False,28.11,28.25,31.03,,,,NO_BROKER_DATA|GATE_PASS:G1_ZONE:93.2%|GATE_PASS:G2_BB:8.4%|GATE_FAIL:G3_LOW_LIQ:4.5M|LOW_LIQUIDITY:TSE|GATE_PASS:G4_REGIME:uptrend|GATE_PASS:G5_NO_OVERHEAD:98.1%|NO_SETUP|scoring_version:v2
2026-05-07,2026-05-07,1752,CAUTION,5,0,True,False,33.33,33.5,35.91,,,,NO_BROKER_DATA|GATE_PASS:G1_ZONE:93.1%|GATE_PASS:G2_BB:10.8%|GATE_FAIL:G3_LOW_LIQ:3.0M|LOW_LIQUIDITY:TSE|GATE_PASS:G4_REGIME:uptrend|GATE_PASS:G5_NO_OVERHEAD:93.0%|NO_SETUP|scoring_version:v2
2026-05-07,2026-05-07,1760,CAUTION,5,0,True,False,65.57,65.9,71.61,,,,NO_BROKER_DATA|GATE_PASS:G1_ZONE:86.3%|GATE_PASS:G2_BB:10.8%|GATE_FAIL:G3_LOW_LIQ:29.8M|LOW_LIQUIDITY:TSE|GATE_PASS:G4_REGIME:uptrend|GATE_PASS:G5_NO_OVERHEAD:100.0%|NO_SETUP|scoring_version:v2
2026-05-07,2026-05-07,1762,CAUTION,5,0,True,False,35.07,35.25,37.01,,,,NO_BROKER_DATA|GATE_FAIL:G1_ALREADY_BROKE_OUT:100.0%|GATE_FAIL:G2_BB_WIDE:24.6%|GATE_FAIL:G3_LOW_LIQ:4.1M|LOW_LIQUIDITY:TSE|GATE_PASS:G4_REGIME:uptrend|GATE_PASS:G5_NO_OVERHEAD:100.0%|NO_SETUP|scoring_version:v2
2026-05-07,2026-05-07,1777,CAUTION,5,0,True,False,70.25,70.6,74.45,,,,NO_BROKER_DATA|GATE_PASS:G1_ZONE:97.9%|GATE_PASS:G2_BB:2.0%|GATE_FAIL:G3_LOW_LIQ:2.1M|LOW_LIQUIDITY:TPEx|GATE_PASS:G4_REGIME:uptrend|GATE_PASS:G5_NO_OVERHEAD:97.4%|NO_SETUP|scoring_version:v2
2026-05-07,2026-05-07,1781,CAUTION,5,0,True,False,10.7,10.75,12.02,,,,NO_BROKER_DATA|GATE_PASS:G1_ZONE:89.2%|GATE_PASS:G2_BB:13.2%|GATE_FAIL:G3_LOW_LIQ:0.6M|LOW_LIQUIDITY:TPEx|GATE_PASS:G4_REGIME:uptrend|GATE_PASS:G5_NO_OVERHEAD:87.6%|NO_SETUP|scoring_version:v2
2026-05-07,2026-05-07,1785,CAUTION,5,0,True,False,184.07,185.0,194.25,,,,NO_BROKER_DATA|GATE_FAIL:G1_ALREADY_BROKE_OUT:100.0%|GATE_FAIL:G2_BB_WIDE:50.4%|GATE_PASS:G3_LIQ:4296.4M|GATE_PASS:G4_REGIME:uptrend|GATE_PASS:G5_NO_OVERHEAD:100.0%|NO_SETUP|scoring_version:v2
2026-05-07,2026-05-07,1815,CAUTION,5,0,True,False,109.45,110.0,127.58,,,,NO_BROKER_DATA|GATE_FAIL:G1_TOO_FAR_BELOW:84.9%|GATE_FAIL:G2_BB_WIDE:17.2%|GATE_PASS:G3_LIQ:8730.0M|GATE_PASS:G4_REGIME:uptrend|GATE_PASS:G5_NO_OVERHEAD:100.0%|NO_SETUP|scoring_version:v2
2026-05-07,2026-05-07,2059,CAUTION,5,0,True,False,4815.8,4840.0,5082.0,,,,NO_BROKER_DATA|GATE_FAIL:G1_ALREADY_BROKE_OUT:100.0%|GATE_FAIL:G2_BB_WIDE:40.5%|GATE_PASS:G3_LIQ:3365.0M|GATE_PASS:G4_REGIME:uptrend|GATE_PASS:G5_NO_OVERHEAD:100.0%|NO_SETUP|scoring_version:v2
2026-05-07,2026-05-07,2301,CAUTION,5,0,True,False,202.48,203.5,213.68,,,,NO_BROKER_DATA|GATE_FAIL:G1_ALREADY_BROKE_OUT:100.0%|GATE_FAIL:G2_BB_WIDE:26.1%|GATE_PASS:G3_LIQ:6014.5M|GATE_PASS:G4_REGIME:uptrend|GATE_PASS:G5_NO_OVERHEAD:100.0%|NO_SETUP|scoring_version:v2
2026-05-07,2026-05-07,2302,CAUTION,5,0,True,False,20.05,20.15,21.32,,,,NO_BROKER_DATA|GATE_PASS:G1_ZONE:97.6%|GATE_FAIL:G2_BB_WIDE:16.0%|GATE_FAIL:G3_LOW_LIQ:26.7M|LOW_LIQUIDITY:TSE|GATE_PASS:G4_REGIME:uptrend|GATE_PASS:G5_NO_OVERHEAD:99.5%|NO_SETUP|scoring_version:v2
2026-05-07,2026-05-07,2303,CAUTION,5,0,True,False,96.02,96.5,101.33,,,,NO_BROKER_DATA|GATE_PASS:G1_ZONE:97.7%|GATE_FAIL:G2_BB_WIDE:52.9%|GATE_PASS:G3_LIQ:16997.8M|GATE_PASS:G4_REGIME:uptrend|GATE_PASS:G5_NO_OVERHEAD:100.0%|NO_SETUP|scoring_version:v2
2026-05-07,2026-05-07,2305,CAUTION,5,0,True,False,16.12,16.2,20.79,,,,NO_BROKER_DATA|GATE_FAIL:G1_TOO_FAR_BELOW:80.2%|GATE_FAIL:G2_BB_WIDE:24.5%|GATE_PASS:G3_LIQ:73.3M|GATE_PASS:G4_REGIME:uptrend|GATE_PASS:G5_NO_OVERHEAD:100.0%|NO_SETUP|scoring_version:v2
2026-05-07,2026-05-07,2308,CAUTION,5,0,True,False,2268.6,2280.0,2394.0,,,,NO_BROKER_DATA|GATE_PASS:G1_ZONE:96.2%|GATE_FAIL:G2_BB_WIDE:37.8%|GATE_PASS:G3_LIQ:25827.5M|GATE_PASS:G4_REGIME:uptrend|GATE_PASS:G5_NO_OVERHEAD:100.0%|NO_SETUP|scoring_version:v2
2026-05-07,2026-05-07,2312,CAUTION,5,0,True,False,28.41,28.55,31.61,,,,NO_BROKER_DATA|GATE_PASS:G1_ZONE:89.5%|GATE_FAIL:G2_BB_WIDE:37.5%|GATE_PASS:G3_LIQ:1664.7M|GATE_PASS:G4_REGIME:uptrend|GATE_PASS:G5_NO_OVERHEAD:100.0%|NO_SETUP|scoring_version:v2
2026-05-07,2026-05-07,2313,CAUTION,5,0,True,False,248.25,249.5,288.23,,,,NO_BROKER_DATA|GATE_FAIL:G1_TOO_FAR_BELOW:84.9%|GATE_FAIL:G2_BB_WIDE:29.7%|GATE_PASS:G3_LIQ:20493.1M|GATE_PASS:G4_REGIME:uptrend|GATE_PASS:G5_NO_OVERHEAD:100.0%|NO_SETUP|scoring_version:v2
2026-05-07,2026-05-07,2314,CAUTION,5,0,True,False,12.89,12.95,14.33,,,,NO_BROKER_DATA|GATE_FAIL:G1_TOO_FAR_BELOW:72.3%|GATE_FAIL:G2_BB_WIDE:32.8%|GATE_FAIL:G3_LOW_LIQ:7.9M|LOW_LIQUIDITY:TSE|GATE_PASS:G4_REGIME:uptrend|GATE_FAIL:G5_OVERHEAD:79.7%|NO_SETUP|scoring_version:v2
2026-05-07,2026-05-07,2317,CAUTION,5,0,True,False,252.23,253.5,266.18,,,,NO_BROKER_DATA|GATE_PASS:G1_ZONE:98.3%|GATE_FAIL:G2_BB_WIDE:28.3%|GATE_PASS:G3_LIQ:20117.6M|GATE_PASS:G4_REGIME:uptrend|GATE_PASS:G5_NO_OVERHEAD:100.0%|NO_SETUP|scoring_version:v2
2026-05-07,2026-05-07,2321,CAUTION,5,0,True,False,12.94,13.0,13.97,,,,NO_BROKER_DATA|GATE_PASS:G1_ZONE:89.7%|GATE_FAIL:G2_BB_WIDE:262.0%|GATE_FAIL:G3_LOW_LIQ:0.2M|LOW_LIQUIDITY:TSE|GATE_PASS:G4_REGIME:uptrend|GATE_PASS:G5_NO_OVERHEAD:85.5%|NO_SETUP|scoring_version:v2
2026-05-07,2026-05-07,2324,CAUTION,5,0,True,False,29.3,29.45,34.39,,,,NO_BROKER_DATA|GATE_PASS:G1_ZONE:87.8%|GATE_FAIL:G2_BB_WIDE:15.2%|GATE_PASS:G3_LIQ:1469.1M|GATE_PASS:G4_REGIME:uptrend|GATE_PASS:G5_NO_OVERHEAD:98.4%|NO_SETUP|scoring_version:v2
2026-05-07,2026-05-07,2328,CAUTION,5,0,True,False,53.33,53.6,57.86,,,,NO_BROKER_DATA|GATE_PASS:G1_ZONE:95.2%|GATE_FAIL:G2_BB_WIDE:31.1%|GATE_PASS:G3_LIQ:542.4M|GATE_PASS:G4_REGIME:uptrend|GATE_PASS:G5_NO_OVERHEAD:100.0%|NO_SETUP|scoring_version:v2
2026-05-07,2026-05-07,2329,CAUTION,5,0,True,False,61.99,62.3,65.42,,,,NO_BROKER_DATA|GATE_PASS:G1_ZONE:95.8%|GATE_FAIL:G2_BB_WIDE:20.5%|GATE_PASS:G3_LIQ:1424.5M|GATE_PASS:G4_REGIME:uptrend|GATE_PASS:G5_NO_OVERHEAD:98.0%|NO_SETUP|scoring_version:v2
2026-05-07,2026-05-07,2330,CAUTION,5,0,True,False,2298.45,2310.0,2425.5,,,,NO_BROKER_DATA|GATE_PASS:G1_ZONE:98.5%|GATE_FAIL:G2_BB_WIDE:20.0%|GATE_PASS:G3_LIQ:92984.8M|GATE_PASS:G4_REGIME:uptrend|GATE_PASS:G5_NO_OVERHEAD:100.0%|NO_SETUP|scoring_version:v2
2026-05-07,2026-05-07,2331,CAUTION,5,0,True,False,20.5,20.6,21.63,,,,NO_BROKER_DATA|GATE_PASS:G1_ZONE:92.2%|GATE_PASS:G2_BB:12.1%|GATE_PASS:G3_LIQ:44.7M|GATE_PASS:G4_REGIME:uptrend|GATE_FAIL:G5_OVERHEAD:77.3%|NO_SETUP|scoring_version:v2
2026-05-07,2026-05-07,2332,CAUTION,5,0,True,False,14.13,14.2,14.91,,,,NO_BROKER_DATA|GATE_PASS:G1_ZONE:91.0%|GATE_FAIL:G2_BB_WIDE:16.2%|GATE_PASS:G3_LIQ:51.9M|GATE_PASS:G4_REGIME:uptrend|GATE_PASS:G5_NO_OVERHEAD:95.7%|NO_SETUP|scoring_version:v2
2026-05-07,2026-05-07,2337,CAUTION,5,0,True,False,163.68,164.5,175.35,,,,NO_BROKER_DATA|GATE_PASS:G1_ZONE:93.2%|GATE_FAIL:G2_BB_WIDE:38.4%|GATE_PASS:G3_LIQ:30033.6M|GATE_PASS:G4_REGIME:uptrend|GATE_PASS:G5_NO_OVERHEAD:100.0%|NO_SETUP|scoring_version:v2
2026-05-07,2026-05-07,2338,CAUTION,5,0,True,False,54.03,54.3,57.02,,,,NO_BROKER_DATA|GATE_PASS:G1_ZONE:98.2%|GATE_FAIL:G2_BB_WIDE:20.7%|GATE_PASS:G3_LIQ:377.6M|GATE_PASS:G4_REGIME:uptrend|GATE_PASS:G5_NO_OVERHEAD:93.1%|NO_SETUP|scoring_version:v2
2026-05-07,2026-05-07,2340,CAUTION,5,0,True,False,40.6,40.8,43.79,,,,NO_BROKER_DATA|GATE_PASS:G1_ZONE:88.9%|GATE_FAIL:G2_BB_WIDE:52.9%|GATE_PASS:G3_LIQ:676.6M|GATE_PASS:G4_REGIME:uptrend|GATE_PASS:G5_NO_OVERHEAD:100.0%|NO_SETUP|scoring_version:v2
2026-05-07,2026-05-07,2342,CAUTION,5,0,True,False,45.72,45.95,48.25,,,,NO_BROKER_DATA|GATE_FAIL:G1_ALREADY_BROKE_OUT:100.0%|GATE_FAIL:G2_BB_WIDE:53.7%|GATE_PASS:G3_LIQ:207.3M|GATE_PASS:G4_REGIME:uptrend|GATE_PASS:G5_NO_OVERHEAD:100.0%|NO_SETUP|scoring_version:v2
2026-05-07,2026-05-07,2344,CAUTION,5,0,True,False,113.43,114.0,119.7,,,,NO_BROKER_DATA|GATE_PASS:G1_ZONE:97.4%|GATE_FAIL:G2_BB_WIDE:28.6%|GATE_PASS:G3_LIQ:16120.6M|GATE_PASS:G4_REGIME:uptrend|GATE_PASS:G5_NO_OVERHEAD:86.0%|NO_SETUP|scoring_version:v2
2026-05-07,2026-05-07,2349,CAUTION,5,0,True,False,12.74,12.8,14.86,,,,NO_BROKER_DATA|GATE_PASS:G1_ZONE:88.3%|GATE_FAIL:G2_BB_WIDE:15.9%|GATE_PASS:G3_LIQ:54.9M|GATE_PASS:G4_REGIME:uptrend|GATE_PASS:G5_NO_OVERHEAD:91.8%|NO_SETUP|scoring_version:v2
2026-05-07,2026-05-07,2351,CAUTION,5,0,True,False,165.67,166.5,174.83,,,,NO_BROKER_DATA|GATE_PASS:G1_ZONE:96.5%|GATE_FAIL:G2_BB_WIDE:44.9%|GATE_PASS:G3_LIQ:1545.3M|GATE_PASS:G4_REGIME:uptrend|GATE_PASS:G5_NO_OVERHEAD:100.0%|NO_SETUP|scoring_version:v2
2026-05-07,2026-05-07,2354,CAUTION,5,0,True,False,62.98,63.3,67.52,,,,NO_BROKER_DATA|GATE_PASS:G1_ZONE:96.9%|GATE_FAIL:G2_BB_WIDE:29.5%|GATE_PASS:G3_LIQ:878.3M|GATE_PASS:G4_REGIME:uptrend|GATE_PASS:G5_NO_OVERHEAD:100.0%|NO_SETUP|scoring_version:v2
2026-05-07,2026-05-07,2359,CAUTION,5,0,True,False,119.9,120.5,126.53,,,,NO_BROKER_DATA|GATE_PASS:G1_ZONE:93.4%|GATE_FAIL:G2_BB_WIDE:16.2%|GATE_PASS:G3_LIQ:258.2M|GATE_PASS:G4_REGIME:uptrend|GATE_PASS:G5_NO_OVERHEAD:86.6%|NO_SETUP|scoring_version:v2
2026-05-07,2026-05-07,2360,CAUTION,5,0,True,False,2313.38,2325.0,2441.25,,,,NO_BROKER_DATA|GATE_PASS:G1_ZONE:91.9%|GATE_FAIL:G2_BB_WIDE:32.2%|GATE_PASS:G3_LIQ:10273.4M|GATE_PASS:G4_REGIME:uptrend|GATE_PASS:G5_NO_OVERHEAD:100.0%|NO_SETUP|scoring_version:v2
2026-05-07,2026-05-07,2363,CAUTION,5,0,True,False,57.61,57.9,60.8,,,,NO_BROKER_DATA|GATE_PASS:G1_ZONE:95.1%|GATE_FAIL:G2_BB_WIDE:28.3%|GATE_PASS:G3_LIQ:840.6M|GATE_PASS:G4_REGIME:uptrend|GATE_PASS:G5_NO_OVERHEAD:100.0%|NO_SETUP|scoring_version:v2
2026-05-07,2026-05-07,2362,CAUTION,5,0,True,False,39.75,39.95,41.95,,,,NO_BROKER_DATA|GATE_FAIL:G1_ALREADY_BROKE_OUT:99.9%|GATE_PASS:G2_BB:4.7%|GATE_FAIL:G3_LOW_LIQ:22.4M|LOW_LIQUIDITY:TSE|GATE_PASS:G4_REGIME:uptrend|GATE_PASS:G5_NO_OVERHEAD:99.4%|NO_SETUP|scoring_version:v2
2026-05-07,2026-05-07,2367,CAUTION,5,0,True,False,61.09,61.4,81.38,,,,NO_BROKER_DATA|GATE_FAIL:G1_TOO_FAR_BELOW:75.6%|GATE_FAIL:G2_BB_WIDE:39.3%|GATE_PASS:G3_LIQ:4035.4M|GATE_PASS:G4_REGIME:uptrend|GATE_PASS:G5_NO_OVERHEAD:98.4%|NO_SETUP|scoring_version:v2
2026-05-07,2026-05-07,2368,CAUTION,5,0,True,False,1442.75,1450.0,1522.5,,,,NO_BROKER_DATA|GATE_PASS:G1_ZONE:95.4%|GATE_FAIL:G2_BB_WIDE:42.4%|GATE_PASS:G3_LIQ:7920.6M|GATE_PASS:G4_REGIME:uptrend|GATE_PASS:G5_NO_OVERHEAD:100.0%|NO_SETUP|scoring_version:v2
2026-05-07,2026-05-07,2373,CAUTION,5,0,True,False,56.52,56.8,61.01,,,,NO_BROKER_DATA|GATE_PASS:G1_ZONE:96.3%|GATE_PASS:G2_BB:4.2%|GATE_FAIL:G3_LOW_LIQ:2.6M|LOW_LIQUIDITY:TSE|GATE_PASS:G4_REGIME:uptrend|GATE_PASS:G5_NO_OVERHEAD:100.0%|NO_SETUP|scoring_version:v2
2026-05-07,2026-05-07,2374,CAUTION,5,0,True,False,79.3,79.7,83.69,,,,NO_BROKER_DATA|GATE_PASS:G1_ZONE:95.9%|GATE_FAIL:G2_BB_WIDE:20.6%|GATE_PASS:G3_LIQ:711.6M|GATE_PASS:G4_REGIME:uptrend|GATE_PASS:G5_NO_OVERHEAD:85.1%|NO_SETUP|scoring_version:v2
2026-05-07,2026-05-07,2375,CAUTION,5,0,True,False,90.84,91.3,95.86,,,,NO_BROKER_DATA|GATE_PASS:G1_ZONE:94.6%|GATE_FAIL:G2_BB_WIDE:18.7%|GATE_PASS:G3_LIQ:455.2M|GATE_PASS:G4_REGIME:uptrend|GATE_PASS:G5_NO_OVERHEAD:96.6%|NO_SETUP|scoring_version:v2
2026-05-07,2026-05-07,2377,CAUTION,5,0,True,False,100.5,101.0,106.05,,,,NO_BROKER_DATA|GATE_PASS:G1_ZONE:95.3%|GATE_FAIL:G2_BB_WIDE:16.0%|GATE_PASS:G3_LIQ:1184.2M|GATE_PASS:G4_REGIME:uptrend|GATE_PASS:G5_NO_OVERHEAD:100.0%|NO_SETUP|scoring_version:v2|PERSIST_STABLE:62
2026-05-07,2026-05-07,2383,CAUTION,5,0,True,False,4935.2,4960.0,5208.0,,,,NO_BROKER_DATA|GATE_PASS:G1_ZONE:97.0%|GATE_FAIL:G2_BB_WIDE:51.0%|GATE_PASS:G3_LIQ:14349.4M|GATE_PASS:G4_REGIME:uptrend|GATE_PASS:G5_NO_OVERHEAD:100.0%|NO_SETUP|scoring_version:v2
2026-05-07,2026-05-07,2388,CAUTION,5,0,True,False,75.22,75.6,87.25,,,,NO_BROKER_DATA|GATE_PASS:G1_ZONE:88.5%|GATE_FAIL:G2_BB_WIDE:54.3%|GATE_PASS:G3_LIQ:1530.7M|GATE_PASS:G4_REGIME:uptrend|GATE_PASS:G5_NO_OVERHEAD:100.0%|NO_SETUP|scoring_version:v2
2026-05-07,2026-05-07,2392,CAUTION,5,0,True,False,40.3,40.5,42.52,,,,NO_BROKER_DATA|GATE_PASS:G1_ZONE:98.9%|GATE_FAIL:G2_BB_WIDE:20.8%|GATE_PASS:G3_LIQ:114.7M|GATE_PASS:G4_REGIME:uptrend|GATE_PASS:G5_NO_OVERHEAD:99.9%|NO_SETUP|scoring_version:v2
2026-05-07,2026-05-07,2390,CAUTION,5,0,True,False,9.5,9.55,10.45,,,,NO_BROKER_DATA|GATE_PASS:G1_ZONE:91.8%|GATE_PASS:G2_BB:9.1%|GATE_FAIL:G3_LOW_LIQ:5.4M|LOW_LIQUIDITY:TSE|GATE_PASS:G4_REGIME:uptrend|GATE_PASS:G5_NO_OVERHEAD:88.1%|NO_SETUP|scoring_version:v2
2026-05-07,2026-05-07,2401,CAUTION,5,0,True,False,25.27,25.4,26.67,,,,NO_BROKER_DATA|GATE_PASS:G1_ZONE:95.5%|GATE_FAIL:G2_BB_WIDE:30.0%|GATE_PASS:G3_LIQ:237.0M|GATE_PASS:G4_REGIME:uptrend|GATE_PASS:G5_NO_OVERHEAD:100.0%|NO_SETUP|scoring_version:v2
2026-05-07,2026-05-07,2402,CAUTION,5,0,True,False,69.75,70.1,76.02,,,,NO_BROKER_DATA|GATE_FAIL:G1_TOO_FAR_BELOW:82.5%|GATE_FAIL:G2_BB_WIDE:28.7%|GATE_PASS:G3_LIQ:2180.3M|GATE_PASS:G4_REGIME:uptrend|GATE_PASS:G5_NO_OVERHEAD:100.0%|NO_SETUP|scoring_version:v2
2026-05-07,2026-05-07,2408,CAUTION,5,0,True,False,285.56,287.0,301.35,,,,NO_BROKER_DATA|GATE_PASS:G1_ZONE:97.0%|GATE_FAIL:G2_BB_WIDE:40.6%|GATE_PASS:G3_LIQ:28184.9M|GATE_PASS:G4_REGIME:uptrend|GATE_PASS:G5_NO_OVERHEAD:90.7%|NO_SETUP|scoring_version:v2
2026-05-07,2026-05-07,2406,CAUTION,5,0,True,False,34.73,34.9,36.65,,,,NO_BROKER_DATA|GATE_PASS:G1_ZONE:97.8%|GATE_FAIL:G2_BB_WIDE:21.2%|GATE_PASS:G3_LIQ:340.9M|GATE_PASS:G4_REGIME:uptrend|GATE_PASS:G5_NO_OVERHEAD:89.6%|NO_SETUP|scoring_version:v2
2026-05-07,2026-05-07,2409,CAUTION,5,0,True,False,18.26,18.35,21.05,,,,NO_BROKER_DATA|GATE_FAIL:G1_TOO_FAR_BELOW:84.0%|GATE_FAIL:G2_BB_WIDE:23.3%|GATE_PASS:G3_LIQ:6399.4M|GATE_PASS:G4_REGIME:uptrend|GATE_PASS:G5_NO_OVERHEAD:100.0%|NO_SETUP|scoring_version:v2
2026-05-07,2026-05-07,2414,CAUTION,5,0,True,False,48.06,48.3,50.71,,,,NO_BROKER_DATA|GATE_PASS:G1_ZONE:98.0%|GATE_PASS:G2_BB:9.5%|GATE_FAIL:G3_LOW_LIQ:14.2M|LOW_LIQUIDITY:TSE|GATE_PASS:G4_REGIME:uptrend|GATE_PASS:G5_NO_OVERHEAD:100.0%|NO_SETUP|scoring_version:v2
2026-05-07,2026-05-07,2427,CAUTION,5,0,True,False,21.24,21.35,22.42,,,,NO_BROKER_DATA|GATE_PASS:G1_ZONE:91.4%|GATE_PASS:G2_BB:10.2%|GATE_FAIL:G3_LOW_LIQ:13.2M|LOW_LIQUIDITY:TSE|GATE_PASS:G4_REGIME:uptrend|GATE_FAIL:G5_OVERHEAD:84.8%|NO_SETUP|scoring_version:v2
2026-05-07,2026-05-07,2426,CAUTION,5,0,True,False,73.63,74.0,77.7,,,,NO_BROKER_DATA|GATE_PASS:G1_ZONE:94.1%|GATE_FAIL:G2_BB_WIDE:62.0%|GATE_PASS:G3_LIQ:1240.2M|GATE_PASS:G4_REGIME:uptrend|GATE_PASS:G5_NO_OVERHEAD:100.0%|NO_SETUP|scoring_version:v2
2026-05-07,2026-05-07,2429,CAUTION,5,0,True,False,53.23,53.5,63.95,,,,NO_BROKER_DATA|GATE_PASS:G1_ZONE:87.8%|GATE_FAIL:G2_BB_WIDE:59.5%|GATE_PASS:G3_LIQ:42.0M|GATE_PASS:G4_REGIME:uptrend|GATE_PASS:G5_NO_OVERHEAD:87.1%|NO_SETUP|scoring_version:v2
2026-05-07,2026-05-07,2434,CAUTION,5,0,True,False,32.34,32.5,34.23,,,,NO_BROKER_DATA|GATE_PASS:G1_ZONE:95.7%|GATE_PASS:G2_BB:14.6%|GATE_FAIL:G3_LOW_LIQ:1.3M|LOW_LIQUIDITY:TSE|GATE_PASS:G4_REGIME:uptrend|GATE_PASS:G5_NO_OVERHEAD:100.0%|NO_SETUP|scoring_version:v2
2026-05-07,2026-05-07,2436,CAUTION,5,0,True,False,73.63,74.0,82.22,,,,NO_BROKER_DATA|GATE_PASS:G1_ZONE:87.7%|GATE_FAIL:G2_BB_WIDE:35.4%|GATE_PASS:G3_LIQ:1239.7M|GATE_PASS:G4_REGIME:uptrend|GATE_PASS:G5_NO_OVERHEAD:100.0%|NO_SETUP|scoring_version:v2
2026-05-07,2026-05-07,2438,CAUTION,5,0,True,False,23.18,23.3,24.47,,,,NO_BROKER_DATA|GATE_PASS:G1_ZONE:97.1%|GATE_PASS:G2_BB:14.9%|GATE_FAIL:G3_LOW_LIQ:5.4M|LOW_LIQUIDITY:TSE|GATE_PASS:G4_REGIME:uptrend|GATE_PASS:G5_NO_OVERHEAD:95.8%|NO_SETUP|scoring_version:v2
2026-05-07,2026-05-07,2449,CAUTION,5,0,True,False,337.31,339.0,355.95,,,,NO_BROKER_DATA|GATE_PASS:G1_ZONE:93.0%|GATE_FAIL:G2_BB_WIDE:31.6%|GATE_PASS:G3_LIQ:10426.7M|GATE_PASS:G4_REGIME:uptrend|GATE_PASS:G5_NO_OVERHEAD:100.0%|NO_SETUP|scoring_version:v2
2026-05-07,2026-05-07,2454,CAUTION,5,0,True,False,3402.9,3420.0,3601.5,,,,NO_BROKER_DATA|GATE_PASS:G1_ZONE:98.6%|GATE_FAIL:G2_BB_WIDE:99.0%|GATE_PASS:G3_LIQ:41037.4M|GATE_PASS:G4_REGIME:uptrend|GATE_PASS:G5_NO_OVERHEAD:100.0%|NO_SETUP|scoring_version:v2
2026-05-07,2026-05-07,2453,CAUTION,5,0,True,False,54.73,55.0,58.8,,,,NO_BROKER_DATA|GATE_PASS:G1_ZONE:97.5%|GATE_PASS:G2_BB:6.4%|GATE_FAIL:G3_LOW_LIQ:22.7M|LOW_LIQUIDITY:TSE|GATE_PASS:G4_REGIME:uptrend|GATE_PASS:G5_NO_OVERHEAD:95.8%|NO_SETUP|scoring_version:v2
2026-05-07,2026-05-07,2451,CAUTION,5,0,True,False,300.99,302.5,317.62,,,,NO_BROKER_DATA|GATE_PASS:G1_ZONE:97.0%|GATE_FAIL:G2_BB_WIDE:27.9%|GATE_PASS:G3_LIQ:2849.8M|GATE_PASS:G4_REGIME:uptrend|GATE_PASS:G5_NO_OVERHEAD:93.1%|NO_SETUP|scoring_version:v2
2026-05-07,2026-05-07,2466,CAUTION,5,0,True,False,52.93,53.2,67.09,,,,NO_BROKER_DATA|GATE_FAIL:G1_TOO_FAR_BELOW:79.6%|GATE_FAIL:G2_BB_WIDE:29.8%|GATE_PASS:G3_LIQ:72.9M|GATE_PASS:G4_REGIME:uptrend|GATE_PASS:G5_NO_OVERHEAD:100.0%|NO_SETUP|scoring_version:v2
2026-05-07,2026-05-07,2481,CAUTION,5,0,True,False,102.98,103.5,115.5,,,,NO_BROKER_DATA|GATE_PASS:G1_ZONE:86.6%|GATE_FAIL:G2_BB_WIDE:18.3%|GATE_PASS:G3_LIQ:2689.2M|GATE_PASS:G4_REGIME:uptrend|GATE_PASS:G5_NO_OVERHEAD:100.0%|NO_SETUP|scoring_version:v2
2026-05-07,2026-05-07,2486,CAUTION,5,0,True,False,276.61,278.0,291.9,,,,NO_BROKER_DATA|GATE_PASS:G1_ZONE:87.4%|GATE_FAIL:G2_BB_WIDE:73.3%|GATE_PASS:G3_LIQ:2932.3M|GATE_PASS:G4_REGIME:uptrend|GATE_PASS:G5_NO_OVERHEAD:100.0%|NO_SETUP|scoring_version:v2
2026-05-07,2026-05-07,2489,CAUTION,5,0,True,False,44.03,44.25,47.56,,,,NO_BROKER_DATA|GATE_PASS:G1_ZONE:88.9%|GATE_FAIL:G2_BB_WIDE:26.8%|GATE_PASS:G3_LIQ:2549.0M|GATE_PASS:G4_REGIME:uptrend|GATE_PASS:G5_NO_OVERHEAD:100.0%|NO_SETUP|scoring_version:v2
2026-05-07,2026-05-07,2491,CAUTION,5,0,True,False,19.1,19.2,20.16,,,,NO_BROKER_DATA|GATE_PASS:G1_ZONE:97.0%|GATE_FAIL:G2_BB_WIDE:31.0%|GATE_FAIL:G3_LOW_LIQ:7.0M|LOW_LIQUIDITY:TSE|GATE_PASS:G4_REGIME:uptrend|GATE_PASS:G5_NO_OVERHEAD:100.0%|NO_SETUP|scoring_version:v2
2026-05-07,2026-05-07,3006,CAUTION,5,0,True,False,195.52,196.5,206.33,,,,NO_BROKER_DATA|GATE_PASS:G1_ZONE:93.6%|GATE_FAIL:G2_BB_WIDE:33.8%|GATE_PASS:G3_LIQ:3856.9M|GATE_PASS:G4_REGIME:uptrend|GATE_PASS:G5_NO_OVERHEAD:94.0%|NO_SETUP|scoring_version:v2
2026-05-07,2026-05-07,3008,CAUTION,5,0,True,False,2562.12,2575.0,2735.25,,,,NO_BROKER_DATA|GATE_PASS:G1_ZONE:87.9%|GATE_FAIL:G2_BB_WIDE:20.6%|GATE_PASS:G3_LIQ:5139.2M|GATE_PASS:G4_REGIME:uptrend|GATE_PASS:G5_NO_OVERHEAD:100.0%|NO_SETUP|scoring_version:v2
2026-05-07,2026-05-07,3019,CAUTION,5,0,True,False,142.28,143.0,150.68,,,,NO_BROKER_DATA|GATE_PASS:G1_ZONE:96.0%|GATE_FAIL:G2_BB_WIDE:21.3%|GATE_PASS:G3_LIQ:951.9M|GATE_PASS:G4_REGIME:uptrend|GATE_PASS:G5_NO_OVERHEAD:86.6%|NO_SETUP|scoring_version:v2
2026-05-07,2026-05-07,3024,CAUTION,5,0,True,False,14.53,14.6,15.33,,,,NO_BROKER_DATA|GATE_PASS:G1_ZONE:96.1%|GATE_FAIL:G2_BB_WIDE:53.1%|GATE_PASS:G3_LIQ:58.4M|GATE_PASS:G4_REGIME:uptrend|GATE_PASS:G5_NO_OVERHEAD:100.0%|NO_SETUP|scoring_version:v2
2026-05-07,2026-05-07,3031,CAUTION,5,0,True,False,30.4,30.55,32.71,,,,NO_BROKER_DATA|GATE_PASS:G1_ZONE:86.5%|GATE_FAIL:G2_BB_WIDE:22.7%|GATE_PASS:G3_LIQ:335.6M|GATE_PASS:G4_REGIME:uptrend|GATE_PASS:G5_NO_OVERHEAD:100.0%|NO_SETUP|scoring_version:v2
2026-05-07,2026-05-07,3034,CAUTION,5,0,True,False,450.74,453.0,475.65,,,,NO_BROKER_DATA|GATE_FAIL:G1_ALREADY_BROKE_OUT:100.0%|GATE_PASS:G2_BB:13.9%|GATE_PASS:G3_LIQ:1904.8M|GATE_PASS:G4_REGIME:uptrend|GATE_PASS:G5_NO_OVERHEAD:100.0%|NO_SETUP|scoring_version:v2|PERSIST_STABLE:74
2026-05-07,2026-05-07,3038,CAUTION,5,0,True,False,23.18,23.3,24.47,,,,NO_BROKER_DATA|GATE_PASS:G1_ZONE:96.5%|GATE_FAIL:G2_BB_WIDE:16.7%|GATE_FAIL:G3_LOW_LIQ:13.4M|LOW_LIQUIDITY:TSE|GATE_PASS:G4_REGIME:uptrend|GATE_PASS:G5_NO_OVERHEAD:100.0%|NO_SETUP|scoring_version:v2
2026-05-07,2026-05-07,6279,CAUTION,5,0,True,False,182.09,183.0,192.15,,,,NO_BROKER_DATA|GATE_PASS:G1_ZONE:95.8%|GATE_FAIL:G2_BB_WIDE:64.7%|GATE_PASS:G3_LIQ:2042.5M|GATE_PASS:G4_REGIME:uptrend|GATE_PASS:G5_NO_OVERHEAD:100.0%|NO_SETUP|scoring_version:v2|PERSIST_STABLE:68
2026-05-07,2026-05-07,6411,CAUTION,5,0,True,False,280.09,281.5,332.85,,,,NO_BROKER_DATA|GATE_PASS:G1_ZONE:85.4%|GATE_FAIL:G2_BB_WIDE:49.9%|GATE_PASS:G3_LIQ:2903.8M|GATE_PASS:G4_REGIME:uptrend|GATE_PASS:G5_NO_OVERHEAD:100.0%|NO_SETUP|scoring_version:v2|PERSIST_STABLE:55
2026-05-07,2026-05-07,8112,CAUTION,5,0,True,False,12.29,12.350000381469727,13.12,,,,NO_BROKER_DATA|GATE_PASS:G1_ZONE:86.4%|GATE_FAIL:G2_BB_WIDE:18.2%|GATE_FAIL:G3_LOW_LIQ:0.1M|LOW_LIQUIDITY:TSE|GATE_PASS:G4_REGIME:uptrend|GATE_PASS:G5_NO_OVERHEAD:88.0%|NO_SETUP|scoring_version:v2|PERSIST_STABLE:61
2026-05-07,2026-05-07,8249,CAUTION,5,0,True,False,12.64,12.699999809265137,14.59,,,,NO_BROKER_DATA|GATE_PASS:G1_ZONE:90.4%|GATE_PASS:G2_BB:12.1%|GATE_FAIL:G3_LOW_LIQ:1.2M|LOW_LIQUIDITY:TSE|GATE_PASS:G4_REGIME:uptrend|GATE_PASS:G5_NO_OVERHEAD:92.4%|NO_SETUP|scoring_version:v2|PERSIST_STABLE:56
2026-05-07,2026-05-07,1535,CAUTION,0,0,True,False,50.15,50.4,53.76,,,,NO_BROKER_DATA|GATE_PASS:G1_ZONE:94.9%|GATE_PASS:G2_BB:4.9%|GATE_FAIL:G3_LOW_LIQ:3.6M|LOW_LIQUIDITY:TSE|GATE_PASS:G4_REGIME:uptrend|GATE_PASS:G5_NO_OVERHEAD:95.7%|NO_SETUP|scoring_version:v2
2026-05-07,2026-05-07,1537,CAUTION,0,0,True,False,122.39,123.0,129.68,,,,NO_BROKER_DATA|GATE_PASS:G1_ZONE:98.0%|GATE_PASS:G2_BB:3.1%|GATE_FAIL:G3_LOW_LIQ:9.5M|LOW_LIQUIDITY:TSE|GATE_PASS:G4_REGIME:uptrend|GATE_PASS:G5_NO_OVERHEAD:99.6%|NO_SETUP|scoring_version:v2
2026-05-07,2026-05-07,1538,CAUTION,0,0,True,False,12.14,12.2,12.81,,,,NO_BROKER_DATA|GATE_FAIL:G1_TOO_FAR_BELOW:83.8%|GATE_FAIL:G2_BB_WIDE:200.8%|GATE_FAIL:G3_LOW_LIQ:0.2M|LOW_LIQUIDITY:TSE|GATE_PASS:G4_REGIME:uptrend|GATE_FAIL:G5_OVERHEAD:53.5%|NO_SETUP|scoring_version:v2
2026-05-07,2026-05-07,1539,CAUTION,0,0,True,False,15.72,15.8,17.01,,,,NO_BROKER_DATA|GATE_PASS:G1_ZONE:94.6%|GATE_PASS:G2_BB:5.2%|GATE_FAIL:G3_LOW_LIQ:1.6M|LOW_LIQUIDITY:TSE|GATE_PASS:G4_REGIME:uptrend|GATE_PASS:G5_NO_OVERHEAD:86.8%|NO_SETUP|scoring_version:v2
2026-05-07,2026-05-07,1540,CAUTION,0,0,True,False,21.04,21.15,22.21,,,,NO_BROKER_DATA|GATE_PASS:G1_ZONE:93.6%|GATE_PASS:G2_BB:10.2%|GATE_FAIL:G3_LOW_LIQ:6.8M|LOW_LIQUIDITY:TSE|GATE_PASS:G4_REGIME:uptrend|GATE_PASS:G5_NO_OVERHEAD:85.3%|NO_SETUP|scoring_version:v2
2026-05-07,2026-05-07,1541,CAUTION,0,0,True,False,23.13,23.25,26.09,,,,NO_BROKER_DATA|GATE_PASS:G1_ZONE:86.3%|GATE_PASS:G2_BB:13.9%|GATE_FAIL:G3_LOW_LIQ:1.4M|LOW_LIQUIDITY:TSE|GATE_PASS:G4_REGIME:uptrend|GATE_PASS:G5_NO_OVERHEAD:99.1%|NO_SETUP|scoring_version:v2
2026-05-07,2026-05-07,1558,CAUTION,0,0,True,False,90.84,91.3,95.86,,,,NO_BROKER_DATA|GATE_PASS:G1_ZONE:97.1%|GATE_PASS:G2_BB:4.3%|GATE_FAIL:G3_LOW_LIQ:5.3M|LOW_LIQUIDITY:TSE|GATE_PASS:G4_REGIME:uptrend|GATE_PASS:G5_NO_OVERHEAD:92.2%|NO_SETUP|scoring_version:v2
2026-05-07,2026-05-07,1560,CAUTION,0,0,True,False,574.12,577.0,605.85,,,,NO_BROKER_DATA|GATE_PASS:G1_ZONE:96.0%|GATE_FAIL:G2_BB_WIDE:15.5%|GATE_PASS:G3_LIQ:1523.9M|GATE_PASS:G4_REGIME:uptrend|GATE_PASS:G5_NO_OVERHEAD:100.0%|NO_SETUP|scoring_version:v2
2026-05-07,2026-05-07,1570,CAUTION,0,0,True,False,38.01,38.2,44.47,,,,NO_BROKER_DATA|GATE_PASS:G1_ZONE:85.3%|GATE_FAIL:G2_BB_WIDE:31.5%|GATE_PASS:G3_LIQ:29.7M|GATE_PASS:G4_REGIME:uptrend|GATE_PASS:G5_NO_OVERHEAD:100.0%|NO_SETUP|scoring_version:v2
2026-05-07,2026-05-07,1580,CAUTION,0,0,True,False,124.38,125.0,131.25,,,,NO_BROKER_DATA|GATE_PASS:G1_ZONE:96.2%|GATE_PASS:G2_BB:8.4%|GATE_FAIL:G3_LOW_LIQ:11.1M|LOW_LIQUIDITY:TPEx|GATE_PASS:G4_REGIME:uptrend|GATE_PASS:G5_NO_OVERHEAD:97.7%|NO_SETUP|scoring_version:v2
2026-05-07,2026-05-07,1589,CAUTION,0,0,,True,0.0,0.0,0.0,,,Data unavailable: DATE_NOT_IN_OHLCV,DATE_NOT_IN_OHLCV
2026-05-07,2026-05-07,1583,CAUTION,0,0,True,False,48.21,48.45,50.87,,,,NO_BROKER_DATA|GATE_FAIL:G1_ALREADY_BROKE_OUT:99.1%|GATE_PASS:G2_BB:10.7%|GATE_FAIL:G3_LOW_LIQ:1.2M|LOW_LIQUIDITY:TSE|GATE_PASS:G4_REGIME:uptrend|GATE_PASS:G5_NO_OVERHEAD:96.4%|NO_SETUP|scoring_version:v2
2026-05-07,2026-05-07,1586,CAUTION,0,0,True,False,21.49,21.6,23.89,,,,NO_BROKER_DATA|GATE_PASS:G1_ZONE:91.7%|GATE_PASS:G2_BB:8.8%|GATE_FAIL:G3_LOW_LIQ:7.1M|LOW_LIQUIDITY:TPEx|GATE_PASS:G4_REGIME:uptrend|GATE_PASS:G5_NO_OVERHEAD:88.2%|NO_SETUP|scoring_version:v2
2026-05-07,2026-05-07,1590,CAUTION,0,0,True,False,1482.55,1490.0,1564.5,,,,NO_BROKER_DATA|GATE_PASS:G1_ZONE:94.3%|GATE_FAIL:G2_BB_WIDE:41.8%|GATE_PASS:G3_LIQ:2312.3M|GATE_PASS:G4_REGIME:uptrend|GATE_PASS:G5_NO_OVERHEAD:100.0%|NO_SETUP|scoring_version:v2
2026-05-07,2026-05-07,1591,CAUTION,0,0,True,False,64.28,64.6,67.83,,,,NO_BROKER_DATA|GATE_PASS:G1_ZONE:92.7%|GATE_FAIL:G2_BB_WIDE:30.1%|GATE_PASS:G3_LIQ:106.2M|GATE_PASS:G4_REGIME:uptrend|GATE_PASS:G5_NO_OVERHEAD:100.0%|NO_SETUP|scoring_version:v2
2026-05-07,2026-05-07,1599,CAUTION,0,0,True,False,24.63,24.75,26.72,,,,NO_BROKER_DATA|GATE_PASS:G1_ZONE:90.8%|GATE_PASS:G2_BB:3.5%|GATE_FAIL:G3_LOW_LIQ:1.2M|LOW_LIQUIDITY:TPEx|GATE_PASS:G4_REGIME:uptrend|GATE_PASS:G5_NO_OVERHEAD:89.3%|NO_SETUP|scoring_version:v2
2026-05-07,2026-05-07,1597,CAUTION,0,0,True,False,179.6,180.5,189.53,,,,NO_BROKER_DATA|GATE_PASS:G1_ZONE:95.0%|GATE_FAIL:G2_BB_WIDE:81.1%|GATE_PASS:G3_LIQ:722.4M|GATE_PASS:G4_REGIME:uptrend|GATE_PASS:G5_NO_OVERHEAD:100.0%|NO_SETUP|scoring_version:v2
2026-05-07,2026-05-07,1783,CAUTION,0,0,True,False,39.5,39.7,41.69,,,,NO_BROKER_DATA|GATE_PASS:G1_ZONE:92.6%|GATE_PASS:G2_BB:14.5%|GATE_FAIL:G3_LOW_LIQ:5.8M|LOW_LIQUIDITY:TSE|GATE_PASS:G4_REGIME:uptrend|GATE_PASS:G5_NO_OVERHEAD:91.1%|NO_SETUP|scoring_version:v2
2026-05-07,2026-05-07,1784,CAUTION,0,0,True,False,71.54,71.9,88.52,,,,NO_BROKER_DATA|GATE_FAIL:G1_TOO_FAR_BELOW:84.9%|GATE_FAIL:G2_BB_WIDE:17.5%|GATE_PASS:G3_LIQ:15.0M|GATE_PASS:G4_REGIME:uptrend|GATE_FAIL:G5_OVERHEAD:78.8%|NO_SETUP|scoring_version:v2
2026-05-07,2026-05-07,1786,CAUTION,0,0,True,False,57.31,57.6,63.63,,,,NO_BROKER_DATA|GATE_PASS:G1_ZONE:88.1%|GATE_FAIL:G2_BB_WIDE:18.9%|GATE_FAIL:G3_LOW_LIQ:19.0M|LOW_LIQUIDITY:TSE|GATE_PASS:G4_REGIME:uptrend|GATE_FAIL:G5_OVERHEAD:78.6%|NO_SETUP|scoring_version:v2
2026-05-07,2026-05-07,1788,CAUTION,0,0,True,False,134.32,135.0,141.75,,,,NO_BROKER_DATA|GATE_PASS:G1_ZONE:98.9%|GATE_PASS:G2_BB:1.6%|GATE_FAIL:G3_LOW_LIQ:4.2M|LOW_LIQUIDITY:TPEx|GATE_PASS:G4_REGIME:uptrend|GATE_PASS:G5_NO_OVERHEAD:98.9%|NO_SETUP|scoring_version:v2
2026-05-07,2026-05-07,1789,CAUTION,0,0,True,False,19.85,19.95,22.05,,,,NO_BROKER_DATA|GATE_PASS:G1_ZONE:91.1%|GATE_PASS:G2_BB:10.1%|GATE_FAIL:G3_LOW_LIQ:19.3M|LOW_LIQUIDITY:TSE|GATE_PASS:G4_REGIME:uptrend|GATE_PASS:G5_NO_OVERHEAD:85.0%|NO_SETUP|scoring_version:v2
2026-05-07,2026-05-07,1795,CAUTION,0,0,True,False,231.84,233.0,246.23,,,,NO_BROKER_DATA|GATE_PASS:G1_ZONE:96.5%|GATE_PASS:G2_BB:11.7%|GATE_PASS:G3_LIQ:627.1M|GATE_PASS:G4_REGIME:uptrend|GATE_FAIL:G5_OVERHEAD:65.4%|NO_SETUP|scoring_version:v2
2026-05-07,2026-05-07,1799,CAUTION,0,0,True,False,38.36,38.55,45.68,,,,NO_BROKER_DATA|GATE_PASS:G1_ZONE:85.9%|GATE_FAIL:G2_BB_WIDE:22.1%|GATE_FAIL:G3_LOW_LIQ:10.8M|LOW_LIQUIDITY:TPEx|GATE_PASS:G4_REGIME:uptrend|GATE_PASS:G5_NO_OVERHEAD:100.0%|NO_SETUP|scoring_version:v2
2026-05-07,2026-05-07,1813,CAUTION,0,0,True,False,12.29,12.35,13.12,,,,NO_BROKER_DATA|GATE_PASS:G1_ZONE:90.5%|GATE_FAIL:G2_BB_WIDE:16.3%|GATE_FAIL:G3_LOW_LIQ:0.6M|LOW_LIQUIDITY:TPEx|GATE_PASS:G4_REGIME:uptrend|GATE_PASS:G5_NO_OVERHEAD:99.3%|NO_SETUP|scoring_version:v2
2026-05-07,2026-05-07,2049,CAUTION,0,0,True,False,316.41,318.0,333.9,,,,NO_BROKER_DATA|GATE_PASS:G1_ZONE:94.9%|GATE_FAIL:G2_BB_WIDE:32.3%|GATE_PASS:G3_LIQ:3019.2M|GATE_PASS:G4_REGIME:uptrend|GATE_PASS:G5_NO_OVERHEAD:100.0%|NO_SETUP|scoring_version:v2
2026-05-07,2026-05-07,2066,CAUTION,0,0,True,False,44.38,44.6,48.62,,,,NO_BROKER_DATA|GATE_PASS:G1_ZONE:89.0%|GATE_PASS:G2_BB:11.5%|GATE_FAIL:G3_LOW_LIQ:2.9M|LOW_LIQUIDITY:TPEx|GATE_PASS:G4_REGIME:uptrend|GATE_PASS:G5_NO_OVERHEAD:91.6%|NO_SETUP|scoring_version:v2
2026-05-07,2026-05-07,2070,CAUTION,0,0,True,False,72.24,72.6,76.23,,,,NO_BROKER_DATA|GATE_FAIL:G1_ALREADY_BROKE_OUT:100.0%|GATE_FAIL:G2_BB_WIDE:75.1%|GATE_PASS:G3_LIQ:88.2M|GATE_PASS:G4_REGIME:uptrend|GATE_PASS:G5_NO_OVERHEAD:100.0%|NO_SETUP|scoring_version:v2
2026-05-07,2026-05-07,2230,CAUTION,0,0,True,False,34.87,35.05,36.8,,,,NO_BROKER_DATA|GATE_FAIL:G1_ALREADY_BROKE_OUT:100.0%|GATE_FAIL:G2_BB_WIDE:25.0%|GATE_FAIL:G3_LOW_LIQ:12.0M|LOW_LIQUIDITY:TPEx|GATE_PASS:G4_REGIME:uptrend|GATE_FAIL:G5_OVERHEAD:38.9%|NO_SETUP|scoring_version:v2
2026-05-07,2026-05-07,2067,CAUTION,0,0,True,False,7.0,7.04,8.43,,,,NO_BROKER_DATA|GATE_PASS:G1_ZONE:87.7%|GATE_FAIL:G2_BB_WIDE:17.2%|GATE_FAIL:G3_LOW_LIQ:0.6M|LOW_LIQUIDITY:TPEx|GATE_PASS:G4_REGIME:uptrend|GATE_FAIL:G5_OVERHEAD:74.0%|NO_SETUP|scoring_version:v2
2026-05-07,2026-05-07,2235,CAUTION,0,0,True,False,30.35,30.5,33.86,,,,NO_BROKER_DATA|GATE_PASS:G1_ZONE:89.7%|GATE_FAIL:G2_BB_WIDE:92.2%|GATE_FAIL:G3_LOW_LIQ:0.4M|LOW_LIQUIDITY:TPEx|GATE_PASS:G4_REGIME:uptrend|GATE_PASS:G5_NO_OVERHEAD:90.4%|NO_SETUP|scoring_version:v2
2026-05-07,2026-05-07,2345,CAUTION,0,0,True,False,2547.2,2560.0,2688.0,,,,NO_BROKER_DATA|GATE_PASS:G1_ZONE:97.7%|GATE_FAIL:G2_BB_WIDE:44.4%|GATE_PASS:G3_LIQ:10192.2M|GATE_PASS:G4_REGIME:uptrend|GATE_PASS:G5_NO_OVERHEAD:100.0%|NO_SETUP|scoring_version:v2
2026-05-07,2026-05-07,2364,CAUTION,0,0,True,False,64.97,65.3,68.56,,,,NO_BROKER_DATA|GATE_PASS:G1_ZONE:98.5%|GATE_PASS:G2_BB:4.6%|GATE_FAIL:G3_LOW_LIQ:9.5M|LOW_LIQUIDITY:TSE|GATE_PASS:G4_REGIME:uptrend|GATE_PASS:G5_NO_OVERHEAD:96.6%|NO_SETUP|scoring_version:v2
2026-05-07,2026-05-07,2365,CAUTION,0,0,True,False,36.22,36.4,38.8,,,,NO_BROKER_DATA|GATE_PASS:G1_ZONE:92.2%|GATE_FAIL:G2_BB_WIDE:19.7%|GATE_PASS:G3_LIQ:318.5M|GATE_PASS:G4_REGIME:uptrend|GATE_PASS:G5_NO_OVERHEAD:89.8%|NO_SETUP|scoring_version:v2
2026-05-07,2026-05-07,2371,CAUTION,0,0,True,False,30.7,30.85,33.29,,,,NO_BROKER_DATA|GATE_PASS:G1_ZONE:92.0%|GATE_PASS:G2_BB:10.7%|GATE_PASS:G3_LIQ:523.7M|GATE_PASS:G4_REGIME:uptrend|GATE_FAIL:G5_OVERHEAD:81.8%|NO_SETUP|scoring_version:v2
2026-05-07,2026-05-07,2376,CAUTION,0,0,True,False,307.45,309.0,324.45,,,,NO_BROKER_DATA|GATE_PASS:G1_ZONE:97.6%|GATE_FAIL:G2_BB_WIDE:18.1%|GATE_PASS:G3_LIQ:3281.4M|GATE_PASS:G4_REGIME:uptrend|GATE_PASS:G5_NO_OVERHEAD:100.0%|NO_SETUP|scoring_version:v2
2026-05-07,2026-05-07,2380,CAUTION,0,0,True,False,5.62,5.65,6.39,,,,NO_BROKER_DATA|GATE_PASS:G1_ZONE:91.4%|GATE_FAIL:G2_BB_WIDE:24.6%|GATE_FAIL:G3_LOW_LIQ:1.9M|LOW_LIQUIDITY:TSE|GATE_PASS:G4_REGIME:uptrend|GATE_FAIL:G5_OVERHEAD:84.3%|NO_SETUP|scoring_version:v2
2026-05-07,2026-05-07,2387,CAUTION,0,0,True,False,41.44,41.65,43.73,,,,NO_BROKER_DATA|GATE_PASS:G1_ZONE:97.8%|GATE_PASS:G2_BB:7.1%|GATE_FAIL:G3_LOW_LIQ:30.8M|LOW_LIQUIDITY:TSE|GATE_PASS:G4_REGIME:uptrend|GATE_PASS:G5_NO_OVERHEAD:90.6%|NO_SETUP|scoring_version:v2
2026-05-07,2026-05-07,2395,CAUTION,0,0,True,False,441.78,444.0,466.2,,,,NO_BROKER_DATA|GATE_PASS:G1_ZONE:98.7%|GATE_FAIL:G2_BB_WIDE:26.9%|GATE_PASS:G3_LIQ:1470.5M|GATE_PASS:G4_REGIME:uptrend|GATE_PASS:G5_NO_OVERHEAD:100.0%|NO_SETUP|scoring_version:v2
2026-05-07,2026-05-07,2397,CAUTION,0,0,True,False,59.6,59.9,62.9,,,,NO_BROKER_DATA|GATE_PASS:G1_ZONE:98.8%|GATE_PASS:G2_BB:9.8%|GATE_FAIL:G3_LOW_LIQ:14.5M|LOW_LIQUIDITY:TSE|GATE_PASS:G4_REGIME:uptrend|GATE_PASS:G5_NO_OVERHEAD:96.2%|NO_SETUP|scoring_version:v2
2026-05-07,2026-05-07,2399,CAUTION,0,0,True,False,43.28,43.5,45.83,,,,NO_BROKER_DATA|GATE_PASS:G1_ZONE:92.6%|GATE_FAIL:G2_BB_WIDE:38.7%|GATE_PASS:G3_LIQ:987.8M|GATE_PASS:G4_REGIME:uptrend|GATE_PASS:G5_NO_OVERHEAD:100.0%|NO_SETUP|scoring_version:v2
2026-05-07,2026-05-07,2405,CAUTION,0,0,True,False,15.27,15.35,16.59,,,,NO_BROKER_DATA|GATE_PASS:G1_ZONE:93.3%|GATE_PASS:G2_BB:9.6%|GATE_FAIL:G3_LOW_LIQ:29.2M|LOW_LIQUIDITY:TSE|GATE_PASS:G4_REGIME:uptrend|GATE_PASS:G5_NO_OVERHEAD:93.2%|NO_SETUP|scoring_version:v2
2026-05-07,2026-05-07,2413,CAUTION,0,0,True,False,44.97,45.2,56.28,,,,NO_BROKER_DATA|GATE_FAIL:G1_TOO_FAR_BELOW:82.2%|GATE_FAIL:G2_BB_WIDE:28.5%|GATE_PASS:G3_LIQ:140.6M|GATE_PASS:G4_REGIME:uptrend|GATE_PASS:G5_NO_OVERHEAD:90.2%|NO_SETUP|scoring_version:v2
2026-05-07,2026-05-07,2415,CAUTION,0,0,True,False,27.46,27.6,28.98,,,,NO_BROKER_DATA|GATE_PASS:G1_ZONE:92.2%|GATE_PASS:G2_BB:13.9%|GATE_FAIL:G3_LOW_LIQ:5.6M|LOW_LIQUIDITY:TSE|GATE_PASS:G4_REGIME:uptrend|GATE_PASS:G5_NO_OVERHEAD:95.5%|NO_SETUP|scoring_version:v2
2026-05-07,2026-05-07,2420,CAUTION,0,0,True,False,55.22,55.5,58.28,,,,NO_BROKER_DATA|GATE_PASS:G1_ZONE:97.7%|GATE_PASS:G2_BB:7.0%|GATE_FAIL:G3_LOW_LIQ:19.8M|LOW_LIQUIDITY:TSE|GATE_PASS:G4_REGIME:uptrend|GATE_PASS:G5_NO_OVERHEAD:100.0%|NO_SETUP|scoring_version:v2
2026-05-07,2026-05-07,2419,CAUTION,0,0,True,False,30.55,30.7,39.64,,,,NO_BROKER_DATA|GATE_FAIL:G1_TOO_FAR_BELOW:77.0%|GATE_FAIL:G2_BB_WIDE:30.3%|GATE_PASS:G3_LIQ:311.9M|GATE_PASS:G4_REGIME:uptrend|GATE_PASS:G5_NO_OVERHEAD:100.0%|NO_SETUP|scoring_version:v2
2026-05-07,2026-05-07,2423,CAUTION,0,0,True,False,64.18,64.5,67.73,,,,NO_BROKER_DATA|GATE_PASS:G1_ZONE:92.3%|GATE_FAIL:G2_BB_WIDE:39.4%|GATE_FAIL:G3_LOW_LIQ:25.5M|LOW_LIQUIDITY:TSE|GATE_PASS:G4_REGIME:uptrend|GATE_PASS:G5_NO_OVERHEAD:100.0%|NO_SETUP|scoring_version:v2
2026-05-07,2026-05-07,2424,CAUTION,0,0,True,False,17.41,17.5,25.73,,,,NO_BROKER_DATA|GATE_FAIL:G1_TOO_FAR_BELOW:64.1%|GATE_FAIL:G2_BB_WIDE:37.3%|GATE_FAIL:G3_LOW_LIQ:4.7M|LOW_LIQUIDITY:TSE|GATE_PASS:G4_REGIME:uptrend|GATE_FAIL:G5_OVERHEAD:62.4%|NO_SETUP|scoring_version:v2
2026-05-07,2026-05-07,2417,CAUTION,0,0,True,False,51.34,51.6,54.18,,,,NO_BROKER_DATA|GATE_PASS:G1_ZONE:87.8%|GATE_FAIL:G2_BB_WIDE:48.5%|GATE_PASS:G3_LIQ:191.2M|GATE_PASS:G4_REGIME:uptrend|GATE_PASS:G5_NO_OVERHEAD:100.0%|NO_SETUP|scoring_version:v2
2026-05-07,2026-05-07,2425,CAUTION,0,0,True,False,30.84,31.0,32.87,,,,NO_BROKER_DATA|GATE_PASS:G1_ZONE:94.8%|GATE_FAIL:G2_BB_WIDE:17.8%|GATE_FAIL:G3_LOW_LIQ:17.5M|LOW_LIQUIDITY:TSE|GATE_PASS:G4_REGIME:uptrend|GATE_PASS:G5_NO_OVERHEAD:100.0%|NO_SETUP|scoring_version:v2
2026-05-07,2026-05-07,2430,CAUTION,0,0,True,False,19.8,19.9,20.95,,,,NO_BROKER_DATA|GATE_PASS:G1_ZONE:90.7%|GATE_PASS:G2_BB:14.4%|GATE_FAIL:G3_LOW_LIQ:3.0M|LOW_LIQUIDITY:TSE|GATE_PASS:G4_REGIME:uptrend|GATE_PASS:G5_NO_OVERHEAD:94.0%|NO_SETUP|scoring_version:v2
2026-05-07,2026-05-07,2432,CAUTION,0,0,True,False,27.11,27.25,28.61,,,,NO_BROKER_DATA|GATE_PASS:G1_ZONE:90.5%|GATE_PASS:G2_BB:9.3%|GATE_FAIL:G3_LOW_LIQ:2.8M|LOW_LIQUIDITY:TSE|GATE_PASS:G4_REGIME:uptrend|GATE_PASS:G5_NO_OVERHEAD:100.0%|NO_SETUP|scoring_version:v2
2026-05-07,2026-05-07,2431,CAUTION,0,0,True,False,10.8,10.85,11.87,,,,NO_BROKER_DATA|GATE_PASS:G1_ZONE:91.2%|GATE_PASS:G2_BB:12.1%|GATE_FAIL:G3_LOW_LIQ:6.2M|LOW_LIQUIDITY:TSE|GATE_PASS:G4_REGIME:uptrend|GATE_FAIL:G5_OVERHEAD:67.4%|NO_SETUP|scoring_version:v2
2026-05-07,2026-05-07,2433,CAUTION,0,0,True,False,45.37,45.6,48.3,,,,NO_BROKER_DATA|GATE_PASS:G1_ZONE:98.5%|GATE_PASS:G2_BB:2.4%|GATE_FAIL:G3_LOW_LIQ:1.7M|LOW_LIQUIDITY:TSE|GATE_PASS:G4_REGIME:uptrend|GATE_PASS:G5_NO_OVERHEAD:97.5%|NO_SETUP|scoring_version:v2
2026-05-07,2026-05-07,2444,CAUTION,0,0,True,False,13.78,13.85,14.6,,,,NO_BROKER_DATA|GATE_PASS:G1_ZONE:93.9%|GATE_FAIL:G2_BB_WIDE:19.4%|GATE_FAIL:G3_LOW_LIQ:11.0M|LOW_LIQUIDITY:TSE|GATE_PASS:G4_REGIME:uptrend|GATE_PASS:G5_NO_OVERHEAD:93.7%|NO_SETUP|scoring_version:v2
2026-05-07,2026-05-07,2440,CAUTION,0,0,True,False,17.41,17.5,19.53,,,,NO_BROKER_DATA|GATE_PASS:G1_ZONE:89.7%|GATE_FAIL:G2_BB_WIDE:32.0%|GATE_FAIL:G3_LOW_LIQ:23.4M|LOW_LIQUIDITY:TSE|GATE_PASS:G4_REGIME:uptrend|GATE_PASS:G5_NO_OVERHEAD:100.0%|NO_SETUP|scoring_version:v2
2026-05-07,2026-05-07,2450,CAUTION,0,0,True,False,29.55,29.7,31.24,,,,NO_BROKER_DATA|GATE_PASS:G1_ZONE:97.1%|GATE_PASS:G2_BB:3.3%|GATE_FAIL:G3_LOW_LIQ:6.1M|LOW_LIQUIDITY:TSE|GATE_PASS:G4_REGIME:uptrend|GATE_PASS:G5_NO_OVERHEAD:100.0%|NO_SETUP|scoring_version:v2
2026-05-07,2026-05-07,2455,CAUTION,0,0,True,False,340.29,342.0,372.75,,,,NO_BROKER_DATA|GATE_PASS:G1_ZONE:87.6%|GATE_FAIL:G2_BB_WIDE:37.0%|GATE_PASS:G3_LIQ:3760.2M|GATE_PASS:G4_REGIME:uptrend|GATE_PASS:G5_NO_OVERHEAD:100.0%|NO_SETUP|scoring_version:v2
2026-05-07,2026-05-07,2457,CAUTION,0,0,True,False,25.42,25.55,26.83,,,,NO_BROKER_DATA|GATE_PASS:G1_ZONE:97.1%|GATE_PASS:G2_BB:10.1%|GATE_PASS:G3_LIQ:68.0M|GATE_PASS:G4_REGIME:uptrend|GATE_FAIL:G5_OVERHEAD:80.3%|NO_SETUP|scoring_version:v2
2026-05-07,2026-05-07,2459,CAUTION,0,0,True,False,66.27,66.6,71.82,,,,NO_BROKER_DATA|GATE_PASS:G1_ZONE:96.5%|GATE_PASS:G2_BB:4.7%|GATE_FAIL:G3_LOW_LIQ:10.7M|LOW_LIQUIDITY:TSE|GATE_PASS:G4_REGIME:uptrend|GATE_PASS:G5_NO_OVERHEAD:100.0%|NO_SETUP|scoring_version:v2
2026-05-07,2026-05-07,2460,CAUTION,0,0,True,False,33.48,33.65,40.37,,,,NO_BROKER_DATA|GATE_FAIL:G1_TOO_FAR_BELOW:81.7%|GATE_FAIL:G2_BB_WIDE:31.5%|GATE_PASS:G3_LIQ:114.5M|GATE_PASS:G4_REGIME:uptrend|GATE_PASS:G5_NO_OVERHEAD:100.0%|NO_SETUP|scoring_version:v2
2026-05-07,2026-05-07,2461,CAUTION,0,0,True,False,16.91,17.0,18.17,,,,NO_BROKER_DATA|GATE_PASS:G1_ZONE:92.1%|GATE_PASS:G2_BB:7.5%|GATE_FAIL:G3_LOW_LIQ:15.3M|LOW_LIQUIDITY:TSE|GATE_PASS:G4_REGIME:uptrend|GATE_PASS:G5_NO_OVERHEAD:96.1%|NO_SETUP|scoring_version:v2
2026-05-07,2026-05-07,2462,CAUTION,0,0,True,False,21.14,21.25,23.89,,,,NO_BROKER_DATA|GATE_PASS:G1_ZONE:89.3%|GATE_PASS:G2_BB:12.8%|GATE_FAIL:G3_LOW_LIQ:8.9M|LOW_LIQUIDITY:TSE|GATE_PASS:G4_REGIME:uptrend|GATE_PASS:G5_NO_OVERHEAD:89.5%|NO_SETUP|scoring_version:v2
2026-05-07,2026-05-07,2465,CAUTION,0,0,True,False,85.87,86.3,93.98,,,,NO_BROKER_DATA|GATE_PASS:G1_ZONE:92.0%|GATE_FAIL:G2_BB_WIDE:54.1%|GATE_PASS:G3_LIQ:243.3M|GATE_PASS:G4_REGIME:uptrend|GATE_PASS:G5_NO_OVERHEAD:100.0%|NO_SETUP|scoring_version:v2
2026-05-07,2026-05-07,2464,CAUTION,0,0,True,False,110.44,111.0,120.23,,,,NO_BROKER_DATA|GATE_PASS:G1_ZONE:91.4%|GATE_FAIL:G2_BB_WIDE:74.1%|GATE_PASS:G3_LIQ:1952.3M|GATE_PASS:G4_REGIME:uptrend|GATE_PASS:G5_NO_OVERHEAD:100.0%|NO_SETUP|scoring_version:v2
2026-05-07,2026-05-07,2467,CAUTION,0,0,True,False,551.23,554.0,581.7,,,,NO_BROKER_DATA|GATE_PASS:G1_ZONE:85.4%|GATE_FAIL:G2_BB_WIDE:21.4%|GATE_PASS:G3_LIQ:1718.9M|GATE_PASS:G4_REGIME:uptrend|GATE_PASS:G5_NO_OVERHEAD:100.0%|NO_SETUP|scoring_version:v2
2026-05-07,2026-05-07,2468,CAUTION,0,0,True,False,35.72,35.9,37.7,,,,NO_BROKER_DATA|GATE_PASS:G1_ZONE:97.0%|GATE_PASS:G2_BB:8.2%|GATE_FAIL:G3_LOW_LIQ:11.4M|LOW_LIQUIDITY:TSE|GATE_PASS:G4_REGIME:uptrend|GATE_FAIL:G5_OVERHEAD:84.1%|NO_SETUP|scoring_version:v2
2026-05-07,2026-05-07,2471,CAUTION,0,0,True,False,52.64,52.9,57.54,,,,NO_BROKER_DATA|GATE_PASS:G1_ZONE:95.7%|GATE_PASS:G2_BB:6.7%|GATE_FAIL:G3_LOW_LIQ:13.3M|LOW_LIQUIDITY:TSE|GATE_PASS:G4_REGIME:uptrend|GATE_PASS:G5_NO_OVERHEAD:100.0%|NO_SETUP|scoring_version:v2
2026-05-07,2026-05-07,2474,CAUTION,0,0,True,False,204.97,206.0,243.08,,,,NO_BROKER_DATA|GATE_FAIL:G1_TOO_FAR_BELOW:84.8%|GATE_FAIL:G2_BB_WIDE:22.6%|GATE_PASS:G3_LIQ:1337.3M|GATE_PASS:G4_REGIME:uptrend|GATE_PASS:G5_NO_OVERHEAD:100.0%|NO_SETUP|scoring_version:v2
2026-05-07,2026-05-07,2472,CAUTION,0,0,True,False,200.49,201.5,211.58,,,,NO_BROKER_DATA|GATE_PASS:G1_ZONE:98.3%|GATE_FAIL:G2_BB_WIDE:29.1%|GATE_PASS:G3_LIQ:934.7M|GATE_PASS:G4_REGIME:uptrend|GATE_PASS:G5_NO_OVERHEAD:100.0%|NO_SETUP|scoring_version:v2
2026-05-07,2026-05-07,2476,CAUTION,0,0,True,False,113.93,114.5,127.58,,,,NO_BROKER_DATA|GATE_PASS:G1_ZONE:88.8%|GATE_FAIL:G2_BB_WIDE:24.9%|GATE_PASS:G3_LIQ:895.6M|GATE_PASS:G4_REGIME:uptrend|GATE_PASS:G5_NO_OVERHEAD:100.0%|NO_SETUP|scoring_version:v2
2026-05-07,2026-05-07,2477,CAUTION,0,0,True,False,21.14,21.25,25.73,,,,NO_BROKER_DATA|GATE_PASS:G1_ZONE:85.2%|GATE_FAIL:G2_BB_WIDE:26.7%|GATE_FAIL:G3_LOW_LIQ:7.7M|LOW_LIQUIDITY:TSE|GATE_PASS:G4_REGIME:uptrend|GATE_PASS:G5_NO_OVERHEAD:96.9%|NO_SETUP|scoring_version:v2
2026-05-07,2026-05-07,2478,CAUTION,0,0,True,False,79.7,80.1,84.11,,,,NO_BROKER_DATA|GATE_PASS:G1_ZONE:96.5%|GATE_FAIL:G2_BB_WIDE:27.9%|GATE_PASS:G3_LIQ:325.4M|GATE_PASS:G4_REGIME:uptrend|GATE_PASS:G5_NO_OVERHEAD:100.0%|NO_SETUP|scoring_version:v2
2026-05-07,2026-05-07,2482,CAUTION,0,0,True,False,16.57,16.65,18.59,,,,NO_BROKER_DATA|GATE_PASS:G1_ZONE:91.2%|GATE_PASS:G2_BB:9.4%|GATE_FAIL:G3_LOW_LIQ:3.5M|LOW_LIQUIDITY:TSE|GATE_PASS:G4_REGIME:uptrend|GATE_PASS:G5_NO_OVERHEAD:97.6%|NO_SETUP|scoring_version:v2
2026-05-07,2026-05-07,2483,CAUTION,0,0,True,False,23.58,23.7,24.89,,,,NO_BROKER_DATA|GATE_PASS:G1_ZONE:95.4%|GATE_FAIL:G2_BB_WIDE:15.1%|GATE_FAIL:G3_LOW_LIQ:7.4M|LOW_LIQUIDITY:TSE|GATE_PASS:G4_REGIME:uptrend|GATE_PASS:G5_NO_OVERHEAD:100.0%|NO_SETUP|scoring_version:v2
2026-05-07,2026-05-07,2484,CAUTION,0,0,True,False,44.63,44.85,47.09,,,,NO_BROKER_DATA|GATE_PASS:G1_ZONE:87.6%|GATE_FAIL:G2_BB_WIDE:48.2%|GATE_PASS:G3_LIQ:610.8M|GATE_PASS:G4_REGIME:uptrend|GATE_PASS:G5_NO_OVERHEAD:100.0%|NO_SETUP|scoring_version:v2
2026-05-07,2026-05-07,2485,CAUTION,0,0,True,False,67.36,67.7,72.14,,,,NO_BROKER_DATA|GATE_FAIL:G1_TOO_FAR_BELOW:77.9%|GATE_FAIL:G2_BB_WIDE:39.6%|GATE_PASS:G3_LIQ:3005.4M|GATE_PASS:G4_REGIME:uptrend|GATE_PASS:G5_NO_OVERHEAD:100.0%|NO_SETUP|scoring_version:v2
2026-05-07,2026-05-07,2488,CAUTION,0,0,True,False,51.44,51.7,54.29,,,,NO_BROKER_DATA|GATE_PASS:G1_ZONE:98.1%|GATE_PASS:G2_BB:6.5%|GATE_FAIL:G3_LOW_LIQ:14.8M|LOW_LIQUIDITY:TSE|GATE_PASS:G4_REGIME:uptrend|GATE_PASS:G5_NO_OVERHEAD:100.0%|NO_SETUP|scoring_version:v2
2026-05-07,2026-05-07,2492,CAUTION,0,0,True,False,159.2,160.0,168.0,,,,NO_BROKER_DATA|GATE_FAIL:G1_ALREADY_BROKE_OUT:99.1%|GATE_FAIL:G2_BB_WIDE:26.2%|GATE_PASS:G3_LIQ:2144.3M|GATE_PASS:G4_REGIME:uptrend|GATE_PASS:G5_NO_OVERHEAD:100.0%|NO_SETUP|scoring_version:v2
2026-05-07,2026-05-07,2493,CAUTION,0,0,True,False,140.29,141.0,160.12,,,,NO_BROKER_DATA|GATE_PASS:G1_ZONE:92.5%|GATE_FAIL:G2_BB_WIDE:30.4%|GATE_PASS:G3_LIQ:614.2M|GATE_PASS:G4_REGIME:uptrend|GATE_PASS:G5_NO_OVERHEAD:100.0%|NO_SETUP|scoring_version:v2
2026-05-07,2026-05-07,2495,CAUTION,0,0,True,False,40.65,40.85,43.16,,,,NO_BROKER_DATA|GATE_PASS:G1_ZONE:88.8%|GATE_FAIL:G2_BB_WIDE:21.7%|GATE_PASS:G3_LIQ:567.6M|GATE_PASS:G4_REGIME:uptrend|GATE_PASS:G5_NO_OVERHEAD:100.0%|NO_SETUP|scoring_version:v2
2026-05-07,2026-05-07,3002,CAUTION,0,0,True,False,18.01,18.1,20.74,,,,NO_BROKER_DATA|GATE_PASS:G1_ZONE:85.4%|GATE_PASS:G2_BB:11.1%|GATE_FAIL:G3_LOW_LIQ:5.0M|LOW_LIQUIDITY:TSE|GATE_PASS:G4_REGIME:uptrend|GATE_PASS:G5_NO_OVERHEAD:93.0%|NO_SETUP|scoring_version:v2
2026-05-07,2026-05-07,3005,CAUTION,0,0,True,False,98.6,99.1,106.05,,,,NO_BROKER_DATA|GATE_PASS:G1_ZONE:95.7%|GATE_PASS:G2_BB:5.7%|GATE_PASS:G3_LIQ:421.9M|GATE_PASS:G4_REGIME:uptrend|GATE_FAIL:G5_OVERHEAD:74.2%|NO_SETUP|scoring_version:v2
2026-05-07,2026-05-07,3013,CAUTION,0,0,True,False,104.47,105.0,127.05,,,,NO_BROKER_DATA|GATE_FAIL:G1_TOO_FAR_BELOW:83.3%|GATE_FAIL:G2_BB_WIDE:17.0%|GATE_PASS:G3_LIQ:542.1M|GATE_PASS:G4_REGIME:uptrend|GATE_PASS:G5_NO_OVERHEAD:100.0%|NO_SETUP|scoring_version:v2
2026-05-07,2026-05-07,3011,CAUTION,0,0,True,False,13.53,13.6,15.49,,,,NO_BROKER_DATA|GATE_FAIL:G1_TOO_FAR_BELOW:84.7%|GATE_FAIL:G2_BB_WIDE:19.5%|GATE_FAIL:G3_LOW_LIQ:23.0M|LOW_LIQUIDITY:TSE|GATE_PASS:G4_REGIME:uptrend|GATE_PASS:G5_NO_OVERHEAD:100.0%|NO_SETUP|scoring_version:v2
2026-05-07,2026-05-07,3015,CAUTION,0,0,True,False,51.04,51.3,53.87,,,,NO_BROKER_DATA|GATE_PASS:G1_ZONE:98.1%|GATE_PASS:G2_BB:4.6%|GATE_FAIL:G3_LOW_LIQ:16.5M|LOW_LIQUIDITY:TSE|GATE_PASS:G4_REGIME:uptrend|GATE_PASS:G5_NO_OVERHEAD:92.9%|NO_SETUP|scoring_version:v2
2026-05-07,2026-05-07,3017,CAUTION,0,0,True,False,2402.93,2415.0,2535.75,,,,NO_BROKER_DATA|GATE_FAIL:G1_TOO_FAR_BELOW:80.2%|GATE_FAIL:G2_BB_WIDE:36.7%|GATE_PASS:G3_LIQ:13678.8M|GATE_PASS:G4_REGIME:uptrend|GATE_PASS:G5_NO_OVERHEAD:100.0%|NO_SETUP|scoring_version:v2
2026-05-07,2026-05-07,3018,CAUTION,0,0,True,False,10.4,10.45,11.45,,,,NO_BROKER_DATA|GATE_PASS:G1_ZONE:92.9%|GATE_FAIL:G2_BB_WIDE:92.1%|GATE_FAIL:G3_LOW_LIQ:0.4M|LOW_LIQUIDITY:TSE|GATE_PASS:G4_REGIME:uptrend|GATE_FAIL:G5_OVERHEAD:82.1%|NO_SETUP|scoring_version:v2
2026-05-07,2026-05-07,3016,CAUTION,0,0,True,False,117.91,118.5,124.43,,,,NO_BROKER_DATA|GATE_PASS:G1_ZONE:97.9%|GATE_FAIL:G2_BB_WIDE:101.3%|GATE_PASS:G3_LIQ:543.8M|GATE_PASS:G4_REGIME:uptrend|GATE_PASS:G5_NO_OVERHEAD:100.0%|NO_SETUP|scoring_version:v2
2026-05-07,2026-05-07,3021,CAUTION,0,0,True,False,16.17,16.25,17.06,,,,NO_BROKER_DATA|GATE_PASS:G1_ZONE:92.6%|GATE_PASS:G2_BB:7.6%|GATE_FAIL:G3_LOW_LIQ:3.1M|LOW_LIQUIDITY:TSE|GATE_PASS:G4_REGIME:uptrend|GATE_PASS:G5_NO_OVERHEAD:95.9%|NO_SETUP|scoring_version:v2
2026-05-07,2026-05-07,3026,CAUTION,0,0,True,False,298.5,300.0,315.0,,,,NO_BROKER_DATA|GATE_FAIL:G1_ALREADY_BROKE_OUT:100.0%|GATE_FAIL:G2_BB_WIDE:43.3%|GATE_PASS:G3_LIQ:2283.4M|GATE_PASS:G4_REGIME:uptrend|GATE_PASS:G5_NO_OVERHEAD:100.0%|NO_SETUP|scoring_version:v2
2026-05-07,2026-05-07,3022,CAUTION,0,0,True,False,74.92,75.3,79.06,,,,NO_BROKER_DATA|GATE_PASS:G1_ZONE:98.4%|GATE_FAIL:G2_BB_WIDE:16.6%|GATE_PASS:G3_LIQ:83.3M|GATE_PASS:G4_REGIME:uptrend|GATE_PASS:G5_NO_OVERHEAD:100.0%|NO_SETUP|scoring_version:v2
2026-05-07,2026-05-07,3027,CAUTION,0,0,True,False,19.0,19.1,21.16,,,,NO_BROKER_DATA|GATE_PASS:G1_ZONE:94.3%|GATE_PASS:G2_BB:12.0%|GATE_FAIL:G3_LOW_LIQ:7.8M|LOW_LIQUIDITY:TSE|GATE_PASS:G4_REGIME:uptrend|GATE_FAIL:G5_OVERHEAD:78.0%|NO_SETUP|scoring_version:v2
2026-05-07,2026-05-07,3028,CAUTION,0,0,True,False,75.62,76.0,79.8,,,,NO_BROKER_DATA|GATE_PASS:G1_ZONE:93.3%|GATE_FAIL:G2_BB_WIDE:31.2%|GATE_PASS:G3_LIQ:492.3M|GATE_PASS:G4_REGIME:uptrend|GATE_PASS:G5_NO_OVERHEAD:100.0%|NO_SETUP|scoring_version:v2
2026-05-07,2026-05-07,3030,CAUTION,0,0,True,False,415.41,417.5,438.38,,,,NO_BROKER_DATA|GATE_PASS:G1_ZONE:95.9%|GATE_FAIL:G2_BB_WIDE:45.8%|GATE_PASS:G3_LIQ:2887.8M|GATE_PASS:G4_REGIME:uptrend|GATE_PASS:G5_NO_OVERHEAD:100.0%|NO_SETUP|scoring_version:v2
2026-05-07,2026-05-07,3032,CAUTION,0,0,True,False,71.34,71.7,75.29,,,,NO_BROKER_DATA|GATE_PASS:G1_ZONE:98.2%|GATE_FAIL:G2_BB_WIDE:15.0%|GATE_PASS:G3_LIQ:48.0M|GATE_PASS:G4_REGIME:uptrend|GATE_PASS:G5_NO_OVERHEAD:95.7%|NO_SETUP|scoring_version:v2
2026-05-07,2026-05-07,3033,CAUTION,0,0,True,False,42.69,42.9,45.05,,,,NO_BROKER_DATA|GATE_PASS:G1_ZONE:94.7%|GATE_FAIL:G2_BB_WIDE:29.0%|GATE_PASS:G3_LIQ:406.7M|GATE_PASS:G4_REGIME:uptrend|GATE_PASS:G5_NO_OVERHEAD:100.0%|NO_SETUP|scoring_version:v2
2026-05-07,2026-05-07,3036,CAUTION,0,0,True,False,217.91,219.0,229.95,,,,NO_BROKER_DATA|GATE_PASS:G1_ZONE:92.0%|GATE_FAIL:G2_BB_WIDE:19.8%|GATE_PASS:G3_LIQ:1828.5M|GATE_PASS:G4_REGIME:uptrend|GATE_PASS:G5_NO_OVERHEAD:92.6%|NO_SETUP|scoring_version:v2
2026-05-07,2026-05-07,3035,CAUTION,0,0,True,False,180.09,181.0,195.83,,,,NO_BROKER_DATA|GATE_PASS:G1_ZONE:91.2%|GATE_FAIL:G2_BB_WIDE:30.0%|GATE_PASS:G3_LIQ:2486.2M|GATE_PASS:G4_REGIME:uptrend|GATE_PASS:G5_NO_OVERHEAD:100.0%|NO_SETUP|scoring_version:v2
2026-05-07,2026-05-07,3037,CAUTION,0,0,True,False,891.52,896.0,940.8,,,,NO_BROKER_DATA|GATE_PASS:G1_ZONE:94.5%|GATE_FAIL:G2_BB_WIDE:57.8%|GATE_PASS:G3_LIQ:17851.2M|GATE_PASS:G4_REGIME:uptrend|GATE_PASS:G5_NO_OVERHEAD:100.0%|NO_SETUP|scoring_version:v2
2026-05-07,2026-05-07,3041,CAUTION,0,0,True,False,24.53,24.65,26.36,,,,NO_BROKER_DATA|GATE_PASS:G1_ZONE:91.6%|GATE_FAIL:G2_BB_WIDE:19.4%|GATE_PASS:G3_LIQ:49.7M|GATE_PASS:G4_REGIME:uptrend|GATE_PASS:G5_NO_OVERHEAD:97.8%|NO_SETUP|scoring_version:v2
2026-05-07,2026-05-07,3043,CAUTION,0,0,True,False,19.8,19.9,23.42,,,,NO_BROKER_DATA|GATE_PASS:G1_ZONE:86.5%|GATE_FAIL:G2_BB_WIDE:17.8%|GATE_FAIL:G3_LOW_LIQ:3.4M|LOW_LIQUIDITY:TSE|GATE_PASS:G4_REGIME:uptrend|GATE_PASS:G5_NO_OVERHEAD:95.0%|NO_SETUP|scoring_version:v2
2026-05-07,2026-05-07,3042,CAUTION,0,0,True,False,162.19,163.0,171.15,,,,NO_BROKER_DATA|GATE_PASS:G1_ZONE:93.7%|GATE_FAIL:G2_BB_WIDE:45.3%|GATE_PASS:G3_LIQ:1692.3M|GATE_PASS:G4_REGIME:uptrend|GATE_PASS:G5_NO_OVERHEAD:100.0%|NO_SETUP|scoring_version:v2
2026-05-07,2026-05-07,3044,CAUTION,0,0,True,False,497.5,500.0,525.0,,,,NO_BROKER_DATA|GATE_PASS:G1_ZONE:97.5%|GATE_FAIL:G2_BB_WIDE:37.2%|GATE_PASS:G3_LIQ:2664.2M|GATE_PASS:G4_REGIME:uptrend|GATE_PASS:G5_NO_OVERHEAD:100.0%|NO_SETUP|scoring_version:v2
2026-05-07,2026-05-07,3046,CAUTION,0,0,True,False,49.4,49.65,52.13,,,,NO_BROKER_DATA|GATE_PASS:G1_ZONE:98.3%|GATE_PASS:G2_BB:5.4%|GATE_FAIL:G3_LOW_LIQ:9.4M|LOW_LIQUIDITY:TSE|GATE_PASS:G4_REGIME:uptrend|GATE_PASS:G5_NO_OVERHEAD:93.7%|NO_SETUP|scoring_version:v2
2026-05-07,2026-05-07,3047,CAUTION,0,0,True,False,14.68,14.75,17.22,,,,NO_BROKER_DATA|GATE_PASS:G1_ZONE:88.9%|GATE_FAIL:G2_BB_WIDE:15.5%|GATE_FAIL:G3_LOW_LIQ:18.7M|LOW_LIQUIDITY:TSE|GATE_PASS:G4_REGIME:uptrend|GATE_PASS:G5_NO_OVERHEAD:86.2%|NO_SETUP|scoring_version:v2
2026-05-07,2026-05-07,3049,CAUTION,0,0,True,False,13.03,13.1,14.49,,,,NO_BROKER_DATA|GATE_PASS:G1_ZONE:88.5%|GATE_FAIL:G2_BB_WIDE:22.4%|GATE_PASS:G3_LIQ:158.8M|GATE_PASS:G4_REGIME:uptrend|GATE_FAIL:G5_OVERHEAD:82.2%|NO_SETUP|scoring_version:v2
2026-05-07,2026-05-07,3050,CAUTION,0,0,True,False,12.44,12.5,13.12,,,,NO_BROKER_DATA|GATE_PASS:G1_ZONE:91.9%|GATE_PASS:G2_BB:14.8%|GATE_FAIL:G3_LOW_LIQ:9.2M|LOW_LIQUIDITY:TSE|GATE_PASS:G4_REGIME:uptrend|GATE_PASS:G5_NO_OVERHEAD:91.6%|NO_SETUP|scoring_version:v2
2026-05-07,2026-05-07,3051,CAUTION,0,0,True,False,27.01,27.15,30.87,,,,NO_BROKER_DATA|GATE_PASS:G1_ZONE:88.3%|GATE_FAIL:G2_BB_WIDE:54.3%|GATE_PASS:G3_LIQ:173.9M|GATE_PASS:G4_REGIME:uptrend|GATE_PASS:G5_NO_OVERHEAD:100.0%|NO_SETUP|scoring_version:v2
2026-05-07,2026-05-07,3055,CAUTION,0,0,True,False,86.56,87.0,91.35,,,,NO_BROKER_DATA|GATE_PASS:G1_ZONE:96.7%|GATE_FAIL:G2_BB_WIDE:48.1%|GATE_PASS:G3_LIQ:127.2M|GATE_PASS:G4_REGIME:uptrend|GATE_PASS:G5_NO_OVERHEAD:100.0%|NO_SETUP|scoring_version:v2
2026-05-07,2026-05-07,3057,CAUTION,0,0,True,False,21.19,21.3,22.37,,,,NO_BROKER_DATA|GATE_PASS:G1_ZONE:95.5%|GATE_FAIL:G2_BB_WIDE:27.8%|GATE_FAIL:G3_LOW_LIQ:13.9M|LOW_LIQUIDITY:TSE|GATE_PASS:G4_REGIME:uptrend|GATE_PASS:G5_NO_OVERHEAD:100.0%|NO_SETUP|scoring_version:v2
2026-05-07,2026-05-07,3058,CAUTION,0,0,True,False,8.36,8.4,9.45,,,,NO_BROKER_DATA|GATE_PASS:G1_ZONE:88.9%|GATE_PASS:G2_BB:13.1%|GATE_FAIL:G3_LOW_LIQ:9.0M|LOW_LIQUIDITY:TSE|GATE_PASS:G4_REGIME:uptrend|GATE_PASS:G5_NO_OVERHEAD:86.3%|NO_SETUP|scoring_version:v2
2026-05-07,2026-05-07,3059,CAUTION,0,0,True,False,40.1,40.3,42.31,,,,NO_BROKER_DATA|GATE_PASS:G1_ZONE:95.3%|GATE_FAIL:G2_BB_WIDE:17.0%|GATE_PASS:G3_LIQ:160.0M|GATE_PASS:G4_REGIME:uptrend|GATE_PASS:G5_NO_OVERHEAD:98.0%|NO_SETUP|scoring_version:v2
2026-05-07,2026-05-07,3066,CAUTION,0,0,True,False,18.56,18.65,21.84,,,,NO_BROKER_DATA|GATE_FAIL:G1_TOO_FAR_BELOW:79.5%|GATE_FAIL:G2_BB_WIDE:25.9%|GATE_PASS:G3_LIQ:20.1M|GATE_PASS:G4_REGIME:uptrend|GATE_PASS:G5_NO_OVERHEAD:93.1%|NO_SETUP|scoring_version:v2
2026-05-07,2026-05-07,3062,CAUTION,0,0,True,False,26.42,26.55,33.44,,,,NO_BROKER_DATA|GATE_FAIL:G1_TOO_FAR_BELOW:79.5%|GATE_FAIL:G2_BB_WIDE:34.4%|GATE_PASS:G3_LIQ:381.9M|GATE_PASS:G4_REGIME:uptrend|GATE_PASS:G5_NO_OVERHEAD:97.9%|NO_SETUP|scoring_version:v2
2026-05-07,2026-05-07,3060,CAUTION,0,0,True,False,28.76,28.9,33.02,,,,NO_BROKER_DATA|GATE_PASS:G1_ZONE:88.7%|GATE_FAIL:G2_BB_WIDE:18.2%|GATE_PASS:G3_LIQ:83.5M|GATE_PASS:G4_REGIME:uptrend|GATE_FAIL:G5_OVERHEAD:84.7%|NO_SETUP|scoring_version:v2
2026-05-07,2026-05-07,3067,CAUTION,0,0,True,False,17.46,17.55,20.42,,,,NO_BROKER_DATA|GATE_FAIL:G1_TOO_FAR_BELOW:83.2%|GATE_FAIL:G2_BB_WIDE:134.5%|GATE_FAIL:G3_LOW_LIQ:0.3M|LOW_LIQUIDITY:TPEx|GATE_PASS:G4_REGIME:uptrend|GATE_PASS:G5_NO_OVERHEAD:100.0%|NO_SETUP|scoring_version:v2
2026-05-07,2026-05-07,3071,CAUTION,0,0,True,False,30.05,30.2,35.07,,,,NO_BROKER_DATA|GATE_PASS:G1_ZONE:85.1%|GATE_FAIL:G2_BB_WIDE:16.5%|GATE_PASS:G3_LIQ:51.7M|GATE_PASS:G4_REGIME:uptrend|GATE_PASS:G5_NO_OVERHEAD:100.0%|NO_SETUP|scoring_version:v2
2026-05-07,2026-05-07,3088,CAUTION,0,0,True,False,123.38,124.0,130.2,,,,NO_BROKER_DATA|GATE_PASS:G1_ZONE:98.4%|GATE_FAIL:G2_BB_WIDE:39.1%|GATE_PASS:G3_LIQ:236.5M|GATE_PASS:G4_REGIME:uptrend|GATE_PASS:G5_NO_OVERHEAD:100.0%|NO_SETUP|scoring_version:v2
2026-05-07,2026-05-07,3081,CAUTION,0,0,True,False,2646.7,2660.0,2793.0,,,,NO_BROKER_DATA|GATE_FAIL:G1_TOO_FAR_BELOW:80.5%|GATE_FAIL:G2_BB_WIDE:40.8%|GATE_PASS:G3_LIQ:9444.1M|GATE_PASS:G4_REGIME:uptrend|GATE_PASS:G5_NO_OVERHEAD:100.0%|NO_SETUP|scoring_version:v2
2026-05-07,2026-05-07,3090,CAUTION,0,0,True,False,115.42,116.0,121.8,,,,NO_BROKER_DATA|GATE_FAIL:G1_ALREADY_BROKE_OUT:100.0%|GATE_FAIL:G2_BB_WIDE:20.6%|GATE_PASS:G3_LIQ:829.3M|GATE_PASS:G4_REGIME:uptrend|GATE_PASS:G5_NO_OVERHEAD:100.0%|NO_SETUP|scoring_version:v2
2026-05-07,2026-05-07,3092,CAUTION,0,0,True,False,31.84,32.0,36.33,,,,NO_BROKER_DATA|GATE_FAIL:G1_TOO_FAR_BELOW:82.8%|GATE_FAIL:G2_BB_WIDE:23.4%|GATE_PASS:G3_LIQ:48.6M|GATE_PASS:G4_REGIME:uptrend|GATE_PASS:G5_NO_OVERHEAD:95.4%|NO_SETUP|scoring_version:v2
2026-05-07,2026-05-07,3094,CAUTION,0,0,True,False,33.18,33.35,35.02,,,,NO_BROKER_DATA|GATE_FAIL:G1_ALREADY_BROKE_OUT:100.0%|GATE_FAIL:G2_BB_WIDE:39.8%|GATE_PASS:G3_LIQ:57.9M|GATE_PASS:G4_REGIME:uptrend|GATE_PASS:G5_NO_OVERHEAD:100.0%|NO_SETUP|scoring_version:v2
2026-05-07,2026-05-07,3105,CAUTION,0,0,True,False,497.5,500.0,647.85,,,,NO_BROKER_DATA|GATE_FAIL:G1_TOO_FAR_BELOW:78.5%|GATE_FAIL:G2_BB_WIDE:39.3%|GATE_PASS:G3_LIQ:19787.0M|GATE_PASS:G4_REGIME:uptrend|GATE_PASS:G5_NO_OVERHEAD:100.0%|NO_SETUP|scoring_version:v2
2026-05-07,2026-05-07,3095,CAUTION,0,0,True,False,43.78,44.0,46.2,,,,NO_BROKER_DATA|GATE_PASS:G1_ZONE:97.8%|GATE_FAIL:G2_BB_WIDE:44.2%|GATE_FAIL:G3_LOW_LIQ:2.0M|LOW_LIQUIDITY:TPEx|GATE_PASS:G4_REGIME:uptrend|GATE_PASS:G5_NO_OVERHEAD:100.0%|NO_SETUP|scoring_version:v2
2026-05-07,2026-05-07,3114,CAUTION,0,0,True,False,26.02,26.15,28.51,,,,NO_BROKER_DATA|GATE_PASS:G1_ZONE:95.1%|GATE_PASS:G2_BB:5.8%|GATE_FAIL:G3_LOW_LIQ:3.6M|LOW_LIQUIDITY:TPEx|GATE_PASS:G4_REGIME:uptrend|GATE_PASS:G5_NO_OVERHEAD:100.0%|NO_SETUP|scoring_version:v2
2026-05-07,2026-05-07,3115,CAUTION,0,0,True,False,9.7,9.75,10.24,,,,NO_BROKER_DATA|GATE_PASS:G1_ZONE:87.1%|GATE_FAIL:G2_BB_WIDE:16.7%|GATE_FAIL:G3_LOW_LIQ:0.3M|LOW_LIQUIDITY:TPEx|GATE_PASS:G4_REGIME:uptrend|GATE_PASS:G5_NO_OVERHEAD:100.0%|NO_SETUP|scoring_version:v2
2026-05-07,2026-05-07,3118,CAUTION,0,0,True,False,33.53,33.7,35.39,,,,NO_BROKER_DATA|GATE_PASS:G1_ZONE:97.1%|GATE_PASS:G2_BB:1.2%|GATE_FAIL:G3_LOW_LIQ:0.9M|LOW_LIQUIDITY:TPEx|GATE_PASS:G4_REGIME:uptrend|GATE_PASS:G5_NO_OVERHEAD:100.0%|NO_SETUP|scoring_version:v2
2026-05-07,2026-05-07,3122,CAUTION,0,0,True,False,39.7,39.9,41.9,,,,NO_BROKER_DATA|GATE_FAIL:G1_ALREADY_BROKE_OUT:100.0%|GATE_FAIL:G2_BB_WIDE:59.0%|GATE_PASS:G3_LIQ:34.2M|GATE_PASS:G4_REGIME:uptrend|GATE_PASS:G5_NO_OVERHEAD:100.0%|NO_SETUP|scoring_version:v2
2026-05-07,2026-05-07,3128,CAUTION,0,0,True,False,23.63,23.75,26.04,,,,NO_BROKER_DATA|GATE_PASS:G1_ZONE:91.9%|GATE_PASS:G2_BB:7.6%|GATE_FAIL:G3_LOW_LIQ:3.5M|LOW_LIQUIDITY:TPEx|GATE_PASS:G4_REGIME:uptrend|GATE_PASS:G5_NO_OVERHEAD:90.5%|NO_SETUP|scoring_version:v2
2026-05-07,2026-05-07,3131,CAUTION,0,0,True,False,3104.4,3120.0,3276.0,,,,NO_BROKER_DATA|GATE_PASS:G1_ZONE:86.1%|GATE_FAIL:G2_BB_WIDE:21.9%|GATE_PASS:G3_LIQ:3322.1M|GATE_PASS:G4_REGIME:uptrend|GATE_PASS:G5_NO_OVERHEAD:100.0%|NO_SETUP|scoring_version:v2
2026-05-07,2026-05-07,3135,CAUTION,0,0,True,False,168.65,169.5,177.97,,,,NO_BROKER_DATA|GATE_PASS:G1_ZONE:96.3%|GATE_FAIL:G2_BB_WIDE:53.6%|GATE_PASS:G3_LIQ:993.2M|GATE_PASS:G4_REGIME:uptrend|GATE_PASS:G5_NO_OVERHEAD:100.0%|NO_SETUP|scoring_version:v2
2026-05-07,2026-05-07,3138,CAUTION,0,0,True,False,154.22,155.0,201.6,,,,NO_BROKER_DATA|GATE_FAIL:G1_TOO_FAR_BELOW:73.8%|GATE_FAIL:G2_BB_WIDE:33.2%|GATE_PASS:G3_LIQ:627.1M|GATE_PASS:G4_REGIME:uptrend|GATE_PASS:G5_NO_OVERHEAD:87.9%|NO_SETUP|scoring_version:v2
2026-05-07,2026-05-07,3147,CAUTION,0,0,True,False,175.62,176.5,193.2,,,,NO_BROKER_DATA|GATE_PASS:G1_ZONE:92.7%|GATE_FAIL:G2_BB_WIDE:18.2%|GATE_PASS:G3_LIQ:72.4M|GATE_PASS:G4_REGIME:uptrend|GATE_PASS:G5_NO_OVERHEAD:93.8%|NO_SETUP|scoring_version:v2
2026-05-07,2026-05-07,3149,CAUTION,0,0,True,False,50.65,50.9,53.45,,,,NO_BROKER_DATA|GATE_PASS:G1_ZONE:94.8%|GATE_FAIL:G2_BB_WIDE:28.5%|GATE_PASS:G3_LIQ:407.3M|GATE_PASS:G4_REGIME:uptrend|GATE_PASS:G5_NO_OVERHEAD:86.1%|NO_SETUP|scoring_version:v2
2026-05-07,2026-05-07,3141,CAUTION,0,0,True,False,55.82,56.1,58.91,,,,NO_BROKER_DATA|GATE_FAIL:G1_ALREADY_BROKE_OUT:100.0%|GATE_FAIL:G2_BB_WIDE:32.3%|GATE_PASS:G3_LIQ:51.6M|GATE_PASS:G4_REGIME:uptrend|GATE_PASS:G5_NO_OVERHEAD:100.0%|NO_SETUP|scoring_version:v2
2026-05-07,2026-05-07,3150,CAUTION,0,0,True,False,18.46,18.55,23.21,,,,NO_BROKER_DATA|GATE_FAIL:G1_TOO_FAR_BELOW:76.3%|GATE_FAIL:G2_BB_WIDE:22.9%|GATE_FAIL:G3_LOW_LIQ:2.8M|LOW_LIQUIDITY:TSE|GATE_PASS:G4_REGIME:uptrend|GATE_PASS:G5_NO_OVERHEAD:100.0%|NO_SETUP|scoring_version:v2
2026-05-07,2026-05-07,3152,CAUTION,0,0,True,False,172.63,173.5,182.18,,,,NO_BROKER_DATA|GATE_PASS:G1_ZONE:88.5%|GATE_FAIL:G2_BB_WIDE:17.0%|GATE_PASS:G3_LIQ:338.4M|GATE_PASS:G4_REGIME:uptrend|GATE_PASS:G5_NO_OVERHEAD:100.0%|NO_SETUP|scoring_version:v2
2026-05-07,2026-05-07,3163,CAUTION,0,0,True,False,1079.58,1085.0,1281.0,,,,NO_BROKER_DATA|GATE_FAIL:G1_TOO_FAR_BELOW:82.5%|GATE_FAIL:G2_BB_WIDE:24.5%|GATE_PASS:G3_LIQ:4091.5M|GATE_PASS:G4_REGIME:uptrend|GATE_PASS:G5_NO_OVERHEAD:100.0%|NO_SETUP|scoring_version:v2
2026-05-07,2026-05-07,3158,CAUTION,0,0,True,False,88.55,89.0,96.81,,,,NO_BROKER_DATA|GATE_PASS:G1_ZONE:94.7%|GATE_PASS:G2_BB:3.9%|GATE_FAIL:G3_LOW_LIQ:1.8M|LOW_LIQUIDITY:TPEx|GATE_PASS:G4_REGIME:uptrend|GATE_PASS:G5_NO_OVERHEAD:94.5%|NO_SETUP|scoring_version:v2
2026-05-07,2026-05-07,3162,CAUTION,0,0,True,False,95.42,95.9,100.7,,,,NO_BROKER_DATA|GATE_PASS:G1_ZONE:98.7%|GATE_FAIL:G2_BB_WIDE:48.5%|GATE_PASS:G3_LIQ:711.7M|GATE_PASS:G4_REGIME:uptrend|GATE_PASS:G5_NO_OVERHEAD:100.0%|NO_SETUP|scoring_version:v2
2026-05-07,2026-05-07,3164,CAUTION,0,0,True,False,17.41,17.5,18.48,,,,NO_BROKER_DATA|GATE_PASS:G1_ZONE:95.6%|GATE_PASS:G2_BB:3.2%|GATE_FAIL:G3_LOW_LIQ:0.9M|LOW_LIQUIDITY:TSE|GATE_PASS:G4_REGIME:uptrend|GATE_PASS:G5_NO_OVERHEAD:97.9%|NO_SETUP|scoring_version:v2
2026-05-07,2026-05-07,3168,CAUTION,0,0,True,False,44.38,44.6,50.93,,,,NO_BROKER_DATA|GATE_PASS:G1_ZONE:90.6%|GATE_PASS:G2_BB:14.1%|GATE_FAIL:G3_LOW_LIQ:3.9M|LOW_LIQUIDITY:TSE|GATE_PASS:G4_REGIME:uptrend|GATE_PASS:G5_NO_OVERHEAD:100.0%|NO_SETUP|scoring_version:v2
2026-05-07,2026-05-07,3169,CAUTION,0,0,True,False,108.95,109.5,121.8,,,,NO_BROKER_DATA|GATE_PASS:G1_ZONE:91.2%|GATE_FAIL:G2_BB_WIDE:32.8%|GATE_PASS:G3_LIQ:99.1M|GATE_PASS:G4_REGIME:uptrend|GATE_PASS:G5_NO_OVERHEAD:100.0%|NO_SETUP|scoring_version:v2
2026-05-07,2026-05-07,3167,CAUTION,0,0,True,False,751.23,755.0,904.05,,,,NO_BROKER_DATA|GATE_FAIL:G1_TOO_FAR_BELOW:84.5%|GATE_FAIL:G2_BB_WIDE:44.0%|GATE_PASS:G3_LIQ:1365.7M|GATE_PASS:G4_REGIME:uptrend|GATE_PASS:G5_NO_OVERHEAD:100.0%|NO_SETUP|scoring_version:v2
2026-05-07,2026-05-07,3176,CAUTION,0,0,True,False,32.93,33.1,36.8,,,,NO_BROKER_DATA|GATE_PASS:G1_ZONE:92.2%|GATE_FAIL:G2_BB_WIDE:16.5%|GATE_PASS:G3_LIQ:19.2M|GATE_PASS:G4_REGIME:uptrend|GATE_PASS:G5_NO_OVERHEAD:99.9%|NO_SETUP|scoring_version:v2
2026-05-07,2026-05-07,3189,CAUTION,0,0,True,False,490.04,492.5,517.12,,,,NO_BROKER_DATA|GATE_PASS:G1_ZONE:88.6%|GATE_FAIL:G2_BB_WIDE:52.8%|GATE_PASS:G3_LIQ:17276.0M|GATE_PASS:G4_REGIME:uptrend|GATE_PASS:G5_NO_OVERHEAD:100.0%|NO_SETUP|scoring_version:v2
2026-05-07,2026-05-07,3206,CAUTION,0,0,True,False,34.23,34.4,41.05,,,,NO_BROKER_DATA|GATE_PASS:G1_ZONE:86.6%|GATE_FAIL:G2_BB_WIDE:18.2%|GATE_FAIL:G3_LOW_LIQ:5.9M|LOW_LIQUIDITY:TPEx|GATE_PASS:G4_REGIME:uptrend|GATE_PASS:G5_NO_OVERHEAD:93.9%|NO_SETUP|scoring_version:v2
2026-05-07,2026-05-07,3191,CAUTION,0,0,True,False,13.73,13.8,14.8,,,,NO_BROKER_DATA|GATE_PASS:G1_ZONE:95.5%|GATE_FAIL:G2_BB_WIDE:92.1%|GATE_FAIL:G3_LOW_LIQ:0.2M|LOW_LIQUIDITY:TPEx|GATE_PASS:G4_REGIME:uptrend|GATE_PASS:G5_NO_OVERHEAD:90.3%|NO_SETUP|scoring_version:v2
2026-05-07,2026-05-07,3207,CAUTION,0,0,True,False,60.3,60.6,65.73,,,,NO_BROKER_DATA|GATE_PASS:G1_ZONE:86.0%|GATE_PASS:G2_BB:14.0%|GATE_PASS:G3_LIQ:25.1M|GATE_PASS:G4_REGIME:uptrend|GATE_FAIL:G5_OVERHEAD:78.9%|NO_SETUP|scoring_version:v2
2026-05-07,2026-05-07,3211,CAUTION,0,0,True,False,382.08,384.0,435.75,,,,NO_BROKER_DATA|GATE_PASS:G1_ZONE:86.7%|GATE_FAIL:G2_BB_WIDE:17.5%|GATE_PASS:G3_LIQ:4095.1M|GATE_PASS:G4_REGIME:uptrend|GATE_PASS:G5_NO_OVERHEAD:100.0%|NO_SETUP|scoring_version:v2
2026-05-07,2026-05-07,3209,CAUTION,0,0,True,False,54.43,54.7,57.44,,,,NO_BROKER_DATA|GATE_PASS:G1_ZONE:96.5%|GATE_FAIL:G2_BB_WIDE:29.7%|GATE_PASS:G3_LIQ:244.9M|GATE_PASS:G4_REGIME:uptrend|GATE_PASS:G5_NO_OVERHEAD:100.0%|NO_SETUP|scoring_version:v2
2026-05-07,2026-05-07,3217,CAUTION,0,0,True,False,174.12,175.0,195.83,,,,NO_BROKER_DATA|GATE_PASS:G1_ZONE:89.7%|GATE_FAIL:G2_BB_WIDE:20.4%|GATE_PASS:G3_LIQ:311.6M|GATE_PASS:G4_REGIME:uptrend|GATE_PASS:G5_NO_OVERHEAD:100.0%|NO_SETUP|scoring_version:v2
2026-05-07,2026-05-07,3219,CAUTION,0,0,True,False,66.86,67.2,73.08,,,,NO_BROKER_DATA|GATE_PASS:G1_ZONE:91.3%|GATE_FAIL:G2_BB_WIDE:16.9%|GATE_PASS:G3_LIQ:26.4M|GATE_PASS:G4_REGIME:uptrend|GATE_PASS:G5_NO_OVERHEAD:100.0%|NO_SETUP|scoring_version:v2
2026-05-07,2026-05-07,3226,CAUTION,0,0,True,False,40.84,41.05,43.1,,,,NO_BROKER_DATA|GATE_PASS:G1_ZONE:89.5%|GATE_FAIL:G2_BB_WIDE:133.8%|GATE_FAIL:G3_LOW_LIQ:3.4M|LOW_LIQUIDITY:TPEx|GATE_PASS:G4_REGIME:uptrend|GATE_FAIL:G5_OVERHEAD:78.4%|NO_SETUP|scoring_version:v2
2026-05-07,2026-05-07,3221,CAUTION,0,0,True,False,47.96,48.2,50.61,,,,NO_BROKER_DATA|GATE_PASS:G1_ZONE:89.8%|GATE_FAIL:G2_BB_WIDE:41.1%|GATE_PASS:G3_LIQ:417.8M|GATE_PASS:G4_REGIME:uptrend|GATE_PASS:G5_NO_OVERHEAD:100.0%|NO_SETUP|scoring_version:v2
2026-05-07,2026-05-07,3224,CAUTION,0,0,True,False,44.48,44.7,55.12,,,,NO_BROKER_DATA|GATE_FAIL:G1_TOO_FAR_BELOW:84.3%|GATE_FAIL:G2_BB_WIDE:37.9%|GATE_PASS:G3_LIQ:26.3M|GATE_PASS:G4_REGIME:uptrend|GATE_PASS:G5_NO_OVERHEAD:100.0%|NO_SETUP|scoring_version:v2
2026-05-07,2026-05-07,3227,CAUTION,0,0,True,False,215.91,217.0,231.0,,,,NO_BROKER_DATA|GATE_PASS:G1_ZONE:91.8%|GATE_FAIL:G2_BB_WIDE:20.6%|GATE_PASS:G3_LIQ:484.1M|GATE_PASS:G4_REGIME:uptrend|GATE_PASS:G5_NO_OVERHEAD:100.0%|NO_SETUP|scoring_version:v2
2026-05-07,2026-05-07,3229,CAUTION,0,0,True,False,42.78,43.0,45.15,,,,NO_BROKER_DATA|GATE_PASS:G1_ZONE:95.7%|GATE_FAIL:G2_BB_WIDE:92.0%|GATE_FAIL:G3_LOW_LIQ:28.7M|LOW_LIQUIDITY:TSE|GATE_PASS:G4_REGIME:uptrend|GATE_PASS:G5_NO_OVERHEAD:100.0%|NO_SETUP|scoring_version:v2
2026-05-07,2026-05-07,3228,CAUTION,0,0,True,False,256.21,257.5,270.38,,,,NO_BROKER_DATA|GATE_PASS:G1_ZONE:98.3%|GATE_FAIL:G2_BB_WIDE:91.3%|GATE_PASS:G3_LIQ:243.2M|GATE_PASS:G4_REGIME:uptrend|GATE_PASS:G5_NO_OVERHEAD:100.0%|NO_SETUP|scoring_version:v2
2026-05-07,2026-05-07,3232,CAUTION,0,0,True,False,20.99,21.1,22.16,,,,NO_BROKER_DATA|GATE_PASS:G1_ZONE:93.4%|GATE_PASS:G2_BB:9.0%|GATE_FAIL:G3_LOW_LIQ:1.6M|LOW_LIQUIDITY:TPEx|GATE_PASS:G4_REGIME:uptrend|GATE_PASS:G5_NO_OVERHEAD:94.2%|NO_SETUP|scoring_version:v2
2026-05-07,2026-05-07,3230,CAUTION,0,0,True,False,33.83,34.0,45.52,,,,NO_BROKER_DATA|GATE_FAIL:G1_TOO_FAR_BELOW:72.0%|GATE_FAIL:G2_BB_WIDE:26.1%|GATE_PASS:G3_LIQ:34.9M|GATE_PASS:G4_REGIME:uptrend|GATE_PASS:G5_NO_OVERHEAD:100.0%|NO_SETUP|scoring_version:v2
2026-05-07,2026-05-07,3234,CAUTION,0,0,True,False,101.99,102.5,110.25,,,,NO_BROKER_DATA|GATE_FAIL:G1_TOO_FAR_BELOW:81.7%|GATE_FAIL:G2_BB_WIDE:22.7%|GATE_PASS:G3_LIQ:435.8M|GATE_PASS:G4_REGIME:uptrend|GATE_PASS:G5_NO_OVERHEAD:100.0%|NO_SETUP|scoring_version:v2
2026-05-07,2026-05-07,3236,CAUTION,0,0,True,False,32.44,32.6,36.33,,,,NO_BROKER_DATA|GATE_PASS:G1_ZONE:86.0%|GATE_FAIL:G2_BB_WIDE:24.4%|GATE_PASS:G3_LIQ:156.7M|GATE_PASS:G4_REGIME:uptrend|GATE_PASS:G5_NO_OVERHEAD:100.0%|NO_SETUP|scoring_version:v2
2026-05-07,2026-05-07,3259,CAUTION,0,0,True,False,17.76,17.85,19.74,,,,NO_BROKER_DATA|GATE_PASS:G1_ZONE:87.5%|GATE_PASS:G2_BB:10.3%|GATE_FAIL:G3_LOW_LIQ:1.3M|LOW_LIQUIDITY:TPEx|GATE_PASS:G4_REGIME:uptrend|GATE_PASS:G5_NO_OVERHEAD:92.3%|NO_SETUP|scoring_version:v2
2026-05-07,2026-05-07,3260,CAUTION,0,0,True,False,459.19,461.5,508.2,,,,NO_BROKER_DATA|GATE_PASS:G1_ZONE:93.4%|GATE_FAIL:G2_BB_WIDE:39.5%|GATE_PASS:G3_LIQ:14728.2M|GATE_PASS:G4_REGIME:uptrend|GATE_PASS:G5_NO_OVERHEAD:94.1%|NO_SETUP|scoring_version:v2
2026-05-07,2026-05-07,3257,CAUTION,0,0,True,False,53.83,54.1,56.81,,,,NO_BROKER_DATA|GATE_PASS:G1_ZONE:93.1%|GATE_PASS:G2_BB:7.9%|GATE_FAIL:G3_LOW_LIQ:19.4M|LOW_LIQUIDITY:TSE|GATE_PASS:G4_REGIME:uptrend|GATE_FAIL:G5_OVERHEAD:80.0%|NO_SETUP|scoring_version:v2
2026-05-07,2026-05-07,3264,CAUTION,0,0,True,False,247.26,248.5,260.93,,,,NO_BROKER_DATA|GATE_FAIL:G1_ALREADY_BROKE_OUT:99.8%|GATE_FAIL:G2_BB_WIDE:38.1%|GATE_PASS:G3_LIQ:3962.4M|GATE_PASS:G4_REGIME:uptrend|GATE_PASS:G5_NO_OVERHEAD:100.0%|NO_SETUP|scoring_version:v2
2026-05-07,2026-05-07,3265,CAUTION,0,0,True,False,184.07,185.0,199.5,,,,NO_BROKER_DATA|GATE_PASS:G1_ZONE:95.9%|GATE_FAIL:G2_BB_WIDE:18.9%|GATE_PASS:G3_LIQ:779.6M|GATE_PASS:G4_REGIME:uptrend|GATE_PASS:G5_NO_OVERHEAD:100.0%|NO_SETUP|scoring_version:v2
2026-05-07,2026-05-07,3268,CAUTION,0,0,True,False,19.35,19.45,20.42,,,,NO_BROKER_DATA|GATE_FAIL:G1_ALREADY_BROKE_OUT:100.0%|GATE_FAIL:G2_BB_WIDE:23.4%|GATE_FAIL:G3_LOW_LIQ:4.7M|LOW_LIQUIDITY:TPEx|GATE_PASS:G4_REGIME:uptrend|GATE_PASS:G5_NO_OVERHEAD:100.0%|NO_SETUP|scoring_version:v2
2026-05-07,2026-05-07,3276,CAUTION,0,0,True,False,14.93,15.0,15.75,,,,NO_BROKER_DATA|GATE_PASS:G1_ZONE:96.2%|GATE_PASS:G2_BB:10.2%|GATE_FAIL:G3_LOW_LIQ:3.7M|LOW_LIQUIDITY:TPEx|GATE_PASS:G4_REGIME:uptrend|GATE_PASS:G5_NO_OVERHEAD:100.0%|NO_SETUP|scoring_version:v2
2026-05-07,2026-05-07,3272,CAUTION,0,0,True,False,18.41,18.5,19.43,,,,NO_BROKER_DATA|GATE_FAIL:G1_TOO_FAR_BELOW:81.3%|GATE_FAIL:G2_BB_WIDE:42.6%|GATE_FAIL:G3_LOW_LIQ:5.7M|LOW_LIQUIDITY:TPEx|GATE_PASS:G4_REGIME:uptrend|GATE_PASS:G5_NO_OVERHEAD:100.0%|NO_SETUP|scoring_version:v2
2026-05-07,2026-05-07,3285,CAUTION,0,0,True,False,28.41,28.55,30.29,,,,NO_BROKER_DATA|GATE_PASS:G1_ZONE:94.2%|GATE_PASS:G2_BB:5.2%|GATE_FAIL:G3_LOW_LIQ:0.7M|LOW_LIQUIDITY:TPEx|GATE_PASS:G4_REGIME:uptrend|GATE_PASS:G5_NO_OVERHEAD:94.8%|NO_SETUP|scoring_version:v2
2026-05-07,2026-05-07,3288,CAUTION,0,0,True,False,15.02,15.1,17.01,,,,NO_BROKER_DATA|GATE_PASS:G1_ZONE:92.9%|GATE_PASS:G2_BB:13.5%|GATE_FAIL:G3_LOW_LIQ:0.3M|LOW_LIQUIDITY:TPEx|GATE_PASS:G4_REGIME:uptrend|GATE_PASS:G5_NO_OVERHEAD:99.4%|NO_SETUP|scoring_version:v2
2026-05-07,2026-05-07,3287,CAUTION,0,0,True,False,28.36,28.5,29.93,,,,NO_BROKER_DATA|GATE_PASS:G1_ZONE:93.8%|GATE_PASS:G2_BB:7.2%|GATE_FAIL:G3_LOW_LIQ:1.6M|LOW_LIQUIDITY:TPEx|GATE_PASS:G4_REGIME:uptrend|GATE_PASS:G5_NO_OVERHEAD:94.0%|NO_SETUP|scoring_version:v2
2026-05-07,2026-05-07,3289,CAUTION,0,0,True,False,178.1,179.0,192.68,,,,NO_BROKER_DATA|GATE_FAIL:G1_TOO_FAR_BELOW:81.7%|GATE_FAIL:G2_BB_WIDE:30.8%|GATE_PASS:G3_LIQ:1063.2M|GATE_PASS:G4_REGIME:uptrend|GATE_PASS:G5_NO_OVERHEAD:100.0%|NO_SETUP|scoring_version:v2
2026-05-07,2026-05-07,3294,CAUTION,0,0,True,False,31.19,31.35,34.86,,,,NO_BROKER_DATA|GATE_PASS:G1_ZONE:90.3%|GATE_PASS:G2_BB:14.7%|GATE_PASS:G3_LIQ:19.5M|GATE_PASS:G4_REGIME:uptrend|GATE_FAIL:G5_OVERHEAD:81.8%|NO_SETUP|scoring_version:v2
2026-05-07,2026-05-07,3297,CAUTION,0,0,True,False,31.74,31.9,36.23,,,,NO_BROKER_DATA|GATE_FAIL:G1_TOO_FAR_BELOW:82.7%|GATE_FAIL:G2_BB_WIDE:24.3%|GATE_FAIL:G3_LOW_LIQ:6.1M|LOW_LIQUIDITY:TPEx|GATE_PASS:G4_REGIME:uptrend|GATE_PASS:G5_NO_OVERHEAD:94.1%|NO_SETUP|scoring_version:v2
2026-05-07,2026-05-07,3303,CAUTION,0,0,True,False,51.34,51.6,56.39,,,,NO_BROKER_DATA|GATE_PASS:G1_ZONE:94.5%|GATE_FAIL:G2_BB_WIDE:17.9%|GATE_PASS:G3_LIQ:24.0M|GATE_PASS:G4_REGIME:uptrend|GATE_PASS:G5_NO_OVERHEAD:100.0%|NO_SETUP|scoring_version:v2
2026-05-07,2026-05-07,3296,CAUTION,0,0,True,False,22.09,22.2,23.31,,,,NO_BROKER_DATA|GATE_FAIL:G1_ALREADY_BROKE_OUT:100.0%|GATE_FAIL:G2_BB_WIDE:16.7%|GATE_FAIL:G3_LOW_LIQ:2.4M|LOW_LIQUIDITY:TSE|GATE_PASS:G4_REGIME:uptrend|GATE_PASS:G5_NO_OVERHEAD:85.7%|NO_SETUP|scoring_version:v2
2026-05-07,2026-05-07,3305,CAUTION,0,0,True,False,117.91,118.5,125.48,,,,NO_BROKER_DATA|GATE_PASS:G1_ZONE:94.8%|GATE_FAIL:G2_BB_WIDE:20.3%|GATE_PASS:G3_LIQ:645.6M|GATE_PASS:G4_REGIME:uptrend|GATE_PASS:G5_NO_OVERHEAD:98.4%|NO_SETUP|scoring_version:v2
2026-05-07,2026-05-07,3306,CAUTION,0,0,True,False,47.81,48.05,52.5,,,,NO_BROKER_DATA|GATE_PASS:G1_ZONE:94.2%|GATE_PASS:G2_BB:6.6%|GATE_FAIL:G3_LOW_LIQ:9.9M|LOW_LIQUIDITY:TPEx|GATE_PASS:G4_REGIME:uptrend|GATE_PASS:G5_NO_OVERHEAD:94.4%|NO_SETUP|scoring_version:v2
2026-05-07,2026-05-07,3310,CAUTION,0,0,True,False,68.66,69.0,74.86,,,,NO_BROKER_DATA|GATE_PASS:G1_ZONE:94.5%|GATE_PASS:G2_BB:7.4%|GATE_FAIL:G3_LOW_LIQ:6.9M|LOW_LIQUIDITY:TPEx|GATE_PASS:G4_REGIME:uptrend|GATE_PASS:G5_NO_OVERHEAD:87.0%|NO_SETUP|scoring_version:v2
2026-05-07,2026-05-07,3312,CAUTION,0,0,True,False,42.24,42.45,49.77,,,,NO_BROKER_DATA|GATE_PASS:G1_ZONE:86.4%|GATE_FAIL:G2_BB_WIDE:23.0%|GATE_PASS:G3_LIQ:130.1M|GATE_PASS:G4_REGIME:uptrend|GATE_PASS:G5_NO_OVERHEAD:100.0%|NO_SETUP|scoring_version:v2
2026-05-07,2026-05-07,3308,CAUTION,0,0,True,False,21.24,21.35,23.0,,,,NO_BROKER_DATA|GATE_PASS:G1_ZONE:89.9%|GATE_PASS:G2_BB:9.5%|GATE_FAIL:G3_LOW_LIQ:4.7M|LOW_LIQUIDITY:TSE|GATE_PASS:G4_REGIME:uptrend|GATE_PASS:G5_NO_OVERHEAD:89.0%|NO_SETUP|scoring_version:v2
2026-05-07,2026-05-07,3311,CAUTION,0,0,True,False,31.39,31.55,34.96,,,,NO_BROKER_DATA|GATE_PASS:G1_ZONE:90.7%|GATE_PASS:G2_BB:11.7%|GATE_FAIL:G3_LOW_LIQ:8.3M|LOW_LIQUIDITY:TSE|GATE_PASS:G4_REGIME:uptrend|GATE_PASS:G5_NO_OVERHEAD:99.9%|NO_SETUP|scoring_version:v2
2026-05-07,2026-05-07,3317,CAUTION,0,0,True,False,66.57,66.9,70.25,,,,NO_BROKER_DATA|GATE_PASS:G1_ZONE:95.6%|GATE_FAIL:G2_BB_WIDE:33.6%|GATE_PASS:G3_LIQ:283.8M|GATE_PASS:G4_REGIME:uptrend|GATE_PASS:G5_NO_OVERHEAD:100.0%|NO_SETUP|scoring_version:v2
2026-05-07,2026-05-07,3321,CAUTION,0,0,True,False,16.77,16.85,18.01,,,,NO_BROKER_DATA|GATE_PASS:G1_ZONE:95.7%|GATE_PASS:G2_BB:10.8%|GATE_FAIL:G3_LOW_LIQ:6.7M|LOW_LIQUIDITY:TSE|GATE_PASS:G4_REGIME:uptrend|GATE_PASS:G5_NO_OVERHEAD:89.6%|NO_SETUP|scoring_version:v2
2026-05-07,2026-05-07,3322,CAUTION,0,0,True,False,13.38,13.45,15.23,,,,NO_BROKER_DATA|GATE_PASS:G1_ZONE:88.2%|GATE_FAIL:G2_BB_WIDE:15.8%|GATE_PASS:G3_LIQ:16.7M|GATE_PASS:G4_REGIME:uptrend|GATE_PASS:G5_NO_OVERHEAD:88.4%|NO_SETUP|scoring_version:v2
2026-05-07,2026-05-07,3324,CAUTION,0,0,True,False,1064.65,1070.0,1123.5,,,,NO_BROKER_DATA|GATE_FAIL:G1_TOO_FAR_BELOW:82.0%|GATE_FAIL:G2_BB_WIDE:30.5%|GATE_PASS:G3_LIQ:6437.1M|GATE_PASS:G4_REGIME:uptrend|GATE_PASS:G5_NO_OVERHEAD:100.0%|NO_SETUP|scoring_version:v2
2026-05-07,2026-05-07,3325,CAUTION,0,0,True,False,12.84,12.9,15.38,,,,NO_BROKER_DATA|GATE_FAIL:G1_TOO_FAR_BELOW:80.6%|GATE_FAIL:G2_BB_WIDE:22.7%|GATE_FAIL:G3_LOW_LIQ:5.4M|LOW_LIQUIDITY:TPEx|GATE_PASS:G4_REGIME:uptrend|GATE_PASS:G5_NO_OVERHEAD:100.0%|NO_SETUP|scoring_version:v2
2026-05-07,2026-05-07,3338,CAUTION,0,0,True,False,72.93,73.3,85.26,,,,NO_BROKER_DATA|GATE_FAIL:G1_TOO_FAR_BELOW:81.7%|GATE_FAIL:G2_BB_WIDE:42.8%|GATE_PASS:G3_LIQ:400.5M|GATE_PASS:G4_REGIME:uptrend|GATE_PASS:G5_NO_OVERHEAD:100.0%|NO_SETUP|scoring_version:v2
2026-05-07,2026-05-07,3339,CAUTION,0,0,True,False,62.78,63.1,66.26,,,,NO_BROKER_DATA|GATE_PASS:G1_ZONE:86.8%|GATE_FAIL:G2_BB_WIDE:49.1%|GATE_PASS:G3_LIQ:298.3M|GATE_PASS:G4_REGIME:uptrend|GATE_PASS:G5_NO_OVERHEAD:100.0%|NO_SETUP|scoring_version:v2
2026-05-07,2026-05-07,3332,CAUTION,0,0,True,False,64.67,65.0,68.25,,,,NO_BROKER_DATA|GATE_PASS:G1_ZONE:98.6%|GATE_PASS:G2_BB:11.7%|GATE_FAIL:G3_LOW_LIQ:2.4M|LOW_LIQUIDITY:TPEx|GATE_PASS:G4_REGIME:uptrend|GATE_PASS:G5_NO_OVERHEAD:96.5%|NO_SETUP|scoring_version:v2
2026-05-07,2026-05-07,3349,CAUTION,0,0,True,False,23.33,23.45,24.62,,,,NO_BROKER_DATA|GATE_FAIL:G1_TOO_FAR_BELOW:81.4%|GATE_FAIL:G2_BB_WIDE:19.6%|GATE_FAIL:G3_LOW_LIQ:4.1M|LOW_LIQUIDITY:TPEx|GATE_PASS:G4_REGIME:uptrend|GATE_PASS:G5_NO_OVERHEAD:88.2%|NO_SETUP|scoring_version:v2
2026-05-07,2026-05-07,3354,CAUTION,0,0,True,False,34.03,34.2,35.91,,,,NO_BROKER_DATA|GATE_FAIL:G1_ALREADY_BROKE_OUT:100.0%|GATE_FAIL:G2_BB_WIDE:30.7%|GATE_PASS:G3_LIQ:51.1M|GATE_PASS:G4_REGIME:uptrend|GATE_PASS:G5_NO_OVERHEAD:100.0%|NO_SETUP|scoring_version:v2
2026-05-07,2026-05-07,3357,CAUTION,0,0,True,False,176.61,177.5,190.05,,,,NO_BROKER_DATA|GATE_PASS:G1_ZONE:90.8%|GATE_FAIL:G2_BB_WIDE:20.8%|GATE_PASS:G3_LIQ:624.2M|GATE_PASS:G4_REGIME:uptrend|GATE_PASS:G5_NO_OVERHEAD:97.0%|NO_SETUP|scoring_version:v2
2026-05-07,2026-05-07,3360,CAUTION,0,0,True,False,13.38,13.45,14.49,,,,NO_BROKER_DATA|GATE_PASS:G1_ZONE:92.4%|GATE_PASS:G2_BB:10.9%|GATE_FAIL:G3_LOW_LIQ:4.7M|LOW_LIQUIDITY:TPEx|GATE_PASS:G4_REGIME:uptrend|GATE_FAIL:G5_OVERHEAD:79.3%|NO_SETUP|scoring_version:v2
2026-05-07,2026-05-07,3362,CAUTION,0,0,True,False,107.46,108.0,117.6,,,,NO_BROKER_DATA|GATE_PASS:G1_ZONE:88.9%|GATE_FAIL:G2_BB_WIDE:21.5%|GATE_PASS:G3_LIQ:135.4M|GATE_PASS:G4_REGIME:uptrend|GATE_PASS:G5_NO_OVERHEAD:100.0%|NO_SETUP|scoring_version:v2
2026-05-07,2026-05-07,3363,CAUTION,0,0,True,False,810.92,815.0,855.75,,,,NO_BROKER_DATA|GATE_FAIL:G1_TOO_FAR_BELOW:76.5%|GATE_FAIL:G2_BB_WIDE:38.1%|GATE_PASS:G3_LIQ:3170.9M|GATE_PASS:G4_REGIME:uptrend|GATE_PASS:G5_NO_OVERHEAD:100.0%|NO_SETUP|scoring_version:v2
2026-05-07,2026-05-07,3372,CAUTION,0,0,True,False,19.65,19.75,20.74,,,,NO_BROKER_DATA|GATE_PASS:G1_ZONE:92.9%|GATE_FAIL:G2_BB_WIDE:15.1%|GATE_PASS:G3_LIQ:15.7M|GATE_PASS:G4_REGIME:uptrend|GATE_FAIL:G5_OVERHEAD:81.7%|NO_SETUP|scoring_version:v2
2026-05-07,2026-05-07,3374,CAUTION,0,0,True,False,204.97,206.0,223.65,,,,NO_BROKER_DATA|GATE_PASS:G1_ZONE:89.2%|GATE_FAIL:G2_BB_WIDE:31.3%|GATE_PASS:G3_LIQ:2501.1M|GATE_PASS:G4_REGIME:uptrend|GATE_PASS:G5_NO_OVERHEAD:100.0%|NO_SETUP|scoring_version:v2
2026-05-07,2026-05-07,3373,CAUTION,0,0,True,False,16.72,16.8,17.85,,,,NO_BROKER_DATA|GATE_PASS:G1_ZONE:97.1%|GATE_PASS:G2_BB:2.0%|GATE_FAIL:G3_LOW_LIQ:1.1M|LOW_LIQUIDITY:TPEx|GATE_PASS:G4_REGIME:uptrend|GATE_FAIL:G5_OVERHEAD:82.2%|NO_SETUP|scoring_version:v2
2026-05-07,2026-05-07,3376,CAUTION,0,0,True,False,213.93,215.0,233.62,,,,NO_BROKER_DATA|GATE_PASS:G1_ZONE:92.9%|GATE_FAIL:G2_BB_WIDE:16.2%|GATE_PASS:G3_LIQ:1341.0M|GATE_PASS:G4_REGIME:uptrend|GATE_PASS:G5_NO_OVERHEAD:98.9%|NO_SETUP|scoring_version:v2
2026-05-07,2026-05-07,3379,CAUTION,0,0,True,False,38.11,38.3,40.74,,,,NO_BROKER_DATA|GATE_PASS:G1_ZONE:91.6%|GATE_FAIL:G2_BB_WIDE:18.7%|GATE_PASS:G3_LIQ:21.2M|GATE_PASS:G4_REGIME:uptrend|GATE_FAIL:G5_OVERHEAD:77.7%|NO_SETUP|scoring_version:v2
2026-05-07,2026-05-07,3380,CAUTION,0,0,True,False,32.44,32.6,43.05,,,,NO_BROKER_DATA|GATE_FAIL:G1_TOO_FAR_BELOW:74.2%|GATE_FAIL:G2_BB_WIDE:34.1%|GATE_PASS:G3_LIQ:288.2M|GATE_PASS:G4_REGIME:uptrend|GATE_PASS:G5_NO_OVERHEAD:100.0%|NO_SETUP|scoring_version:v2
2026-05-07,2026-05-07,3390,CAUTION,0,0,True,False,28.21,28.35,30.19,,,,NO_BROKER_DATA|GATE_PASS:G1_ZONE:96.3%|GATE_FAIL:G2_BB_WIDE:28.1%|GATE_PASS:G3_LIQ:73.7M|GATE_PASS:G4_REGIME:uptrend|GATE_PASS:G5_NO_OVERHEAD:100.0%|NO_SETUP|scoring_version:v2
2026-05-07,2026-05-07,3388,CAUTION,0,0,True,False,110.44,111.0,125.48,,,,NO_BROKER_DATA|GATE_PASS:G1_ZONE:88.8%|GATE_FAIL:G2_BB_WIDE:68.8%|GATE_PASS:G3_LIQ:220.0M|GATE_PASS:G4_REGIME:uptrend|GATE_PASS:G5_NO_OVERHEAD:100.0%|NO_SETUP|scoring_version:v2
2026-05-07,2026-05-07,3402,CAUTION,0,0,True,False,143.28,144.0,152.78,,,,NO_BROKER_DATA|GATE_PASS:G1_ZONE:95.0%|GATE_FAIL:G2_BB_WIDE:22.3%|GATE_PASS:G3_LIQ:236.4M|GATE_PASS:G4_REGIME:uptrend|GATE_PASS:G5_NO_OVERHEAD:100.0%|NO_SETUP|scoring_version:v2
2026-05-07,2026-05-07,3406,CAUTION,0,0,True,False,510.44,513.0,543.9,,,,NO_BROKER_DATA|GATE_PASS:G1_ZONE:91.8%|GATE_FAIL:G2_BB_WIDE:18.2%|GATE_PASS:G3_LIQ:1075.2M|GATE_PASS:G4_REGIME:uptrend|GATE_PASS:G5_NO_OVERHEAD:100.0%|NO_SETUP|scoring_version:v2
2026-05-07,2026-05-07,3419,CAUTION,0,0,True,False,14.93,15.0,18.85,,,,NO_BROKER_DATA|GATE_FAIL:G1_TOO_FAR_BELOW:83.6%|GATE_FAIL:G2_BB_WIDE:23.6%|GATE_FAIL:G3_LOW_LIQ:14.8M|LOW_LIQUIDITY:TSE|GATE_PASS:G4_REGIME:uptrend|GATE_PASS:G5_NO_OVERHEAD:100.0%|NO_SETUP|scoring_version:v2
2026-05-07,2026-05-07,3426,CAUTION,0,0,True,False,47.46,47.7,50.09,,,,NO_BROKER_DATA|GATE_FAIL:G1_ALREADY_BROKE_OUT:99.9%|GATE_PASS:G2_BB:0.2%|GATE_FAIL:G3_LOW_LIQ:2.0M|LOW_LIQUIDITY:TPEx|GATE_PASS:G4_REGIME:uptrend|GATE_PASS:G5_NO_OVERHEAD:100.0%|NO_SETUP|scoring_version:v2
2026-05-07,2026-05-07,3432,CAUTION,0,0,True,False,20.7,20.8,23.62,,,,NO_BROKER_DATA|GATE_PASS:G1_ZONE:89.1%|GATE_FAIL:G2_BB_WIDE:50.7%|GATE_FAIL:G3_LOW_LIQ:7.6M|LOW_LIQUIDITY:TSE|GATE_PASS:G4_REGIME:uptrend|GATE_PASS:G5_NO_OVERHEAD:100.0%|NO_SETUP|scoring_version:v2
2026-05-07,2026-05-07,3434,CAUTION,0,0,True,False,28.9,29.05,33.76,,,,NO_BROKER_DATA|GATE_PASS:G1_ZONE:88.3%|GATE_FAIL:G2_BB_WIDE:15.6%|GATE_FAIL:G3_LOW_LIQ:5.0M|LOW_LIQUIDITY:TPEx|GATE_PASS:G4_REGIME:uptrend|GATE_PASS:G5_NO_OVERHEAD:92.2%|NO_SETUP|scoring_version:v2
2026-05-07,2026-05-07,3437,CAUTION,0,0,True,False,26.47,26.6,29.03,,,,NO_BROKER_DATA|GATE_FAIL:G1_TOO_FAR_BELOW:85.0%|GATE_FAIL:G2_BB_WIDE:32.9%|GATE_PASS:G3_LIQ:236.0M|GATE_PASS:G4_REGIME:uptrend|GATE_PASS:G5_NO_OVERHEAD:100.0%|NO_SETUP|scoring_version:v2
2026-05-07,2026-05-07,3441,CAUTION,0,0,True,False,38.9,39.1,41.79,,,,NO_BROKER_DATA|GATE_PASS:G1_ZONE:96.4%|GATE_FAIL:G2_BB_WIDE:27.3%|GATE_PASS:G3_LIQ:23.8M|GATE_PASS:G4_REGIME:uptrend|GATE_PASS:G5_NO_OVERHEAD:100.0%|NO_SETUP|scoring_version:v2
2026-05-07,2026-05-07,3438,CAUTION,0,0,True,False,67.66,68.0,71.4,,,,NO_BROKER_DATA|GATE_FAIL:G1_ALREADY_BROKE_OUT:99.7%|GATE_FAIL:G2_BB_WIDE:52.4%|GATE_PASS:G3_LIQ:34.6M|GATE_PASS:G4_REGIME:uptrend|GATE_PASS:G5_NO_OVERHEAD:100.0%|NO_SETUP|scoring_version:v2
2026-05-07,2026-05-07,3443,CAUTION,0,0,True,False,5422.75,5450.0,5722.5,,,,NO_BROKER_DATA|GATE_FAIL:G1_ALREADY_BROKE_OUT:100.0%|GATE_FAIL:G2_BB_WIDE:80.6%|GATE_PASS:G3_LIQ:8651.3M|GATE_PASS:G4_REGIME:uptrend|GATE_PASS:G5_NO_OVERHEAD:100.0%|NO_SETUP|scoring_version:v2
2026-05-07,2026-05-07,3444,CAUTION,0,0,True,False,89.95,90.4,101.33,,,,NO_BROKER_DATA|GATE_PASS:G1_ZONE:86.9%|GATE_FAIL:G2_BB_WIDE:40.8%|GATE_PASS:G3_LIQ:95.2M|GATE_PASS:G4_REGIME:uptrend|GATE_PASS:G5_NO_OVERHEAD:100.0%|NO_SETUP|scoring_version:v2
2026-05-07,2026-05-07,3447,CAUTION,0,0,True,False,39.0,39.2,41.16,,,,NO_BROKER_DATA|GATE_PASS:G1_ZONE:96.4%|GATE_PASS:G2_BB:9.6%|GATE_FAIL:G3_LOW_LIQ:8.0M|LOW_LIQUIDITY:TSE|GATE_PASS:G4_REGIME:uptrend|GATE_FAIL:G5_OVERHEAD:82.0%|NO_SETUP|scoring_version:v2
2026-05-07,2026-05-07,3450,CAUTION,0,0,True,False,375.61,377.5,402.15,,,,NO_BROKER_DATA|GATE_PASS:G1_ZONE:95.1%|GATE_FAIL:G2_BB_WIDE:35.4%|GATE_PASS:G3_LIQ:8100.7M|GATE_PASS:G4_REGIME:uptrend|GATE_PASS:G5_NO_OVERHEAD:100.0%|NO_SETUP|scoring_version:v2
2026-05-07,2026-05-07,3465,CAUTION,0,0,True,False,27.06,27.2,28.56,,,,NO_BROKER_DATA|GATE_FAIL:G1_TOO_FAR_BELOW:70.9%|GATE_FAIL:G2_BB_WIDE:30.7%|GATE_FAIL:G3_LOW_LIQ:1.4M|LOW_LIQUIDITY:TPEx|GATE_PASS:G4_REGIME:uptrend|GATE_FAIL:G5_OVERHEAD:80.5%|NO_SETUP|scoring_version:v2
2026-05-07,2026-05-07,3455,CAUTION,0,0,True,False,281.58,283.0,297.15,,,,NO_BROKER_DATA|GATE_PASS:G1_ZONE:87.8%|GATE_FAIL:G2_BB_WIDE:65.9%|GATE_PASS:G3_LIQ:1026.8M|GATE_PASS:G4_REGIME:uptrend|GATE_PASS:G5_NO_OVERHEAD:100.0%|NO_SETUP|scoring_version:v2
2026-05-07,2026-05-07,3466,CAUTION,0,0,True,False,40.65,40.85,45.89,,,,NO_BROKER_DATA|GATE_PASS:G1_ZONE:89.2%|GATE_FAIL:G2_BB_WIDE:23.6%|GATE_PASS:G3_LIQ:43.0M|GATE_PASS:G4_REGIME:uptrend|GATE_PASS:G5_NO_OVERHEAD:100.0%|NO_SETUP|scoring_version:v2
2026-05-07,2026-05-07,3467,CAUTION,0,0,True,False,69.85,70.2,73.71,,,,NO_BROKER_DATA|GATE_PASS:G1_ZONE:98.9%|GATE_FAIL:G2_BB_WIDE:55.1%|GATE_PASS:G3_LIQ:32.7M|GATE_PASS:G4_REGIME:uptrend|GATE_PASS:G5_NO_OVERHEAD:100.0%|NO_SETUP|scoring_version:v2
2026-05-07,2026-05-07,3479,CAUTION,0,0,True,False,96.52,97.0,101.85,,,,NO_BROKER_DATA|GATE_FAIL:G1_ALREADY_BROKE_OUT:99.3%|GATE_PASS:G2_BB:10.0%|GATE_PASS:G3_LIQ:46.2M|GATE_PASS:G4_REGIME:uptrend|GATE_PASS:G5_NO_OVERHEAD:100.0%|NO_SETUP|scoring_version:v2
2026-05-07,2026-05-07,3481,CAUTION,0,0,True,False,29.6,29.75,31.24,,,,NO_BROKER_DATA|GATE_PASS:G1_ZONE:98.8%|GATE_FAIL:G2_BB_WIDE:25.0%|GATE_PASS:G3_LIQ:9509.3M|GATE_PASS:G4_REGIME:uptrend|GATE_PASS:G5_NO_OVERHEAD:90.4%|NO_SETUP|scoring_version:v2
2026-05-07,2026-05-07,3483,CAUTION,0,0,True,False,92.73,93.2,106.58,,,,NO_BROKER_DATA|GATE_PASS:G1_ZONE:87.9%|GATE_FAIL:G2_BB_WIDE:25.2%|GATE_PASS:G3_LIQ:185.5M|GATE_PASS:G4_REGIME:uptrend|GATE_PASS:G5_NO_OVERHEAD:100.0%|NO_SETUP|scoring_version:v2
2026-05-07,2026-05-07,3484,CAUTION,0,0,True,False,45.12,45.35,47.62,,,,NO_BROKER_DATA|GATE_PASS:G1_ZONE:96.1%|GATE_PASS:G2_BB:5.7%|GATE_FAIL:G3_LOW_LIQ:13.8M|LOW_LIQUIDITY:TPEx|GATE_PASS:G4_REGIME:uptrend|GATE_PASS:G5_NO_OVERHEAD:93.3%|NO_SETUP|scoring_version:v2
2026-05-07,2026-05-07,3485,CAUTION,0,0,True,False,278.6,280.0,320.78,,,,NO_BROKER_DATA|GATE_FAIL:G1_TOO_FAR_BELOW:72.0%|GATE_FAIL:G2_BB_WIDE:36.0%|GATE_PASS:G3_LIQ:172.8M|GATE_PASS:G4_REGIME:uptrend|GATE_PASS:G5_NO_OVERHEAD:100.0%|NO_SETUP|scoring_version:v2
2026-05-07,2026-05-07,3490,CAUTION,0,0,True,False,31.44,31.6,33.18,,,,NO_BROKER_DATA|GATE_PASS:G1_ZONE:98.1%|GATE_FAIL:G2_BB_WIDE:15.3%|GATE_PASS:G3_LIQ:78.2M|GATE_PASS:G4_REGIME:uptrend|GATE_PASS:G5_NO_OVERHEAD:100.0%|NO_SETUP|scoring_version:v2
2026-05-07,2026-05-07,3491,CAUTION,0,0,True,False,1611.9,1620.0,1701.0,,,,NO_BROKER_DATA|GATE_PASS:G1_ZONE:85.5%|GATE_FAIL:G2_BB_WIDE:19.7%|GATE_PASS:G3_LIQ:3435.5M|GATE_PASS:G4_REGIME:uptrend|GATE_PASS:G5_NO_OVERHEAD:100.0%|NO_SETUP|scoring_version:v2
2026-05-07,2026-05-07,3492,CAUTION,0,0,True,False,22.79,22.9,24.36,,,,NO_BROKER_DATA|GATE_PASS:G1_ZONE:93.3%|GATE_PASS:G2_BB:9.3%|GATE_FAIL:G3_LOW_LIQ:1.8M|LOW_LIQUIDITY:TPEx|GATE_PASS:G4_REGIME:uptrend|GATE_PASS:G5_NO_OVERHEAD:92.6%|NO_SETUP|scoring_version:v2
2026-05-07,2026-05-07,3498,CAUTION,0,0,True,False,96.81,97.3,102.17,,,,NO_BROKER_DATA|GATE_PASS:G1_ZONE:92.2%|GATE_FAIL:G2_BB_WIDE:32.3%|GATE_PASS:G3_LIQ:422.5M|GATE_PASS:G4_REGIME:uptrend|GATE_PASS:G5_NO_OVERHEAD:100.0%|NO_SETUP|scoring_version:v2
2026-05-07,2026-05-07,3494,CAUTION,0,0,True,False,7.99,8.03,8.64,,,,NO_BROKER_DATA|GATE_PASS:G1_ZONE:93.7%|GATE_PASS:G2_BB:9.4%|GATE_FAIL:G3_LOW_LIQ:1.0M|LOW_LIQUIDITY:TSE|GATE_PASS:G4_REGIME:uptrend|GATE_PASS:G5_NO_OVERHEAD:90.3%|NO_SETUP|scoring_version:v2
2026-05-07,2026-05-07,3499,CAUTION,0,0,True,False,15.47,15.55,17.12,,,,NO_BROKER_DATA|GATE_PASS:G1_ZONE:87.1%|GATE_FAIL:G2_BB_WIDE:19.1%|GATE_FAIL:G3_LOW_LIQ:3.0M|LOW_LIQUIDITY:TPEx|GATE_PASS:G4_REGIME:uptrend|GATE_PASS:G5_NO_OVERHEAD:91.1%|NO_SETUP|scoring_version:v2
2026-05-07,2026-05-07,3504,CAUTION,0,0,True,False,64.97,65.3,77.91,,,,NO_BROKER_DATA|GATE_PASS:G1_ZONE:87.3%|GATE_FAIL:G2_BB_WIDE:35.0%|GATE_PASS:G3_LIQ:126.5M|GATE_PASS:G4_REGIME:uptrend|GATE_PASS:G5_NO_OVERHEAD:100.0%|NO_SETUP|scoring_version:v2
2026-05-07,2026-05-07,3501,CAUTION,0,0,True,False,47.71,47.95,50.66,,,,NO_BROKER_DATA|GATE_PASS:G1_ZONE:97.3%|GATE_PASS:G2_BB:4.5%|GATE_FAIL:G3_LOW_LIQ:6.8M|LOW_LIQUIDITY:TSE|GATE_PASS:G4_REGIME:uptrend|GATE_PASS:G5_NO_OVERHEAD:92.1%|NO_SETUP|scoring_version:v2
2026-05-07,2026-05-07,3508,CAUTION,0,0,True,False,22.64,22.75,27.35,,,,NO_BROKER_DATA|GATE_FAIL:G1_TOO_FAR_BELOW:80.1%|GATE_FAIL:G2_BB_WIDE:27.3%|GATE_PASS:G3_LIQ:21.1M|GATE_PASS:G4_REGIME:uptrend|GATE_FAIL:G5_OVERHEAD:50.8%|NO_SETUP|scoring_version:v2
2026-05-07,2026-05-07,3511,CAUTION,0,0,True,False,22.04,22.15,24.36,,,,NO_BROKER_DATA|GATE_PASS:G1_ZONE:92.5%|GATE_FAIL:G2_BB_WIDE:27.0%|GATE_PASS:G3_LIQ:18.0M|GATE_PASS:G4_REGIME:uptrend|GATE_PASS:G5_NO_OVERHEAD:100.0%|NO_SETUP|scoring_version:v2
2026-05-07,2026-05-07,3515,CAUTION,0,0,True,False,245.27,246.5,258.82,,,,NO_BROKER_DATA|GATE_PASS:G1_ZONE:97.0%|GATE_FAIL:G2_BB_WIDE:16.3%|GATE_PASS:G3_LIQ:250.0M|GATE_PASS:G4_REGIME:uptrend|GATE_PASS:G5_NO_OVERHEAD:100.0%|NO_SETUP|scoring_version:v2
2026-05-07,2026-05-07,3516,CAUTION,0,0,True,False,20.05,20.15,22.47,,,,NO_BROKER_DATA|GATE_PASS:G1_ZONE:87.0%|GATE_PASS:G2_BB:10.0%|GATE_FAIL:G3_LOW_LIQ:3.6M|LOW_LIQUIDITY:TPEx|GATE_PASS:G4_REGIME:uptrend|GATE_PASS:G5_NO_OVERHEAD:100.0%|NO_SETUP|scoring_version:v2
2026-05-07,2026-05-07,3518,CAUTION,0,0,True,False,37.66,37.85,39.74,,,,NO_BROKER_DATA|GATE_PASS:G1_ZONE:94.6%|GATE_FAIL:G2_BB_WIDE:75.2%|GATE_PASS:G3_LIQ:56.9M|GATE_PASS:G4_REGIME:uptrend|GATE_PASS:G5_NO_OVERHEAD:100.0%|NO_SETUP|scoring_version:v2
2026-05-07,2026-05-07,3523,CAUTION,0,0,True,False,12.49,12.55,13.18,,,,NO_BROKER_DATA|GATE_PASS:G1_ZONE:90.0%|GATE_FAIL:G2_BB_WIDE:93.1%|GATE_FAIL:G3_LOW_LIQ:0.2M|LOW_LIQUIDITY:TPEx|GATE_PASS:G4_REGIME:uptrend|GATE_FAIL:G5_OVERHEAD:72.3%|NO_SETUP|scoring_version:v2
2026-05-07,2026-05-07,3520,CAUTION,0,0,True,False,15.42,15.5,16.48,,,,NO_BROKER_DATA|GATE_PASS:G1_ZONE:96.3%|GATE_FAIL:G2_BB_WIDE:16.1%|GATE_FAIL:G3_LOW_LIQ:4.7M|LOW_LIQUIDITY:TPEx|GATE_PASS:G4_REGIME:uptrend|GATE_PASS:G5_NO_OVERHEAD:100.0%|NO_SETUP|scoring_version:v2
2026-05-07,2026-05-07,3526,CAUTION,0,0,True,False,375.61,377.5,396.38,,,,NO_BROKER_DATA|GATE_FAIL:G1_ALREADY_BROKE_OUT:100.0%|GATE_FAIL:G2_BB_WIDE:44.3%|GATE_PASS:G3_LIQ:446.2M|GATE_PASS:G4_REGIME:uptrend|GATE_PASS:G5_NO_OVERHEAD:100.0%|NO_SETUP|scoring_version:v2
2026-05-07,2026-05-07,3527,CAUTION,0,0,True,False,59.7,60.0,63.0,,,,NO_BROKER_DATA|GATE_PASS:G1_ZONE:91.6%|GATE_FAIL:G2_BB_WIDE:15.6%|GATE_PASS:G3_LIQ:21.7M|GATE_PASS:G4_REGIME:uptrend|GATE_PASS:G5_NO_OVERHEAD:100.0%|NO_SETUP|scoring_version:v2
2026-05-07,2026-05-07,3528,CAUTION,0,0,True,False,88.06,88.5,92.92,,,,NO_BROKER_DATA|GATE_FAIL:G1_ALREADY_BROKE_OUT:100.0%|GATE_FAIL:G2_BB_WIDE:29.2%|GATE_FAIL:G3_LOW_LIQ:35.8M|LOW_LIQUIDITY:TSE|GATE_PASS:G4_REGIME:uptrend|GATE_PASS:G5_NO_OVERHEAD:100.0%|NO_SETUP|scoring_version:v2
2026-05-07,2026-05-07,3529,CAUTION,0,0,True,False,4681.48,4705.0,4940.25,,,,NO_BROKER_DATA|GATE_PASS:G1_ZONE:98.3%|GATE_FAIL:G2_BB_WIDE:51.4%|GATE_PASS:G3_LIQ:3935.0M|GATE_PASS:G4_REGIME:uptrend|GATE_PASS:G5_NO_OVERHEAD:100.0%|NO_SETUP|scoring_version:v2
2026-05-07,2026-05-07,3530,CAUTION,0,0,True,False,67.16,67.5,71.3,,,,NO_BROKER_DATA|GATE_PASS:G1_ZONE:92.7%|GATE_FAIL:G2_BB_WIDE:18.0%|GATE_FAIL:G3_LOW_LIQ:27.2M|LOW_LIQUIDITY:TSE|GATE_PASS:G4_REGIME:uptrend|GATE_PASS:G5_NO_OVERHEAD:99.7%|NO_SETUP|scoring_version:v2
2026-05-07,2026-05-07,3533,CAUTION,0,0,True,False,2835.75,2850.0,2992.5,,,,NO_BROKER_DATA|GATE_PASS:G1_ZONE:96.4%|GATE_FAIL:G2_BB_WIDE:26.9%|GATE_PASS:G3_LIQ:4095.0M|GATE_PASS:G4_REGIME:uptrend|GATE_PASS:G5_NO_OVERHEAD:100.0%|NO_SETUP|scoring_version:v2
2026-05-07,2026-05-07,3531,CAUTION,0,0,True,False,22.84,22.95,24.1,,,,NO_BROKER_DATA|GATE_PASS:G1_ZONE:92.4%|GATE_FAIL:G2_BB_WIDE:133.8%|GATE_FAIL:G3_LOW_LIQ:0.5M|LOW_LIQUIDITY:TPEx|GATE_PASS:G4_REGIME:uptrend|GATE_PASS:G5_NO_OVERHEAD:100.0%|NO_SETUP|scoring_version:v2
2026-05-07,2026-05-07,3537,CAUTION,0,0,True,False,45.12,45.35,47.62,,,,NO_BROKER_DATA|GATE_PASS:G1_ZONE:94.6%|GATE_PASS:G2_BB:11.4%|GATE_FAIL:G3_LOW_LIQ:8.4M|LOW_LIQUIDITY:TPEx|GATE_PASS:G4_REGIME:uptrend|GATE_PASS:G5_NO_OVERHEAD:97.4%|NO_SETUP|scoring_version:v2
2026-05-07,2026-05-07,3532,CAUTION,0,0,True,False,261.69,263.0,276.15,,,,NO_BROKER_DATA|GATE_PASS:G1_ZONE:96.3%|GATE_FAIL:G2_BB_WIDE:55.4%|GATE_PASS:G3_LIQ:1128.5M|GATE_PASS:G4_REGIME:uptrend|GATE_PASS:G5_NO_OVERHEAD:100.0%|NO_SETUP|scoring_version:v2
2026-05-07,2026-05-07,3535,CAUTION,0,0,True,False,131.34,132.0,152.78,,,,NO_BROKER_DATA|GATE_PASS:G1_ZONE:87.4%|GATE_FAIL:G2_BB_WIDE:23.9%|GATE_PASS:G3_LIQ:1363.2M|GATE_PASS:G4_REGIME:uptrend|GATE_PASS:G5_NO_OVERHEAD:100.0%|NO_SETUP|scoring_version:v2
2026-05-07,2026-05-07,3540,CAUTION,0,0,True,False,27.76,27.9,31.29,,,,NO_BROKER_DATA|GATE_PASS:G1_ZONE:91.3%|GATE_PASS:G2_BB:13.2%|GATE_FAIL:G3_LOW_LIQ:13.2M|LOW_LIQUIDITY:TPEx|GATE_PASS:G4_REGIME:uptrend|GATE_PASS:G5_NO_OVERHEAD:93.1%|NO_SETUP|scoring_version:v2
2026-05-07,2026-05-07,3541,CAUTION,0,0,True,False,23.03,23.15,24.31,,,,NO_BROKER_DATA|GATE_PASS:G1_ZONE:95.9%|GATE_PASS:G2_BB:4.5%|GATE_FAIL:G3_LOW_LIQ:1.7M|LOW_LIQUIDITY:TPEx|GATE_PASS:G4_REGIME:uptrend|GATE_PASS:G5_NO_OVERHEAD:91.1%|NO_SETUP|scoring_version:v2
2026-05-07,2026-05-07,3548,CAUTION,0,0,True,False,102.98,103.5,121.8,,,,NO_BROKER_DATA|GATE_FAIL:G1_TOO_FAR_BELOW:83.5%|GATE_FAIL:G2_BB_WIDE:30.7%|GATE_PASS:G3_LIQ:184.4M|GATE_PASS:G4_REGIME:uptrend|GATE_PASS:G5_NO_OVERHEAD:100.0%|NO_SETUP|scoring_version:v2
2026-05-07,2026-05-07,3543,CAUTION,0,0,True,False,38.8,39.0,44.1,,,,NO_BROKER_DATA|GATE_FAIL:G1_TOO_FAR_BELOW:83.6%|GATE_FAIL:G2_BB_WIDE:19.4%|GATE_PASS:G3_LIQ:57.6M|GATE_PASS:G4_REGIME:uptrend|GATE_FAIL:G5_OVERHEAD:79.3%|NO_SETUP|scoring_version:v2
2026-05-07,2026-05-07,3545,CAUTION,0,0,True,False,53.63,53.9,59.01,,,,NO_BROKER_DATA|GATE_PASS:G1_ZONE:94.4%|GATE_FAIL:G2_BB_WIDE:15.5%|GATE_PASS:G3_LIQ:113.3M|GATE_PASS:G4_REGIME:uptrend|GATE_PASS:G5_NO_OVERHEAD:100.0%|NO_SETUP|scoring_version:v2
2026-05-07,2026-05-07,3550,CAUTION,0,0,True,False,21.89,22.0,23.1,,,,NO_BROKER_DATA|GATE_PASS:G1_ZONE:89.8%|GATE_FAIL:G2_BB_WIDE:24.7%|GATE_PASS:G3_LIQ:101.6M|GATE_PASS:G4_REGIME:uptrend|GATE_PASS:G5_NO_OVERHEAD:100.0%|NO_SETUP|scoring_version:v2
2026-05-07,2026-05-07,3555,CAUTION,0,0,True,False,237.31,238.5,273.53,,,,NO_BROKER_DATA|GATE_FAIL:G1_TOO_FAR_BELOW:84.7%|GATE_FAIL:G2_BB_WIDE:39.5%|GATE_PASS:G3_LIQ:118.8M|GATE_PASS:G4_REGIME:uptrend|GATE_PASS:G5_NO_OVERHEAD:100.0%|NO_SETUP|scoring_version:v2
2026-05-07,2026-05-07,3552,CAUTION,0,0,True,False,54.82,55.1,66.15,,,,NO_BROKER_DATA|GATE_FAIL:G1_TOO_FAR_BELOW:84.8%|GATE_FAIL:G2_BB_WIDE:20.9%|GATE_PASS:G3_LIQ:34.4M|GATE_PASS:G4_REGIME:uptrend|GATE_PASS:G5_NO_OVERHEAD:100.0%|NO_SETUP|scoring_version:v2
2026-05-07,2026-05-07,3558,CAUTION,0,0,True,False,111.94,112.5,122.85,,,,NO_BROKER_DATA|GATE_PASS:G1_ZONE:94.5%|GATE_PASS:G2_BB:9.9%|GATE_PASS:G3_LIQ:21.4M|GATE_PASS:G4_REGIME:uptrend|GATE_FAIL:G5_OVERHEAD:79.3%|NO_SETUP|scoring_version:v2
2026-05-07,2026-05-07,3556,CAUTION,0,0,True,False,52.04,52.3,61.01,,,,NO_BROKER_DATA|GATE_PASS:G1_ZONE:89.2%|GATE_FAIL:G2_BB_WIDE:25.9%|GATE_PASS:G3_LIQ:45.6M|GATE_PASS:G4_REGIME:uptrend|GATE_PASS:G5_NO_OVERHEAD:100.0%|NO_SETUP|scoring_version:v2
2026-05-07,2026-05-07,3563,CAUTION,0,0,True,False,811.92,816.0,968.1,,,,NO_BROKER_DATA|GATE_FAIL:G1_TOO_FAR_BELOW:81.8%|GATE_FAIL:G2_BB_WIDE:16.0%|GATE_PASS:G3_LIQ:2296.6M|GATE_PASS:G4_REGIME:uptrend|GATE_PASS:G5_NO_OVERHEAD:100.0%|NO_SETUP|scoring_version:v2
2026-05-07,2026-05-07,3564,CAUTION,0,0,True,False,39.85,40.05,42.05,,,,NO_BROKER_DATA|GATE_PASS:G1_ZONE:90.1%|GATE_PASS:G2_BB:9.9%|GATE_FAIL:G3_LOW_LIQ:5.7M|LOW_LIQUIDITY:TPEx|GATE_PASS:G4_REGIME:uptrend|GATE_FAIL:G5_OVERHEAD:79.2%|NO_SETUP|scoring_version:v2
2026-05-07,2026-05-07,3567,CAUTION,0,0,True,False,29.4,29.55,32.34,,,,NO_BROKER_DATA|GATE_PASS:G1_ZONE:92.3%|GATE_FAIL:G2_BB_WIDE:21.8%|GATE_FAIL:G3_LOW_LIQ:9.1M|LOW_LIQUIDITY:TPEx|GATE_PASS:G4_REGIME:uptrend|GATE_PASS:G5_NO_OVERHEAD:100.0%|NO_SETUP|scoring_version:v2
2026-05-07,2026-05-07,3576,CAUTION,0,0,True,False,17.11,17.2,19.21,,,,NO_BROKER_DATA|GATE_FAIL:G1_TOO_FAR_BELOW:80.9%|GATE_FAIL:G2_BB_WIDE:35.3%|GATE_PASS:G3_LIQ:500.9M|GATE_PASS:G4_REGIME:uptrend|GATE_FAIL:G5_OVERHEAD:75.9%|NO_SETUP|scoring_version:v2
2026-05-07,2026-05-07,3570,CAUTION,0,0,True,False,163.68,164.5,172.72,,,,NO_BROKER_DATA|GATE_PASS:G1_ZONE:97.3%|GATE_PASS:G2_BB:3.7%|GATE_FAIL:G3_LOW_LIQ:6.6M|LOW_LIQUIDITY:TPEx|GATE_PASS:G4_REGIME:uptrend|GATE_PASS:G5_NO_OVERHEAD:88.5%|NO_SETUP|scoring_version:v2
2026-05-07,2026-05-07,3577,CAUTION,0,0,True,False,87.16,87.6,91.98,,,,NO_BROKER_DATA|GATE_PASS:G1_ZONE:95.7%|GATE_FAIL:G2_BB_WIDE:20.9%|GATE_PASS:G3_LIQ:22.0M|GATE_PASS:G4_REGIME:uptrend|GATE_PASS:G5_NO_OVERHEAD:100.0%|NO_SETUP|scoring_version:v2
2026-05-07,2026-05-07,3581,CAUTION,0,0,True,False,224.37,225.5,236.78,,,,NO_BROKER_DATA|GATE_PASS:G1_ZONE:94.7%|GATE_FAIL:G2_BB_WIDE:132.3%|GATE_PASS:G3_LIQ:161.4M|GATE_PASS:G4_REGIME:uptrend|GATE_PASS:G5_NO_OVERHEAD:100.0%|NO_SETUP|scoring_version:v2
2026-05-07,2026-05-07,3587,CAUTION,0,0,True,False,327.85,329.5,387.45,,,,NO_BROKER_DATA|GATE_PASS:G1_ZONE:87.3%|GATE_FAIL:G2_BB_WIDE:31.4%|GATE_PASS:G3_LIQ:1539.5M|GATE_PASS:G4_REGIME:uptrend|GATE_PASS:G5_NO_OVERHEAD:100.0%|NO_SETUP|scoring_version:v2
2026-05-07,2026-05-07,3583,CAUTION,0,0,True,False,793.01,797.0,836.85,,,,NO_BROKER_DATA|GATE_PASS:G1_ZONE:85.6%|GATE_FAIL:G2_BB_WIDE:34.1%|GATE_PASS:G3_LIQ:2478.7M|GATE_PASS:G4_REGIME:uptrend|GATE_PASS:G5_NO_OVERHEAD:100.0%|NO_SETUP|scoring_version:v2
2026-05-07,2026-05-07,3580,CAUTION,0,0,True,False,87.96,88.4,103.95,,,,NO_BROKER_DATA|GATE_PASS:G1_ZONE:86.2%|GATE_FAIL:G2_BB_WIDE:25.5%|GATE_PASS:G3_LIQ:197.7M|GATE_PASS:G4_REGIME:uptrend|GATE_PASS:G5_NO_OVERHEAD:100.0%|NO_SETUP|scoring_version:v2
2026-05-07,2026-05-07,3588,CAUTION,0,0,True,False,61.39,61.7,71.19,,,,NO_BROKER_DATA|GATE_PASS:G1_ZONE:86.2%|GATE_FAIL:G2_BB_WIDE:33.0%|GATE_PASS:G3_LIQ:115.2M|GATE_PASS:G4_REGIME:uptrend|GATE_PASS:G5_NO_OVERHEAD:100.0%|NO_SETUP|scoring_version:v2
2026-05-07,2026-05-07,3594,CAUTION,0,0,True,False,55.12,55.4,59.22,,,,NO_BROKER_DATA|GATE_PASS:G1_ZONE:93.0%|GATE_FAIL:G2_BB_WIDE:36.4%|GATE_PASS:G3_LIQ:79.0M|GATE_PASS:G4_REGIME:uptrend|GATE_PASS:G5_NO_OVERHEAD:100.0%|NO_SETUP|scoring_version:v2
2026-05-07,2026-05-07,3593,CAUTION,0,0,True,False,18.91,19.0,19.95,,,,NO_BROKER_DATA|GATE_PASS:G1_ZONE:93.1%|GATE_FAIL:G2_BB_WIDE:32.3%|GATE_FAIL:G3_LOW_LIQ:2.0M|LOW_LIQUIDITY:TSE|GATE_PASS:G4_REGIME:uptrend|GATE_PASS:G5_NO_OVERHEAD:100.0%|NO_SETUP|scoring_version:v2
2026-05-07,2026-05-07,3591,CAUTION,0,0,True,False,24.28,24.4,25.62,,,,NO_BROKER_DATA|GATE_FAIL:G1_TOO_FAR_BELOW:81.6%|GATE_FAIL:G2_BB_WIDE:20.4%|GATE_PASS:G3_LIQ:125.0M|GATE_PASS:G4_REGIME:uptrend|GATE_PASS:G5_NO_OVERHEAD:100.0%|NO_SETUP|scoring_version:v2
2026-05-07,2026-05-07,3596,CAUTION,0,0,True,False,166.66,167.5,180.08,,,,NO_BROKER_DATA|GATE_PASS:G1_ZONE:92.5%|GATE_PASS:G2_BB:13.0%|GATE_PASS:G3_LIQ:206.9M|GATE_PASS:G4_REGIME:uptrend|GATE_FAIL:G5_OVERHEAD:84.6%|NO_SETUP|scoring_version:v2
2026-05-07,2026-05-07,3605,CAUTION,0,0,True,False,86.76,87.2,91.56,,,,NO_BROKER_DATA|GATE_PASS:G1_ZONE:95.0%|GATE_FAIL:G2_BB_WIDE:49.7%|GATE_PASS:G3_LIQ:840.9M|GATE_PASS:G4_REGIME:uptrend|GATE_PASS:G5_NO_OVERHEAD:100.0%|NO_SETUP|scoring_version:v2
2026-05-07,2026-05-07,3597,CAUTION,0,0,True,False,25.52,25.65,28.09,,,,NO_BROKER_DATA|GATE_PASS:G1_ZONE:94.5%|GATE_PASS:G2_BB:12.7%|GATE_FAIL:G3_LOW_LIQ:2.1M|LOW_LIQUIDITY:TPEx|GATE_PASS:G4_REGIME:uptrend|GATE_PASS:G5_NO_OVERHEAD:100.0%|NO_SETUP|scoring_version:v2
2026-05-07,2026-05-07,3609,CAUTION,0,0,True,False,22.49,22.6,23.73,,,,NO_BROKER_DATA|GATE_FAIL:G1_TOO_FAR_BELOW:82.9%|GATE_FAIL:G2_BB_WIDE:26.5%|GATE_FAIL:G3_LOW_LIQ:4.1M|LOW_LIQUIDITY:TPEx|GATE_PASS:G4_REGIME:uptrend|GATE_FAIL:G5_OVERHEAD:70.3%|NO_SETUP|scoring_version:v2
2026-05-07,2026-05-07,3607,CAUTION,0,0,True,False,14.58,14.65,16.28,,,,NO_BROKER_DATA|GATE_PASS:G1_ZONE:91.6%|GATE_PASS:G2_BB:10.6%|GATE_FAIL:G3_LOW_LIQ:7.5M|LOW_LIQUIDITY:TSE|GATE_PASS:G4_REGIME:uptrend|GATE_PASS:G5_NO_OVERHEAD:100.0%|NO_SETUP|scoring_version:v2
2026-05-07,2026-05-07,3611,CAUTION,0,0,True,False,189.55,190.5,202.65,,,,NO_BROKER_DATA|GATE_PASS:G1_ZONE:96.7%|GATE_PASS:G2_BB:3.2%|GATE_FAIL:G3_LOW_LIQ:9.3M|LOW_LIQUIDITY:TPEx|GATE_PASS:G4_REGIME:uptrend|GATE_PASS:G5_NO_OVERHEAD:99.2%|NO_SETUP|scoring_version:v2
2026-05-07,2026-05-07,3615,CAUTION,0,0,True,False,33.68,33.85,35.54,,,,NO_BROKER_DATA|GATE_PASS:G1_ZONE:90.3%|GATE_FAIL:G2_BB_WIDE:20.1%|GATE_PASS:G3_LIQ:94.5M|GATE_PASS:G4_REGIME:uptrend|GATE_PASS:G5_NO_OVERHEAD:98.9%|NO_SETUP|scoring_version:v2
2026-05-07,2026-05-07,3623,CAUTION,0,0,True,False,23.13,23.25,27.2,,,,NO_BROKER_DATA|GATE_PASS:G1_ZONE:89.3%|GATE_PASS:G2_BB:13.7%|GATE_FAIL:G3_LOW_LIQ:3.1M|LOW_LIQUIDITY:TPEx|GATE_PASS:G4_REGIME:uptrend|GATE_PASS:G5_NO_OVERHEAD:88.6%|NO_SETUP|scoring_version:v2
2026-05-07,2026-05-07,3622,CAUTION,0,0,True,False,56.81,57.1,59.96,,,,NO_BROKER_DATA|GATE_FAIL:G1_ALREADY_BROKE_OUT:99.7%|GATE_PASS:G2_BB:4.8%|GATE_FAIL:G3_LOW_LIQ:21.4M|LOW_LIQUIDITY:TSE|GATE_PASS:G4_REGIME:uptrend|GATE_PASS:G5_NO_OVERHEAD:85.3%|NO_SETUP|scoring_version:v2
2026-05-07,2026-05-07,3624,CAUTION,0,0,True,False,59.1,59.4,62.37,,,,NO_BROKER_DATA|GATE_FAIL:G1_ALREADY_BROKE_OUT:100.0%|GATE_FAIL:G2_BB_WIDE:21.9%|GATE_PASS:G3_LIQ:149.1M|GATE_PASS:G4_REGIME:uptrend|GATE_PASS:G5_NO_OVERHEAD:87.7%|NO_SETUP|scoring_version:v2
2026-05-07,2026-05-07,3625,CAUTION,0,0,True,False,15.22,15.3,20.32,,,,NO_BROKER_DATA|GATE_FAIL:G1_TOO_FAR_BELOW:78.9%|GATE_FAIL:G2_BB_WIDE:19.1%|GATE_FAIL:G3_LOW_LIQ:14.0M|LOW_LIQUIDITY:TPEx|GATE_PASS:G4_REGIME:uptrend|GATE_PASS:G5_NO_OVERHEAD:95.1%|NO_SETUP|scoring_version:v2
2026-05-07,2026-05-07,3631,CAUTION,0,0,True,False,38.95,39.15,41.9,,,,NO_BROKER_DATA|GATE_PASS:G1_ZONE:95.0%|GATE_FAIL:G2_BB_WIDE:63.1%|GATE_PASS:G3_LIQ:16.6M|GATE_PASS:G4_REGIME:uptrend|GATE_PASS:G5_NO_OVERHEAD:100.0%|NO_SETUP|scoring_version:v2
2026-05-07,2026-05-07,3630,CAUTION,0,0,True,False,27.46,27.6,33.02,,,,NO_BROKER_DATA|GATE_PASS:G1_ZONE:85.7%|GATE_FAIL:G2_BB_WIDE:15.9%|GATE_PASS:G3_LIQ:28.4M|GATE_PASS:G4_REGIME:uptrend|GATE_PASS:G5_NO_OVERHEAD:86.1%|NO_SETUP|scoring_version:v2
2026-05-07,2026-05-07,3632,CAUTION,0,0,True,False,8.46,8.5,8.93,,,,NO_BROKER_DATA|GATE_PASS:G1_ZONE:91.4%|GATE_PASS:G2_BB:8.5%|GATE_FAIL:G3_LOW_LIQ:0.4M|LOW_LIQUIDITY:TPEx|GATE_PASS:G4_REGIME:uptrend|GATE_PASS:G5_NO_OVERHEAD:87.7%|NO_SETUP|scoring_version:v2
2026-05-07,2026-05-07,3645,CAUTION,0,0,True,False,96.52,97.0,109.73,,,,NO_BROKER_DATA|GATE_FAIL:G1_TOO_FAR_BELOW:80.8%|GATE_FAIL:G2_BB_WIDE:38.4%|GATE_PASS:G3_LIQ:1797.7M|GATE_PASS:G4_REGIME:uptrend|GATE_PASS:G5_NO_OVERHEAD:100.0%|NO_SETUP|scoring_version:v2
2026-05-07,2026-05-07,3646,CAUTION,0,0,True,False,23.03,23.15,24.31,,,,NO_BROKER_DATA|GATE_PASS:G1_ZONE:94.9%|GATE_FAIL:G2_BB_WIDE:91.8%|GATE_FAIL:G3_LOW_LIQ:0.6M|LOW_LIQUIDITY:TPEx|GATE_PASS:G4_REGIME:uptrend|GATE_PASS:G5_NO_OVERHEAD:92.4%|NO_SETUP|scoring_version:v2
2026-05-07,2026-05-07,3653,CAUTION,0,0,True,False,3855.62,3875.0,4068.75,,,,NO_BROKER_DATA|GATE_FAIL:G1_TOO_FAR_BELOW:68.2%|GATE_FAIL:G2_BB_WIDE:46.4%|GATE_PASS:G3_LIQ:4933.2M|GATE_PASS:G4_REGIME:uptrend|GATE_PASS:G5_NO_OVERHEAD:100.0%|NO_SETUP|scoring_version:v2
2026-05-07,2026-05-07,3652,CAUTION,0,0,True,False,29.8,29.95,33.6,,,,NO_BROKER_DATA|GATE_PASS:G1_ZONE:88.0%|GATE_FAIL:G2_BB_WIDE:22.3%|GATE_FAIL:G3_LOW_LIQ:6.8M|LOW_LIQUIDITY:TSE|GATE_PASS:G4_REGIME:uptrend|GATE_PASS:G5_NO_OVERHEAD:100.0%|NO_SETUP|scoring_version:v2
2026-05-07,2026-05-07,3661,CAUTION,0,0,True,False,4771.02,4795.0,5034.75,,,,NO_BROKER_DATA|GATE_PASS:G1_ZONE:98.5%|GATE_FAIL:G2_BB_WIDE:54.3%|GATE_PASS:G3_LIQ:11096.0M|GATE_PASS:G4_REGIME:uptrend|GATE_PASS:G5_NO_OVERHEAD:100.0%|NO_SETUP|scoring_version:v2
2026-05-07,2026-05-07,3663,CAUTION,0,0,True,False,74.03,74.4,81.27,,,,NO_BROKER_DATA|GATE_PASS:G1_ZONE:93.1%|GATE_FAIL:G2_BB_WIDE:17.1%|GATE_PASS:G3_LIQ:294.4M|GATE_PASS:G4_REGIME:uptrend|GATE_PASS:G5_NO_OVERHEAD:99.1%|NO_SETUP|scoring_version:v2
2026-05-07,2026-05-07,3664,CAUTION,0,0,True,False,7.06,7.1,7.46,,,,NO_BROKER_DATA|GATE_FAIL:G1_TOO_FAR_BELOW:77.1%|GATE_FAIL:G2_BB_WIDE:65.3%|GATE_FAIL:G3_LOW_LIQ:0.9M|LOW_LIQUIDITY:TPEx|GATE_PASS:G4_REGIME:uptrend|GATE_FAIL:G5_OVERHEAD:55.0%|NO_SETUP|scoring_version:v2
2026-05-07,2026-05-07,3665,CAUTION,0,0,True,False,2766.1,2780.0,2919.0,,,,NO_BROKER_DATA|GATE_PASS:G1_ZONE:93.6%|GATE_FAIL:G2_BB_WIDE:37.4%|GATE_PASS:G3_LIQ:8037.0M|GATE_PASS:G4_REGIME:uptrend|GATE_PASS:G5_NO_OVERHEAD:100.0%|NO_SETUP|scoring_version:v2
2026-05-07,2026-05-07,3666,CAUTION,0,0,True,False,26.42,26.55,27.88,,,,NO_BROKER_DATA|GATE_PASS:G1_ZONE:97.3%|GATE_PASS:G2_BB:11.0%|GATE_FAIL:G3_LOW_LIQ:3.4M|LOW_LIQUIDITY:TPEx|GATE_PASS:G4_REGIME:uptrend|GATE_PASS:G5_NO_OVERHEAD:91.6%|NO_SETUP|scoring_version:v2
2026-05-07,2026-05-07,3669,CAUTION,0,0,True,False,39.4,39.6,44.84,,,,NO_BROKER_DATA|GATE_PASS:G1_ZONE:89.5%|GATE_FAIL:G2_BB_WIDE:15.1%|GATE_FAIL:G3_LOW_LIQ:17.2M|LOW_LIQUIDITY:TSE|GATE_PASS:G4_REGIME:uptrend|GATE_PASS:G5_NO_OVERHEAD:100.0%|NO_SETUP|scoring_version:v2
2026-05-07,2026-05-07,3672,CAUTION,0,0,True,False,11.94,12.0,12.6,,,,NO_BROKER_DATA|GATE_FAIL:G1_TOO_FAR_BELOW:83.3%|GATE_FAIL:G2_BB_WIDE:20.9%|GATE_FAIL:G3_LOW_LIQ:1.5M|LOW_LIQUIDITY:TPEx|GATE_PASS:G4_REGIME:uptrend|GATE_PASS:G5_NO_OVERHEAD:100.0%|NO_SETUP|scoring_version:v2
2026-05-07,2026-05-07,3673,CAUTION,0,0,True,False,60.2,60.5,71.82,,,,NO_BROKER_DATA|GATE_FAIL:G1_TOO_FAR_BELOW:80.5%|GATE_FAIL:G2_BB_WIDE:37.4%|GATE_PASS:G3_LIQ:1080.9M|GATE_PASS:G4_REGIME:uptrend|GATE_PASS:G5_NO_OVERHEAD:100.0%|NO_SETUP|scoring_version:v2
2026-05-07,2026-05-07,3675,CAUTION,0,0,True,False,240.79,242.0,254.1,,,,NO_BROKER_DATA|GATE_PASS:G1_ZONE:94.2%|GATE_FAIL:G2_BB_WIDE:28.4%|GATE_PASS:G3_LIQ:280.3M|GATE_PASS:G4_REGIME:uptrend|GATE_PASS:G5_NO_OVERHEAD:100.0%|NO_SETUP|scoring_version:v2
2026-05-07,2026-05-07,3679,CAUTION,0,0,True,False,118.9,119.5,127.58,,,,NO_BROKER_DATA|GATE_PASS:G1_ZONE:97.2%|GATE_PASS:G2_BB:4.2%|GATE_FAIL:G3_LOW_LIQ:7.9M|LOW_LIQUIDITY:TSE|GATE_PASS:G4_REGIME:uptrend|GATE_PASS:G5_NO_OVERHEAD:100.0%|NO_SETUP|scoring_version:v2
2026-05-07,2026-05-07,3680,CAUTION,0,0,True,False,582.08,585.0,614.25,,,,NO_BROKER_DATA|GATE_PASS:G1_ZONE:96.2%|GATE_FAIL:G2_BB_WIDE:53.8%|GATE_PASS:G3_LIQ:2387.7M|GATE_PASS:G4_REGIME:uptrend|GATE_PASS:G5_NO_OVERHEAD:100.0%|NO_SETUP|scoring_version:v2
2026-05-07,2026-05-07,3685,CAUTION,0,0,True,False,29.15,29.3,36.17,,,,NO_BROKER_DATA|GATE_FAIL:G1_TOO_FAR_BELOW:80.9%|GATE_FAIL:G2_BB_WIDE:30.5%|GATE_PASS:G3_LIQ:15.0M|GATE_PASS:G4_REGIME:uptrend|GATE_PASS:G5_NO_OVERHEAD:92.8%|NO_SETUP|scoring_version:v2
2026-05-07,2026-05-07,3684,CAUTION,0,0,True,False,58.31,58.6,63.11,,,,NO_BROKER_DATA|GATE_PASS:G1_ZONE:95.1%|GATE_PASS:G2_BB:7.3%|GATE_FAIL:G3_LOW_LIQ:5.7M|LOW_LIQUIDITY:TPEx|GATE_PASS:G4_REGIME:uptrend|GATE_FAIL:G5_OVERHEAD:84.7%|NO_SETUP|scoring_version:v2
2026-05-07,2026-05-07,3686,CAUTION,0,0,True,False,18.01,18.1,19.21,,,,NO_BROKER_DATA|GATE_PASS:G1_ZONE:95.8%|GATE_PASS:G2_BB:7.3%|GATE_FAIL:G3_LOW_LIQ:4.5M|LOW_LIQUIDITY:TSE|GATE_PASS:G4_REGIME:uptrend|GATE_FAIL:G5_OVERHEAD:78.8%|NO_SETUP|scoring_version:v2
2026-05-07,2026-05-07,3691,CAUTION,0,0,True,False,130.84,131.5,138.08,,,,NO_BROKER_DATA|GATE_PASS:G1_ZONE:92.9%|GATE_FAIL:G2_BB_WIDE:28.7%|GATE_PASS:G3_LIQ:177.5M|GATE_PASS:G4_REGIME:uptrend|GATE_PASS:G5_NO_OVERHEAD:97.9%|NO_SETUP|scoring_version:v2
2026-05-07,2026-05-07,3693,CAUTION,0,0,True,False,666.65,670.0,703.5,,,,NO_BROKER_DATA|GATE_PASS:G1_ZONE:88.7%|GATE_FAIL:G2_BB_WIDE:26.9%|GATE_PASS:G3_LIQ:1935.2M|GATE_PASS:G4_REGIME:uptrend|GATE_PASS:G5_NO_OVERHEAD:100.0%|NO_SETUP|scoring_version:v2
2026-05-07,2026-05-07,3701,CAUTION,0,0,True,False,62.29,62.6,82.53,,,,NO_BROKER_DATA|GATE_FAIL:G1_TOO_FAR_BELOW:78.4%|GATE_FAIL:G2_BB_WIDE:32.6%|GATE_PASS:G3_LIQ:698.0M|GATE_PASS:G4_REGIME:uptrend|GATE_PASS:G5_NO_OVERHEAD:100.0%|NO_SETUP|scoring_version:v2
2026-05-07,2026-05-07,3702,CAUTION,0,0,True,False,102.98,103.5,108.68,,,,NO_BROKER_DATA|GATE_PASS:G1_ZONE:98.6%|GATE_FAIL:G2_BB_WIDE:15.0%|GATE_PASS:G3_LIQ:1545.1M|GATE_PASS:G4_REGIME:uptrend|GATE_PASS:G5_NO_OVERHEAD:100.0%|NO_SETUP|scoring_version:v2
2026-05-07,2026-05-07,3704,CAUTION,0,0,True,False,35.22,35.4,38.48,,,,NO_BROKER_DATA|GATE_PASS:G1_ZONE:91.6%|GATE_FAIL:G2_BB_WIDE:16.0%|GATE_PASS:G3_LIQ:122.8M|GATE_PASS:G4_REGIME:uptrend|GATE_PASS:G5_NO_OVERHEAD:99.9%|NO_SETUP|scoring_version:v2
2026-05-07,2026-05-07,3705,CAUTION,0,0,True,False,55.12,55.4,58.49,,,,NO_BROKER_DATA|GATE_PASS:G1_ZONE:97.7%|GATE_PASS:G2_BB:2.4%|GATE_FAIL:G3_LOW_LIQ:11.9M|LOW_LIQUIDITY:TSE|GATE_PASS:G4_REGIME:uptrend|GATE_PASS:G5_NO_OVERHEAD:99.0%|NO_SETUP|scoring_version:v2
2026-05-07,2026-05-07,3709,CAUTION,0,0,True,False,84.08,84.5,88.73,,,,NO_BROKER_DATA|GATE_PASS:G1_ZONE:93.4%|GATE_FAIL:G2_BB_WIDE:31.7%|GATE_PASS:G3_LIQ:410.1M|GATE_PASS:G4_REGIME:uptrend|GATE_PASS:G5_NO_OVERHEAD:100.0%|NO_SETUP|scoring_version:v2
2026-05-07,2026-05-07,3707,CAUTION,0,0,True,False,74.33,74.7,78.44,,,,NO_BROKER_DATA|GATE_PASS:G1_ZONE:93.0%|GATE_FAIL:G2_BB_WIDE:50.2%|GATE_PASS:G3_LIQ:1204.3M|GATE_PASS:G4_REGIME:uptrend|GATE_PASS:G5_NO_OVERHEAD:100.0%|NO_SETUP|scoring_version:v2
2026-05-07,2026-05-07,3710,CAUTION,0,0,True,False,6.46,6.49,7.9,,,,NO_BROKER_DATA|GATE_FAIL:G1_TOO_FAR_BELOW:71.7%|GATE_FAIL:G2_BB_WIDE:37.1%|GATE_FAIL:G3_LOW_LIQ:7.8M|LOW_LIQUIDITY:TPEx|GATE_PASS:G4_REGIME:uptrend|GATE_PASS:G5_NO_OVERHEAD:100.0%|NO_SETUP|scoring_version:v2
2026-05-07,2026-05-07,3711,CAUTION,0,0,True,False,537.3,540.0,567.0,,,,NO_BROKER_DATA|GATE_PASS:G1_ZONE:96.8%|GATE_FAIL:G2_BB_WIDE:35.4%|GATE_PASS:G3_LIQ:12061.6M|GATE_PASS:G4_REGIME:uptrend|GATE_PASS:G5_NO_OVERHEAD:100.0%|NO_SETUP|scoring_version:v2
2026-05-07,2026-05-07,3714,CAUTION,0,0,True,False,71.04,71.4,79.8,,,,NO_BROKER_DATA|GATE_PASS:G1_ZONE:85.7%|GATE_FAIL:G2_BB_WIDE:41.6%|GATE_PASS:G3_LIQ:2966.9M|GATE_PASS:G4_REGIME:uptrend|GATE_PASS:G5_NO_OVERHEAD:100.0%|NO_SETUP|scoring_version:v2
2026-05-07,2026-05-07,3712,CAUTION,0,0,True,False,20.94,21.05,22.1,,,,NO_BROKER_DATA|GATE_PASS:G1_ZONE:89.4%|GATE_FAIL:G2_BB_WIDE:31.7%|GATE_FAIL:G3_LOW_LIQ:27.0M|LOW_LIQUIDITY:TSE|GATE_PASS:G4_REGIME:uptrend|GATE_PASS:G5_NO_OVERHEAD:87.9%|NO_SETUP|scoring_version:v2
2026-05-07,2026-05-07,3716,CAUTION,0,0,True,False,34.43,34.6,36.33,,,,NO_BROKER_DATA|GATE_PASS:G1_ZONE:98.0%|GATE_PASS:G2_BB:8.2%|GATE_FAIL:G3_LOW_LIQ:7.9M|LOW_LIQUIDITY:TSE|GATE_PASS:G4_REGIME:uptrend|GATE_PASS:G5_NO_OVERHEAD:100.0%|NO_SETUP|scoring_version:v2
2026-05-07,2026-05-07,4102,CAUTION,0,0,True,False,17.41,17.5,20.0,,,,NO_BROKER_DATA|GATE_PASS:G1_ZONE:89.7%|GATE_PASS:G2_BB:11.7%|GATE_FAIL:G3_LOW_LIQ:1.3M|LOW_LIQUIDITY:TPEx|GATE_PASS:G4_REGIME:uptrend|GATE_PASS:G5_NO_OVERHEAD:92.9%|NO_SETUP|scoring_version:v2
2026-05-07,2026-05-07,4107,CAUTION,0,0,True,False,115.42,116.0,126.53,,,,NO_BROKER_DATA|GATE_PASS:G1_ZONE:94.7%|GATE_PASS:G2_BB:7.5%|GATE_FAIL:G3_LOW_LIQ:8.5M|LOW_LIQUIDITY:TPEx|GATE_PASS:G4_REGIME:uptrend|GATE_PASS:G5_NO_OVERHEAD:98.0%|NO_SETUP|scoring_version:v2
2026-05-07,2026-05-07,4106,CAUTION,0,0,True,False,22.09,22.2,23.36,,,,NO_BROKER_DATA|GATE_PASS:G1_ZONE:98.0%|GATE_PASS:G2_BB:2.8%|GATE_FAIL:G3_LOW_LIQ:1.9M|LOW_LIQUIDITY:TSE|GATE_PASS:G4_REGIME:uptrend|GATE_PASS:G5_NO_OVERHEAD:95.4%|NO_SETUP|scoring_version:v2
2026-05-07,2026-05-07,4104,CAUTION,0,0,True,False,70.25,70.6,77.7,,,,NO_BROKER_DATA|GATE_PASS:G1_ZONE:88.8%|GATE_FAIL:G2_BB_WIDE:18.6%|GATE_FAIL:G3_LOW_LIQ:30.8M|LOW_LIQUIDITY:TSE|GATE_PASS:G4_REGIME:uptrend|GATE_PASS:G5_NO_OVERHEAD:100.0%|NO_SETUP|scoring_version:v2
2026-05-07,2026-05-07,4108,CAUTION,0,0,True,False,11.94,12.0,13.76,,,,NO_BROKER_DATA|GATE_PASS:G1_ZONE:89.2%|GATE_PASS:G2_BB:7.8%|GATE_FAIL:G3_LOW_LIQ:2.9M|LOW_LIQUIDITY:TSE|GATE_PASS:G4_REGIME:uptrend|GATE_PASS:G5_NO_OVERHEAD:90.9%|NO_SETUP|scoring_version:v2
2026-05-07,2026-05-07,4109,CAUTION,0,0,True,False,11.44,11.5,13.12,,,,NO_BROKER_DATA|GATE_PASS:G1_ZONE:89.8%|GATE_PASS:G2_BB:13.7%|GATE_FAIL:G3_LOW_LIQ:2.6M|LOW_LIQUIDITY:TPEx|GATE_PASS:G4_REGIME:uptrend|GATE_PASS:G5_NO_OVERHEAD:86.8%|NO_SETUP|scoring_version:v2
2026-05-07,2026-05-07,4116,CAUTION,0,0,True,False,39.25,39.45,43.42,,,,NO_BROKER_DATA|GATE_PASS:G1_ZONE:93.9%|GATE_PASS:G2_BB:6.3%|GATE_FAIL:G3_LOW_LIQ:1.4M|LOW_LIQUIDITY:TPEx|GATE_PASS:G4_REGIME:uptrend|GATE_PASS:G5_NO_OVERHEAD:96.6%|NO_SETUP|scoring_version:v2
2026-05-07,2026-05-07,4111,CAUTION,0,0,True,False,30.05,30.2,31.71,,,,NO_BROKER_DATA|GATE_PASS:G1_ZONE:98.4%|GATE_PASS:G2_BB:2.6%|GATE_FAIL:G3_LOW_LIQ:3.6M|LOW_LIQUIDITY:TPEx|GATE_PASS:G4_REGIME:uptrend|GATE_PASS:G5_NO_OVERHEAD:100.0%|NO_SETUP|scoring_version:v2
2026-05-07,2026-05-07,4119,CAUTION,0,0,True,False,47.06,47.3,50.98,,,,NO_BROKER_DATA|GATE_PASS:G1_ZONE:91.5%|GATE_PASS:G2_BB:11.0%|GATE_FAIL:G3_LOW_LIQ:10.9M|LOW_LIQUIDITY:TSE|GATE_PASS:G4_REGIME:uptrend|GATE_PASS:G5_NO_OVERHEAD:93.2%|NO_SETUP|scoring_version:v2
2026-05-07,2026-05-07,4120,CAUTION,0,0,True,False,46.37,46.6,48.93,,,,NO_BROKER_DATA|GATE_PASS:G1_ZONE:96.2%|GATE_PASS:G2_BB:3.9%|GATE_FAIL:G3_LOW_LIQ:1.5M|LOW_LIQUIDITY:TPEx|GATE_PASS:G4_REGIME:uptrend|GATE_PASS:G5_NO_OVERHEAD:98.9%|NO_SETUP|scoring_version:v2
2026-05-07,2026-05-07,4126,CAUTION,0,0,True,False,79.5,79.9,83.9,,,,NO_BROKER_DATA|GATE_PASS:G1_ZONE:97.9%|GATE_PASS:G2_BB:3.4%|GATE_FAIL:G3_LOW_LIQ:3.9M|LOW_LIQUIDITY:TPEx|GATE_PASS:G4_REGIME:uptrend|GATE_PASS:G5_NO_OVERHEAD:98.3%|NO_SETUP|scoring_version:v2
2026-05-07,2026-05-07,4121,CAUTION,0,0,True,False,14.48,14.55,16.28,,,,NO_BROKER_DATA|GATE_PASS:G1_ZONE:92.7%|GATE_PASS:G2_BB:11.6%|GATE_FAIL:G3_LOW_LIQ:2.4M|LOW_LIQUIDITY:TPEx|GATE_PASS:G4_REGIME:uptrend|GATE_FAIL:G5_OVERHEAD:75.3%|NO_SETUP|scoring_version:v2
2026-05-07,2026-05-07,4123,CAUTION,0,0,True,False,37.91,38.1,43.63,,,,NO_BROKER_DATA|GATE_PASS:G1_ZONE:90.6%|GATE_PASS:G2_BB:9.6%|GATE_PASS:G3_LIQ:109.1M|GATE_PASS:G4_REGIME:uptrend|GATE_FAIL:G5_OVERHEAD:81.8%|NO_SETUP|scoring_version:v2
2026-05-07,2026-05-07,4127,CAUTION,0,0,True,False,39.15,39.35,41.69,,,,NO_BROKER_DATA|GATE_PASS:G1_ZONE:97.2%|GATE_PASS:G2_BB:13.9%|GATE_FAIL:G3_LOW_LIQ:4.0M|LOW_LIQUIDITY:TPEx|GATE_PASS:G4_REGIME:uptrend|GATE_PASS:G5_NO_OVERHEAD:96.0%|NO_SETUP|scoring_version:v2
2026-05-07,2026-05-07,4128,CAUTION,0,0,True,False,15.12,15.2,18.01,,,,NO_BROKER_DATA|GATE_FAIL:G1_TOO_FAR_BELOW:83.5%|GATE_FAIL:G2_BB_WIDE:18.2%|GATE_PASS:G3_LIQ:32.1M|GATE_PASS:G4_REGIME:uptrend|GATE_PASS:G5_NO_OVERHEAD:85.6%|NO_SETUP|scoring_version:v2
2026-05-07,2026-05-07,4130,CAUTION,0,0,True,False,27.21,27.35,35.28,,,,NO_BROKER_DATA|GATE_FAIL:G1_TOO_FAR_BELOW:78.3%|GATE_FAIL:G2_BB_WIDE:35.0%|GATE_PASS:G3_LIQ:31.5M|GATE_PASS:G4_REGIME:uptrend|GATE_PASS:G5_NO_OVERHEAD:97.1%|NO_SETUP|scoring_version:v2
2026-05-07,2026-05-07,4131,CAUTION,0,0,True,False,35.12,35.3,37.75,,,,NO_BROKER_DATA|GATE_PASS:G1_ZONE:95.4%|GATE_PASS:G2_BB:2.9%|GATE_FAIL:G3_LOW_LIQ:2.9M|LOW_LIQUIDITY:TPEx|GATE_PASS:G4_REGIME:uptrend|GATE_PASS:G5_NO_OVERHEAD:91.4%|NO_SETUP|scoring_version:v2
2026-05-07,2026-05-07,4133,CAUTION,0,0,True,False,21.84,21.95,23.05,,,,NO_BROKER_DATA|GATE_PASS:G1_ZONE:95.6%|GATE_PASS:G2_BB:7.5%|GATE_FAIL:G3_LOW_LIQ:2.5M|LOW_LIQUIDITY:TSE|GATE_PASS:G4_REGIME:uptrend|GATE_FAIL:G5_OVERHEAD:78.7%|NO_SETUP|scoring_version:v2
2026-05-07,2026-05-07,4137,CAUTION,0,0,True,False,106.96,107.5,112.88,,,,NO_BROKER_DATA|GATE_PASS:G1_ZONE:96.8%|GATE_PASS:G2_BB:6.2%|GATE_FAIL:G3_LOW_LIQ:17.1M|LOW_LIQUIDITY:TSE|GATE_PASS:G4_REGIME:uptrend|GATE_PASS:G5_NO_OVERHEAD:94.1%|NO_SETUP|scoring_version:v2
2026-05-07,2026-05-07,4138,CAUTION,0,0,True,False,55.02,55.3,68.78,,,,NO_BROKER_DATA|GATE_FAIL:G1_TOO_FAR_BELOW:84.0%|GATE_FAIL:G2_BB_WIDE:25.4%|GATE_FAIL:G3_LOW_LIQ:4.8M|LOW_LIQUIDITY:TPEx|GATE_PASS:G4_REGIME:uptrend|GATE_PASS:G5_NO_OVERHEAD:100.0%|NO_SETUP|scoring_version:v2
2026-05-07,2026-05-07,4139,CAUTION,0,0,True,False,23.68,23.8,25.09,,,,NO_BROKER_DATA|GATE_PASS:G1_ZONE:93.7%|GATE_PASS:G2_BB:9.3%|GATE_FAIL:G3_LOW_LIQ:0.3M|LOW_LIQUIDITY:TPEx|GATE_PASS:G4_REGIME:uptrend|GATE_PASS:G5_NO_OVERHEAD:97.7%|NO_SETUP|scoring_version:v2
2026-05-07,2026-05-07,4142,CAUTION,0,0,True,False,17.86,17.95,19.64,,,,NO_BROKER_DATA|GATE_PASS:G1_ZONE:93.5%|GATE_PASS:G2_BB:6.0%|GATE_FAIL:G3_LOW_LIQ:22.9M|LOW_LIQUIDITY:TSE|GATE_PASS:G4_REGIME:uptrend|GATE_PASS:G5_NO_OVERHEAD:95.5%|NO_SETUP|scoring_version:v2
2026-05-07,2026-05-07,4147,CAUTION,0,0,True,False,48.66,48.9,57.75,,,,NO_BROKER_DATA|GATE_PASS:G1_ZONE:87.2%|GATE_FAIL:G2_BB_WIDE:18.0%|GATE_PASS:G3_LIQ:48.1M|GATE_PASS:G4_REGIME:uptrend|GATE_PASS:G5_NO_OVERHEAD:94.9%|NO_SETUP|scoring_version:v2
2026-05-07,2026-05-07,4148,CAUTION,0,0,True,False,36.22,36.4,38.59,,,,NO_BROKER_DATA|GATE_PASS:G1_ZONE:87.2%|GATE_FAIL:G2_BB_WIDE:16.4%|GATE_FAIL:G3_LOW_LIQ:2.9M|LOW_LIQUIDITY:TSE|GATE_PASS:G4_REGIME:uptrend|GATE_PASS:G5_NO_OVERHEAD:93.0%|NO_SETUP|scoring_version:v2
2026-05-07,2026-05-07,4153,CAUTION,0,0,True,False,30.05,30.2,33.81,,,,NO_BROKER_DATA|GATE_PASS:G1_ZONE:91.5%|GATE_PASS:G2_BB:10.8%|GATE_FAIL:G3_LOW_LIQ:1.8M|LOW_LIQUIDITY:TPEx|GATE_PASS:G4_REGIME:uptrend|GATE_PASS:G5_NO_OVERHEAD:92.3%|NO_SETUP|scoring_version:v2
2026-05-07,2026-05-07,4160,CAUTION,0,0,True,False,43.33,43.55,45.73,,,,NO_BROKER_DATA|GATE_PASS:G1_ZONE:94.9%|GATE_PASS:G2_BB:6.8%|GATE_FAIL:G3_LOW_LIQ:2.3M|LOW_LIQUIDITY:TPEx|GATE_PASS:G4_REGIME:uptrend|GATE_FAIL:G5_OVERHEAD:82.3%|NO_SETUP|scoring_version:v2
2026-05-07,2026-05-07,4155,CAUTION,0,0,True,False,13.13,13.2,13.86,,,,NO_BROKER_DATA|GATE_PASS:G1_ZONE:94.6%|GATE_PASS:G2_BB:5.7%|GATE_FAIL:G3_LOW_LIQ:3.4M|LOW_LIQUIDITY:TSE|GATE_PASS:G4_REGIME:uptrend|GATE_PASS:G5_NO_OVERHEAD:93.6%|NO_SETUP|scoring_version:v2
2026-05-07,2026-05-07,4161,CAUTION,0,0,True,False,23.28,23.4,24.99,,,,NO_BROKER_DATA|GATE_PASS:G1_ZONE:94.0%|GATE_PASS:G2_BB:8.4%|GATE_FAIL:G3_LOW_LIQ:3.3M|LOW_LIQUIDITY:TPEx|GATE_PASS:G4_REGIME:uptrend|GATE_PASS:G5_NO_OVERHEAD:88.9%|NO_SETUP|scoring_version:v2
2026-05-07,2026-05-07,4163,CAUTION,0,0,True,False,94.23,94.7,114.45,,,,NO_BROKER_DATA|GATE_FAIL:G1_TOO_FAR_BELOW:84.2%|GATE_FAIL:G2_BB_WIDE:19.8%|GATE_FAIL:G3_LOW_LIQ:3.1M|LOW_LIQUIDITY:TPEx|GATE_PASS:G4_REGIME:uptrend|GATE_PASS:G5_NO_OVERHEAD:100.0%|NO_SETUP|scoring_version:v2
2026-05-07,2026-05-07,4164,CAUTION,0,0,True,False,29.25,29.4,34.39,,,,NO_BROKER_DATA|GATE_PASS:G1_ZONE:85.3%|GATE_FAIL:G2_BB_WIDE:15.0%|GATE_PASS:G3_LIQ:41.5M|GATE_PASS:G4_REGIME:uptrend|GATE_PASS:G5_NO_OVERHEAD:97.3%|NO_SETUP|scoring_version:v2
2026-05-07,2026-05-07,4166,CAUTION,0,0,True,False,26.17,26.3,28.46,,,,NO_BROKER_DATA|GATE_PASS:G1_ZONE:96.0%|GATE_PASS:G2_BB:7.5%|GATE_FAIL:G3_LOW_LIQ:6.8M|LOW_LIQUIDITY:TPEx|GATE_PASS:G4_REGIME:uptrend|GATE_PASS:G5_NO_OVERHEAD:92.6%|NO_SETUP|scoring_version:v2
2026-05-07,2026-05-07,4168,CAUTION,0,0,True,False,22.74,22.85,24.57,,,,NO_BROKER_DATA|GATE_PASS:G1_ZONE:93.3%|GATE_PASS:G2_BB:8.9%|GATE_FAIL:G3_LOW_LIQ:4.8M|LOW_LIQUIDITY:TPEx|GATE_PASS:G4_REGIME:uptrend|GATE_FAIL:G5_OVERHEAD:83.9%|NO_SETUP|scoring_version:v2
2026-05-07,2026-05-07,4169,CAUTION,0,0,True,False,152.23,153.0,176.93,,,,NO_BROKER_DATA|GATE_FAIL:G1_TOO_FAR_BELOW:84.5%|GATE_FAIL:G2_BB_WIDE:19.2%|GATE_PASS:G3_LIQ:71.5M|GATE_PASS:G4_REGIME:uptrend|GATE_FAIL:G5_OVERHEAD:72.4%|NO_SETUP|scoring_version:v2
2026-05-07,2026-05-07,4175,CAUTION,0,0,True,False,53.73,54.0,56.7,,,,NO_BROKER_DATA|GATE_PASS:G1_ZONE:95.7%|GATE_PASS:G2_BB:4.8%|GATE_FAIL:G3_LOW_LIQ:1.1M|LOW_LIQUIDITY:TPEx|GATE_PASS:G4_REGIME:uptrend|GATE_PASS:G5_NO_OVERHEAD:91.6%|NO_SETUP|scoring_version:v2
2026-05-07,2026-05-07,4174,CAUTION,0,0,True,False,34.63,34.8,37.01,,,,NO_BROKER_DATA|GATE_PASS:G1_ZONE:88.8%|GATE_FAIL:G2_BB_WIDE:29.2%|GATE_PASS:G3_LIQ:22.2M|GATE_PASS:G4_REGIME:uptrend|GATE_FAIL:G5_OVERHEAD:71.0%|NO_SETUP|scoring_version:v2
2026-05-07,2026-05-07,4173,CAUTION,0,0,True,False,18.46,18.55,20.63,,,,NO_BROKER_DATA|GATE_PASS:G1_ZONE:89.4%|GATE_PASS:G2_BB:14.4%|GATE_FAIL:G3_LOW_LIQ:3.8M|LOW_LIQUIDITY:TPEx|GATE_PASS:G4_REGIME:uptrend|GATE_PASS:G5_NO_OVERHEAD:93.7%|NO_SETUP|scoring_version:v2
2026-05-07,2026-05-07,4178,CAUTION,0,0,True,False,18.91,19.0,20.06,,,,NO_BROKER_DATA|GATE_FAIL:G1_TOO_FAR_BELOW:69.9%|GATE_FAIL:G2_BB_WIDE:47.9%|GATE_FAIL:G3_LOW_LIQ:21.3M|LOW_LIQUIDITY:TSE|GATE_PASS:G4_REGIME:uptrend|GATE_FAIL:G5_OVERHEAD:83.4%|NO_SETUP|scoring_version:v2
2026-05-07,2026-05-07,4183,CAUTION,0,0,True,False,13.38,13.45,14.91,,,,NO_BROKER_DATA|GATE_FAIL:G1_TOO_FAR_BELOW:84.1%|GATE_FAIL:G2_BB_WIDE:93.5%|GATE_FAIL:G3_LOW_LIQ:0.2M|LOW_LIQUIDITY:TPEx|GATE_PASS:G4_REGIME:uptrend|GATE_PASS:G5_NO_OVERHEAD:97.0%|NO_SETUP|scoring_version:v2
2026-05-07,2026-05-07,4188,CAUTION,0,0,True,False,11.74,11.8,13.02,,,,NO_BROKER_DATA|GATE_PASS:G1_ZONE:93.3%|GATE_PASS:G2_BB:5.4%|GATE_FAIL:G3_LOW_LIQ:0.5M|LOW_LIQUIDITY:TPEx|GATE_PASS:G4_REGIME:uptrend|GATE_PASS:G5_NO_OVERHEAD:85.5%|NO_SETUP|scoring_version:v2
2026-05-07,2026-05-07,4192,CAUTION,0,0,True,False,20.7,20.8,21.84,,,,NO_BROKER_DATA|GATE_FAIL:G1_ALREADY_BROKE_OUT:99.5%|GATE_FAIL:G2_BB_WIDE:168.3%|GATE_FAIL:G3_LOW_LIQ:0.3M|LOW_LIQUIDITY:TPEx|GATE_PASS:G4_REGIME:uptrend|GATE_PASS:G5_NO_OVERHEAD:87.1%|NO_SETUP|scoring_version:v2
2026-05-07,2026-05-07,4190,CAUTION,0,0,True,False,24.58,24.7,26.14,,,,NO_BROKER_DATA|GATE_PASS:G1_ZONE:89.8%|GATE_PASS:G2_BB:14.5%|GATE_FAIL:G3_LOW_LIQ:1.3M|LOW_LIQUIDITY:TSE|GATE_PASS:G4_REGIME:uptrend|GATE_PASS:G5_NO_OVERHEAD:91.7%|NO_SETUP|scoring_version:v2
2026-05-07,2026-05-07,4198,CAUTION,0,0,True,False,39.7,39.9,41.9,,,,NO_BROKER_DATA|GATE_PASS:G1_ZONE:95.7%|GATE_FAIL:G2_BB_WIDE:92.5%|GATE_FAIL:G3_LOW_LIQ:0.3M|LOW_LIQUIDITY:TPEx|GATE_PASS:G4_REGIME:uptrend|GATE_PASS:G5_NO_OVERHEAD:100.0%|NO_SETUP|scoring_version:v2
2026-05-07,2026-05-07,4502,CAUTION,0,0,True,False,16.12,16.2,17.01,,,,NO_BROKER_DATA|GATE_FAIL:G1_ALREADY_BROKE_OUT:99.4%|GATE_PASS:G2_BB:3.0%|GATE_FAIL:G3_LOW_LIQ:0.6M|LOW_LIQUIDITY:TPEx|GATE_PASS:G4_REGIME:uptrend|GATE_PASS:G5_NO_OVERHEAD:96.4%|NO_SETUP|scoring_version:v2
2026-05-07,2026-05-07,4503,CAUTION,0,0,True,False,42.74,42.95,45.99,,,,NO_BROKER_DATA|GATE_PASS:G1_ZONE:92.5%|GATE_PASS:G2_BB:14.3%|GATE_FAIL:G3_LOW_LIQ:10.5M|LOW_LIQUIDITY:TPEx|GATE_PASS:G4_REGIME:uptrend|GATE_PASS:G5_NO_OVERHEAD:100.0%|NO_SETUP|scoring_version:v2
2026-05-07,2026-05-07,4513,CAUTION,0,0,True,False,14.83,14.9,16.33,,,,NO_BROKER_DATA|GATE_PASS:G1_ZONE:87.9%|GATE_FAIL:G2_BB_WIDE:16.8%|GATE_FAIL:G3_LOW_LIQ:6.0M|LOW_LIQUIDITY:TPEx|GATE_PASS:G4_REGIME:uptrend|GATE_FAIL:G5_OVERHEAD:82.7%|NO_SETUP|scoring_version:v2
2026-05-07,2026-05-07,4506,CAUTION,0,0,True,False,118.41,119.0,124.95,,,,NO_BROKER_DATA|GATE_PASS:G1_ZONE:97.1%|GATE_PASS:G2_BB:4.6%|GATE_FAIL:G3_LOW_LIQ:8.2M|LOW_LIQUIDITY:TPEx|GATE_PASS:G4_REGIME:uptrend|GATE_PASS:G5_NO_OVERHEAD:100.0%|NO_SETUP|scoring_version:v2
2026-05-07,2026-05-07,4510,CAUTION,0,0,True,False,46.72,46.95,50.4,,,,NO_BROKER_DATA|GATE_PASS:G1_ZONE:90.5%|GATE_FAIL:G2_BB_WIDE:22.5%|GATE_PASS:G3_LIQ:199.0M|GATE_PASS:G4_REGIME:uptrend|GATE_PASS:G5_NO_OVERHEAD:100.0%|NO_SETUP|scoring_version:v2
2026-05-07,2026-05-07,4523,CAUTION,0,0,True,False,30.84,31.0,32.55,,,,NO_BROKER_DATA|GATE_PASS:G1_ZONE:98.3%|GATE_PASS:G2_BB:5.3%|GATE_FAIL:G3_LOW_LIQ:7.1M|LOW_LIQUIDITY:TPEx|GATE_PASS:G4_REGIME:uptrend|GATE_PASS:G5_NO_OVERHEAD:85.3%|NO_SETUP|scoring_version:v2
2026-05-07,2026-05-07,4532,CAUTION,0,0,True,False,22.84,22.95,27.25,,,,NO_BROKER_DATA|GATE_PASS:G1_ZONE:87.3%|GATE_PASS:G2_BB:14.1%|GATE_FAIL:G3_LOW_LIQ:29.6M|LOW_LIQUIDITY:TSE|GATE_PASS:G4_REGIME:uptrend|GATE_PASS:G5_NO_OVERHEAD:95.8%|NO_SETUP|scoring_version:v2
2026-05-07,2026-05-07,4528,CAUTION,0,0,True,False,15.57,15.65,16.64,,,,NO_BROKER_DATA|GATE_PASS:G1_ZONE:88.7%|GATE_FAIL:G2_BB_WIDE:15.4%|GATE_FAIL:G3_LOW_LIQ:1.1M|LOW_LIQUIDITY:TPEx|GATE_PASS:G4_REGIME:uptrend|GATE_FAIL:G5_OVERHEAD:82.9%|NO_SETUP|scoring_version:v2
2026-05-07,2026-05-07,4527,CAUTION,0,0,True,False,42.64,42.85,45.36,,,,NO_BROKER_DATA|GATE_PASS:G1_ZONE:97.6%|GATE_PASS:G2_BB:3.9%|GATE_FAIL:G3_LOW_LIQ:1.4M|LOW_LIQUIDITY:TPEx|GATE_PASS:G4_REGIME:uptrend|GATE_PASS:G5_NO_OVERHEAD:100.0%|NO_SETUP|scoring_version:v2
2026-05-07,2026-05-07,4526,CAUTION,0,0,True,False,36.02,36.2,42.31,,,,NO_BROKER_DATA|GATE_PASS:G1_ZONE:88.7%|GATE_FAIL:G2_BB_WIDE:21.1%|GATE_PASS:G3_LIQ:323.8M|GATE_PASS:G4_REGIME:uptrend|GATE_PASS:G5_NO_OVERHEAD:100.0%|NO_SETUP|scoring_version:v2
2026-05-07,2026-05-07,4533,CAUTION,0,0,True,False,31.34,31.5,34.39,,,,NO_BROKER_DATA|GATE_PASS:G1_ZONE:89.2%|GATE_PASS:G2_BB:14.9%|GATE_PASS:G3_LIQ:92.1M|GATE_PASS:G4_REGIME:uptrend|GATE_FAIL:G5_OVERHEAD:84.3%|NO_SETUP|scoring_version:v2
2026-05-07,2026-05-07,4534,CAUTION,0,0,True,False,23.93,24.05,30.87,,,,NO_BROKER_DATA|GATE_FAIL:G1_TOO_FAR_BELOW:81.8%|GATE_FAIL:G2_BB_WIDE:23.8%|GATE_PASS:G3_LIQ:32.7M|GATE_PASS:G4_REGIME:uptrend|GATE_PASS:G5_NO_OVERHEAD:91.0%|NO_SETUP|scoring_version:v2
2026-05-07,2026-05-07,4538,CAUTION,0,0,True,False,18.36,18.45,19.48,,,,NO_BROKER_DATA|GATE_PASS:G1_ZONE:96.3%|GATE_PASS:G2_BB:4.2%|GATE_FAIL:G3_LOW_LIQ:0.5M|LOW_LIQUIDITY:TPEx|GATE_PASS:G4_REGIME:uptrend|GATE_PASS:G5_NO_OVERHEAD:98.0%|NO_SETUP|scoring_version:v2
2026-05-07,2026-05-07,4535,CAUTION,0,0,True,False,27.06,27.2,29.98,,,,NO_BROKER_DATA|GATE_PASS:G1_ZONE:94.9%|GATE_PASS:G2_BB:5.7%|GATE_FAIL:G3_LOW_LIQ:0.3M|LOW_LIQUIDITY:TPEx|GATE_PASS:G4_REGIME:uptrend|GATE_PASS:G5_NO_OVERHEAD:93.5%|NO_SETUP|scoring_version:v2
2026-05-07,2026-05-07,4540,CAUTION,0,0,True,False,75.32,75.7,79.48,,,,NO_BROKER_DATA|GATE_FAIL:G1_ALREADY_BROKE_OUT:100.0%|GATE_FAIL:G2_BB_WIDE:58.9%|GATE_PASS:G3_LIQ:752.6M|GATE_PASS:G4_REGIME:uptrend|GATE_PASS:G5_NO_OVERHEAD:100.0%|NO_SETUP|scoring_version:v2
2026-05-07,2026-05-07,4542,CAUTION,0,0,True,False,211.94,213.0,223.65,,,,NO_BROKER_DATA|GATE_FAIL:G1_TOO_FAR_BELOW:80.7%|GATE_FAIL:G2_BB_WIDE:46.6%|GATE_PASS:G3_LIQ:226.5M|GATE_PASS:G4_REGIME:uptrend|GATE_PASS:G5_NO_OVERHEAD:100.0%|NO_SETUP|scoring_version:v2
2026-05-07,2026-05-07,4543,CAUTION,0,0,True,False,40.35,40.55,42.58,,,,NO_BROKER_DATA|GATE_PASS:G1_ZONE:92.2%|GATE_FAIL:G2_BB_WIDE:22.6%|GATE_PASS:G3_LIQ:42.7M|GATE_PASS:G4_REGIME:uptrend|GATE_PASS:G5_NO_OVERHEAD:100.0%|NO_SETUP|scoring_version:v2
2026-05-07,2026-05-07,4550,CAUTION,0,0,True,False,24.43,24.55,25.78,,,,NO_BROKER_DATA|GATE_PASS:G1_ZONE:98.6%|GATE_PASS:G2_BB:3.9%|GATE_FAIL:G3_LOW_LIQ:0.6M|LOW_LIQUIDITY:TPEx|GATE_PASS:G4_REGIME:uptrend|GATE_PASS:G5_NO_OVERHEAD:91.5%|NO_SETUP|scoring_version:v2
2026-05-07,2026-05-07,4545,CAUTION,0,0,True,False,30.5,30.65,32.55,,,,NO_BROKER_DATA|GATE_PASS:G1_ZONE:93.6%|GATE_PASS:G2_BB:7.8%|GATE_FAIL:G3_LOW_LIQ:5.0M|LOW_LIQUIDITY:TSE|GATE_PASS:G4_REGIME:uptrend|GATE_FAIL:G5_OVERHEAD:80.7%|NO_SETUP|scoring_version:v2
2026-05-07,2026-05-07,4552,CAUTION,0,0,True,False,20.05,20.15,21.16,,,,NO_BROKER_DATA|GATE_PASS:G1_ZONE:92.9%|GATE_PASS:G2_BB:11.1%|GATE_FAIL:G3_LOW_LIQ:2.6M|LOW_LIQUIDITY:TSE|GATE_PASS:G4_REGIME:uptrend|GATE_PASS:G5_NO_OVERHEAD:90.6%|NO_SETUP|scoring_version:v2
2026-05-07,2026-05-07,4554,CAUTION,0,0,True,False,29.85,30.0,31.5,,,,NO_BROKER_DATA|GATE_PASS:G1_ZONE:98.2%|GATE_PASS:G2_BB:5.2%|GATE_FAIL:G3_LOW_LIQ:2.0M|LOW_LIQUIDITY:TPEx|GATE_PASS:G4_REGIME:uptrend|GATE_PASS:G5_NO_OVERHEAD:99.5%|NO_SETUP|scoring_version:v2
2026-05-07,2026-05-07,4558,CAUTION,0,0,True,False,18.91,19.0,20.74,,,,NO_BROKER_DATA|GATE_PASS:G1_ZONE:91.3%|GATE_PASS:G2_BB:6.6%|GATE_FAIL:G3_LOW_LIQ:1.3M|LOW_LIQUIDITY:TPEx|GATE_PASS:G4_REGIME:uptrend|GATE_PASS:G5_NO_OVERHEAD:91.2%|NO_SETUP|scoring_version:v2
2026-05-07,2026-05-07,4560,CAUTION,0,0,True,False,35.47,35.65,37.43,,,,NO_BROKER_DATA|GATE_PASS:G1_ZONE:95.1%|GATE_FAIL:G2_BB_WIDE:15.3%|GATE_FAIL:G3_LOW_LIQ:11.2M|LOW_LIQUIDITY:TSE|GATE_PASS:G4_REGIME:uptrend|GATE_PASS:G5_NO_OVERHEAD:100.0%|NO_SETUP|scoring_version:v2
2026-05-07,2026-05-07,4555,CAUTION,0,0,True,False,41.79,42.0,44.52,,,,NO_BROKER_DATA|GATE_PASS:G1_ZONE:92.3%|GATE_FAIL:G2_BB_WIDE:18.8%|GATE_FAIL:G3_LOW_LIQ:20.0M|LOW_LIQUIDITY:TSE|GATE_PASS:G4_REGIME:uptrend|GATE_PASS:G5_NO_OVERHEAD:100.0%|NO_SETUP|scoring_version:v2
2026-05-07,2026-05-07,4561,CAUTION,0,0,True,False,47.01,47.25,49.61,,,,NO_BROKER_DATA|GATE_FAIL:G1_ALREADY_BROKE_OUT:99.5%|GATE_FAIL:G2_BB_WIDE:48.0%|GATE_PASS:G3_LIQ:29.2M|GATE_PASS:G4_REGIME:uptrend|GATE_PASS:G5_NO_OVERHEAD:96.0%|NO_SETUP|scoring_version:v2
2026-05-07,2026-05-07,4563,CAUTION,0,0,True,False,48.36,48.6,55.76,,,,NO_BROKER_DATA|GATE_PASS:G1_ZONE:87.4%|GATE_FAIL:G2_BB_WIDE:37.9%|GATE_PASS:G3_LIQ:20.4M|GATE_PASS:G4_REGIME:uptrend|GATE_PASS:G5_NO_OVERHEAD:85.8%|NO_SETUP|scoring_version:v2
2026-05-07,2026-05-07,4566,CAUTION,0,0,True,False,68.66,69.0,74.76,,,,NO_BROKER_DATA|GATE_PASS:G1_ZONE:89.7%|GATE_FAIL:G2_BB_WIDE:18.2%|GATE_PASS:G3_LIQ:198.7M|GATE_PASS:G4_REGIME:uptrend|GATE_PASS:G5_NO_OVERHEAD:100.0%|NO_SETUP|scoring_version:v2
2026-05-07,2026-05-07,4562,CAUTION,0,0,True,False,38.06,38.25,40.16,,,,NO_BROKER_DATA|GATE_PASS:G1_ZONE:94.4%|GATE_FAIL:G2_BB_WIDE:32.2%|GATE_PASS:G3_LIQ:59.9M|GATE_PASS:G4_REGIME:uptrend|GATE_PASS:G5_NO_OVERHEAD:93.1%|NO_SETUP|scoring_version:v2
2026-05-07,2026-05-07,4564,CAUTION,0,0,True,False,18.86,18.95,19.9,,,,NO_BROKER_DATA|GATE_PASS:G1_ZONE:92.7%|GATE_PASS:G2_BB:12.4%|GATE_FAIL:G3_LOW_LIQ:18.7M|LOW_LIQUIDITY:TSE|GATE_PASS:G4_REGIME:uptrend|GATE_PASS:G5_NO_OVERHEAD:94.0%|NO_SETUP|scoring_version:v2
2026-05-07,2026-05-07,4568,CAUTION,0,0,True,False,40.75,40.95,44.31,,,,NO_BROKER_DATA|GATE_PASS:G1_ZONE:93.7%|GATE_FAIL:G2_BB_WIDE:168.3%|GATE_FAIL:G3_LOW_LIQ:0.6M|LOW_LIQUIDITY:TPEx|GATE_PASS:G4_REGIME:uptrend|GATE_PASS:G5_NO_OVERHEAD:99.8%|NO_SETUP|scoring_version:v2
2026-05-07,2026-05-07,4572,CAUTION,0,0,True,False,147.26,148.0,155.4,,,,NO_BROKER_DATA|GATE_PASS:G1_ZONE:98.0%|GATE_PASS:G2_BB:6.4%|GATE_FAIL:G3_LOW_LIQ:5.7M|LOW_LIQUIDITY:TSE|GATE_PASS:G4_REGIME:uptrend|GATE_PASS:G5_NO_OVERHEAD:100.0%|NO_SETUP|scoring_version:v2
2026-05-07,2026-05-07,4580,CAUTION,0,0,True,False,81.49,81.9,86.31,,,,NO_BROKER_DATA|GATE_PASS:G1_ZONE:97.7%|GATE_PASS:G2_BB:4.5%|GATE_FAIL:G3_LOW_LIQ:5.4M|LOW_LIQUIDITY:TPEx|GATE_PASS:G4_REGIME:uptrend|GATE_PASS:G5_NO_OVERHEAD:100.0%|NO_SETUP|scoring_version:v2
2026-05-07,2026-05-07,4571,CAUTION,0,0,True,False,196.51,197.5,207.38,,,,NO_BROKER_DATA|GATE_PASS:G1_ZONE:97.5%|GATE_FAIL:G2_BB_WIDE:34.8%|GATE_PASS:G3_LIQ:153.5M|GATE_PASS:G4_REGIME:uptrend|GATE_PASS:G5_NO_OVERHEAD:100.0%|NO_SETUP|scoring_version:v2
2026-05-07,2026-05-07,4577,CAUTION,0,0,True,False,155.72,156.5,164.33,,,,NO_BROKER_DATA|GATE_FAIL:G1_TOO_FAR_BELOW:82.4%|GATE_FAIL:G2_BB_WIDE:44.3%|GATE_PASS:G3_LIQ:283.6M|GATE_PASS:G4_REGIME:uptrend|GATE_PASS:G5_NO_OVERHEAD:100.0%|NO_SETUP|scoring_version:v2
2026-05-07,2026-05-07,4576,CAUTION,0,0,True,False,240.79,242.0,254.1,,,,NO_BROKER_DATA|GATE_PASS:G1_ZONE:97.0%|GATE_FAIL:G2_BB_WIDE:44.3%|GATE_PASS:G3_LIQ:1252.0M|GATE_PASS:G4_REGIME:uptrend|GATE_PASS:G5_NO_OVERHEAD:100.0%|NO_SETUP|scoring_version:v2
2026-05-07,2026-05-07,4584,CAUTION,0,0,True,False,40.7,40.9,43.05,,,,NO_BROKER_DATA|GATE_PASS:G1_ZONE:96.0%|GATE_FAIL:G2_BB_WIDE:91.9%|GATE_FAIL:G3_LOW_LIQ:0.5M|LOW_LIQUIDITY:TPEx|GATE_PASS:G4_REGIME:uptrend|GATE_PASS:G5_NO_OVERHEAD:88.9%|NO_SETUP|scoring_version:v2
2026-05-07,2026-05-07,4588,CAUTION,0,0,True,False,60.0,60.3,64.89,,,,NO_BROKER_DATA|GATE_PASS:G1_ZONE:97.1%|GATE_PASS:G2_BB:7.0%|GATE_FAIL:G3_LOW_LIQ:6.4M|LOW_LIQUIDITY:TSE|GATE_PASS:G4_REGIME:uptrend|GATE_PASS:G5_NO_OVERHEAD:89.0%|NO_SETUP|scoring_version:v2
2026-05-07,2026-05-07,4590,CAUTION,0,0,True,False,78.61,79.0,83.69,,,,NO_BROKER_DATA|GATE_PASS:G1_ZONE:96.6%|GATE_PASS:G2_BB:11.8%|GATE_FAIL:G3_LOW_LIQ:18.1M|LOW_LIQUIDITY:TSE|GATE_PASS:G4_REGIME:uptrend|GATE_PASS:G5_NO_OVERHEAD:85.7%|NO_SETUP|scoring_version:v2
2026-05-07,2026-05-07,4583,CAUTION,0,0,True,False,751.23,755.0,792.75,,,,NO_BROKER_DATA|GATE_PASS:G1_ZONE:94.8%|GATE_FAIL:G2_BB_WIDE:18.3%|GATE_PASS:G3_LIQ:216.4M|GATE_PASS:G4_REGIME:uptrend|GATE_PASS:G5_NO_OVERHEAD:94.4%|NO_SETUP|scoring_version:v2
2026-05-07,2026-05-07,4585,CAUTION,0,0,True,False,335.81,337.5,359.1,,,,NO_BROKER_DATA|GATE_PASS:G1_ZONE:94.8%|GATE_FAIL:G2_BB_WIDE:17.8%|GATE_PASS:G3_LIQ:177.3M|GATE_PASS:G4_REGIME:uptrend|GATE_PASS:G5_NO_OVERHEAD:85.2%|NO_SETUP|scoring_version:v2
2026-05-07,2026-05-07,4726,CAUTION,0,0,True,False,28.56,28.7,31.29,,,,NO_BROKER_DATA|GATE_PASS:G1_ZONE:92.6%|GATE_PASS:G2_BB:8.1%|GATE_FAIL:G3_LOW_LIQ:8.8M|LOW_LIQUIDITY:TPEx|GATE_PASS:G4_REGIME:uptrend|GATE_PASS:G5_NO_OVERHEAD:87.3%|NO_SETUP|scoring_version:v2
2026-05-07,2026-05-07,4729,CAUTION,0,0,True,False,19.6,19.7,21.32,,,,NO_BROKER_DATA|GATE_PASS:G1_ZONE:88.5%|GATE_PASS:G2_BB:6.3%|GATE_FAIL:G3_LOW_LIQ:5.2M|LOW_LIQUIDITY:TPEx|GATE_PASS:G4_REGIME:uptrend|GATE_PASS:G5_NO_OVERHEAD:93.9%|NO_SETUP|scoring_version:v2
2026-05-07,2026-05-07,4728,CAUTION,0,0,True,False,381.58,383.5,411.6,,,,NO_BROKER_DATA|GATE_PASS:G1_ZONE:93.8%|GATE_FAIL:G2_BB_WIDE:92.0%|GATE_FAIL:G3_LOW_LIQ:12.4M|LOW_LIQUIDITY:TPEx|GATE_PASS:G4_REGIME:uptrend|GATE_PASS:G5_NO_OVERHEAD:100.0%|NO_SETUP|scoring_version:v2
2026-05-07,2026-05-07,4735,CAUTION,0,0,True,False,30.15,30.3,31.97,,,,NO_BROKER_DATA|GATE_PASS:G1_ZONE:94.8%|GATE_PASS:G2_BB:6.4%|GATE_FAIL:G3_LOW_LIQ:0.7M|LOW_LIQUIDITY:TPEx|GATE_PASS:G4_REGIME:uptrend|GATE_PASS:G5_NO_OVERHEAD:94.1%|NO_SETUP|scoring_version:v2
2026-05-07,2026-05-07,4736,CAUTION,0,0,True,False,126.86,127.5,135.45,,,,NO_BROKER_DATA|GATE_PASS:G1_ZONE:98.5%|GATE_PASS:G2_BB:4.5%|GATE_FAIL:G3_LOW_LIQ:29.1M|LOW_LIQUIDITY:TSE|GATE_PASS:G4_REGIME:uptrend|GATE_PASS:G5_NO_OVERHEAD:95.2%|NO_SETUP|scoring_version:v2
2026-05-07,2026-05-07,4737,CAUTION,0,0,True,False,58.21,58.5,72.87,,,,NO_BROKER_DATA|GATE_FAIL:G1_TOO_FAR_BELOW:82.4%|GATE_FAIL:G2_BB_WIDE:25.2%|GATE_FAIL:G3_LOW_LIQ:12.0M|LOW_LIQUIDITY:TSE|GATE_PASS:G4_REGIME:uptrend|GATE_PASS:G5_NO_OVERHEAD:97.4%|NO_SETUP|scoring_version:v2
2026-05-07,2026-05-07,4745,CAUTION,0,0,True,False,20.1,20.2,21.21,,,,NO_BROKER_DATA|GATE_FAIL:G1_ALREADY_BROKE_OUT:100.0%|GATE_FAIL:G2_BB_WIDE:19.5%|GATE_FAIL:G3_LOW_LIQ:7.0M|LOW_LIQUIDITY:TPEx|GATE_PASS:G4_REGIME:uptrend|GATE_PASS:G5_NO_OVERHEAD:89.6%|NO_SETUP|scoring_version:v2
2026-05-07,2026-05-07,4747,CAUTION,0,0,True,False,54.23,54.5,57.23,,,,NO_BROKER_DATA|GATE_PASS:G1_ZONE:94.5%|GATE_PASS:G2_BB:9.1%|GATE_FAIL:G3_LOW_LIQ:2.8M|LOW_LIQUIDITY:TPEx|GATE_PASS:G4_REGIME:uptrend|GATE_PASS:G5_NO_OVERHEAD:96.3%|NO_SETUP|scoring_version:v2
2026-05-07,2026-05-07,4749,CAUTION,0,0,True,False,982.06,987.0,1060.5,,,,NO_BROKER_DATA|GATE_PASS:G1_ZONE:91.4%|GATE_FAIL:G2_BB_WIDE:20.5%|GATE_PASS:G3_LIQ:2977.9M|GATE_PASS:G4_REGIME:uptrend|GATE_PASS:G5_NO_OVERHEAD:100.0%|NO_SETUP|scoring_version:v2
2026-05-07,2026-05-07,4771,CAUTION,0,0,True,False,190.54,191.5,202.65,,,,NO_BROKER_DATA|GATE_PASS:G1_ZONE:96.0%|GATE_PASS:G2_BB:5.6%|GATE_FAIL:G3_LOW_LIQ:40.0M|LOW_LIQUIDITY:TSE|GATE_PASS:G4_REGIME:uptrend|GATE_PASS:G5_NO_OVERHEAD:99.3%|NO_SETUP|scoring_version:v2
2026-05-07,2026-05-07,4760,CAUTION,0,0,True,False,265.67,267.0,283.5,,,,NO_BROKER_DATA|GATE_PASS:G1_ZONE:94.2%|GATE_FAIL:G2_BB_WIDE:22.6%|GATE_PASS:G3_LIQ:316.9M|GATE_PASS:G4_REGIME:uptrend|GATE_PASS:G5_NO_OVERHEAD:100.0%|NO_SETUP|scoring_version:v2
2026-05-07,2026-05-07,4905,CAUTION,0,0,True,False,79.5,79.9,101.11,,,,NO_BROKER_DATA|GATE_FAIL:G1_TOO_FAR_BELOW:83.0%|GATE_FAIL:G2_BB_WIDE:24.1%|GATE_FAIL:G3_LOW_LIQ:9.2M|LOW_LIQUIDITY:TPEx|GATE_PASS:G4_REGIME:uptrend|GATE_PASS:G5_NO_OVERHEAD:89.6%|NO_SETUP|scoring_version:v2
2026-05-07,2026-05-07,4908,CAUTION,0,0,True,False,237.31,238.5,250.43,,,,NO_BROKER_DATA|GATE_PASS:G1_ZONE:86.9%|GATE_FAIL:G2_BB_WIDE:84.4%|GATE_PASS:G3_LIQ:686.3M|GATE_PASS:G4_REGIME:uptrend|GATE_PASS:G5_NO_OVERHEAD:100.0%|NO_SETUP|scoring_version:v2
2026-05-07,2026-05-07,4909,CAUTION,0,0,True,False,56.62,56.9,67.3,,,,NO_BROKER_DATA|GATE_FAIL:G1_TOO_FAR_BELOW:83.2%|GATE_FAIL:G2_BB_WIDE:26.7%|GATE_PASS:G3_LIQ:142.7M|GATE_PASS:G4_REGIME:uptrend|GATE_PASS:G5_NO_OVERHEAD:91.8%|NO_SETUP|scoring_version:v2
2026-05-07,2026-05-07,4911,CAUTION,0,0,True,False,34.83,35.0,36.75,,,,NO_BROKER_DATA|GATE_PASS:G1_ZONE:88.4%|GATE_FAIL:G2_BB_WIDE:16.3%|GATE_FAIL:G3_LOW_LIQ:1.5M|LOW_LIQUIDITY:TPEx|GATE_PASS:G4_REGIME:uptrend|GATE_PASS:G5_NO_OVERHEAD:89.0%|NO_SETUP|scoring_version:v2
2026-05-07,2026-05-07,4912,CAUTION,0,0,True,False,90.94,91.4,95.97,,,,NO_BROKER_DATA|GATE_PASS:G1_ZONE:98.5%|GATE_FAIL:G2_BB_WIDE:16.9%|GATE_PASS:G3_LIQ:40.9M|GATE_PASS:G4_REGIME:uptrend|GATE_PASS:G5_NO_OVERHEAD:89.7%|NO_SETUP|scoring_version:v2
2026-05-07,2026-05-07,4906,CAUTION,0,0,True,False,38.51,38.7,42.63,,,,NO_BROKER_DATA|GATE_PASS:G1_ZONE:89.6%|GATE_FAIL:G2_BB_WIDE:24.8%|GATE_PASS:G3_LIQ:1231.6M|GATE_PASS:G4_REGIME:uptrend|GATE_PASS:G5_NO_OVERHEAD:100.0%|NO_SETUP|scoring_version:v2
2026-05-07,2026-05-07,4916,CAUTION,0,0,True,False,62.78,63.1,71.19,,,,NO_BROKER_DATA|GATE_PASS:G1_ZONE:87.9%|GATE_FAIL:G2_BB_WIDE:24.2%|GATE_PASS:G3_LIQ:495.5M|GATE_PASS:G4_REGIME:uptrend|GATE_PASS:G5_NO_OVERHEAD:100.0%|NO_SETUP|scoring_version:v2
2026-05-07,2026-05-07,4919,CAUTION,0,0,True,False,176.12,177.0,185.85,,,,NO_BROKER_DATA|GATE_FAIL:G1_ALREADY_BROKE_OUT:100.0%|GATE_FAIL:G2_BB_WIDE:72.2%|GATE_PASS:G3_LIQ:2579.5M|GATE_PASS:G4_REGIME:uptrend|GATE_PASS:G5_NO_OVERHEAD:100.0%|NO_SETUP|scoring_version:v2
2026-05-07,2026-05-07,4923,CAUTION,0,0,True,False,36.81,37.0,39.27,,,,NO_BROKER_DATA|GATE_PASS:G1_ZONE:91.9%|GATE_FAIL:G2_BB_WIDE:17.1%|GATE_FAIL:G3_LOW_LIQ:5.2M|LOW_LIQUIDITY:TPEx|GATE_PASS:G4_REGIME:uptrend|GATE_PASS:G5_NO_OVERHEAD:97.5%|NO_SETUP|scoring_version:v2
2026-05-07,2026-05-07,4924,CAUTION,0,0,True,False,10.4,10.45,11.5,,,,NO_BROKER_DATA|GATE_PASS:G1_ZONE:88.2%|GATE_PASS:G2_BB:11.0%|GATE_FAIL:G3_LOW_LIQ:1.2M|LOW_LIQUIDITY:TPEx|GATE_PASS:G4_REGIME:uptrend|GATE_PASS:G5_NO_OVERHEAD:99.2%|NO_SETUP|scoring_version:v2
2026-05-07,2026-05-07,4927,CAUTION,0,0,True,False,57.81,58.1,61.01,,,,NO_BROKER_DATA|GATE_PASS:G1_ZONE:94.6%|GATE_FAIL:G2_BB_WIDE:33.8%|GATE_PASS:G3_LIQ:1509.8M|GATE_PASS:G4_REGIME:uptrend|GATE_PASS:G5_NO_OVERHEAD:100.0%|NO_SETUP|scoring_version:v2
2026-05-07,2026-05-07,4931,CAUTION,0,0,True,False,163.18,164.0,173.78,,,,NO_BROKER_DATA|GATE_PASS:G1_ZONE:91.6%|GATE_FAIL:G2_BB_WIDE:29.5%|GATE_PASS:G3_LIQ:1780.5M|GATE_PASS:G4_REGIME:uptrend|GATE_PASS:G5_NO_OVERHEAD:100.0%|NO_SETUP|scoring_version:v2
2026-05-07,2026-05-07,4933,CAUTION,0,0,True,False,71.84,72.2,79.8,,,,NO_BROKER_DATA|GATE_PASS:G1_ZONE:91.4%|GATE_FAIL:G2_BB_WIDE:36.4%|GATE_PASS:G3_LIQ:86.9M|GATE_PASS:G4_REGIME:uptrend|GATE_PASS:G5_NO_OVERHEAD:100.0%|NO_SETUP|scoring_version:v2
2026-05-07,2026-05-07,4903,CAUTION,0,0,True,False,45.17,45.4,55.86,,,,NO_BROKER_DATA|GATE_FAIL:G1_TOO_FAR_BELOW:81.1%|GATE_FAIL:G2_BB_WIDE:22.3%|GATE_PASS:G3_LIQ:358.3M|GATE_PASS:G4_REGIME:uptrend|GATE_PASS:G5_NO_OVERHEAD:100.0%|NO_SETUP|scoring_version:v2
2026-05-07,2026-05-07,4934,CAUTION,0,0,True,False,18.86,18.95,19.9,,,,NO_BROKER_DATA|GATE_PASS:G1_ZONE:97.7%|GATE_FAIL:G2_BB_WIDE:23.2%|GATE_FAIL:G3_LOW_LIQ:28.5M|LOW_LIQUIDITY:TSE|GATE_PASS:G4_REGIME:uptrend|GATE_PASS:G5_NO_OVERHEAD:85.5%|NO_SETUP|scoring_version:v2
2026-05-07,2026-05-07,4935,CAUTION,0,0,True,False,37.71,37.9,40.79,,,,NO_BROKER_DATA|GATE_PASS:G1_ZONE:93.5%|GATE_PASS:G2_BB:12.0%|GATE_FAIL:G3_LOW_LIQ:4.0M|LOW_LIQUIDITY:TSE|GATE_PASS:G4_REGIME:uptrend|GATE_PASS:G5_NO_OVERHEAD:100.0%|NO_SETUP|scoring_version:v2
2026-05-07,2026-05-07,4939,CAUTION,0,0,True,False,43.48,43.7,48.35,,,,NO_BROKER_DATA|GATE_PASS:G1_ZONE:90.9%|GATE_FAIL:G2_BB_WIDE:52.8%|GATE_PASS:G3_LIQ:275.4M|GATE_PASS:G4_REGIME:uptrend|GATE_PASS:G5_NO_OVERHEAD:100.0%|NO_SETUP|scoring_version:v2
2026-05-07,2026-05-07,4942,CAUTION,0,0,True,False,37.71,37.9,40.16,,,,NO_BROKER_DATA|GATE_PASS:G1_ZONE:97.3%|GATE_PASS:G2_BB:2.9%|GATE_FAIL:G3_LOW_LIQ:3.7M|LOW_LIQUIDITY:TSE|GATE_PASS:G4_REGIME:uptrend|GATE_PASS:G5_NO_OVERHEAD:99.9%|NO_SETUP|scoring_version:v2
2026-05-07,2026-05-07,4943,CAUTION,0,0,True,False,9.4,9.45,11.5,,,,NO_BROKER_DATA|GATE_FAIL:G1_TOO_FAR_BELOW:84.4%|GATE_FAIL:G2_BB_WIDE:26.5%|GATE_FAIL:G3_LOW_LIQ:0.4M|LOW_LIQUIDITY:TSE|GATE_PASS:G4_REGIME:uptrend|GATE_FAIL:G5_OVERHEAD:83.3%|NO_SETUP|scoring_version:v2
2026-05-07,2026-05-07,4949,CAUTION,0,0,True,False,97.61,98.1,103.0,,,,NO_BROKER_DATA|GATE_PASS:G1_ZONE:87.2%|GATE_FAIL:G2_BB_WIDE:30.5%|GATE_PASS:G3_LIQ:422.7M|GATE_PASS:G4_REGIME:uptrend|GATE_PASS:G5_NO_OVERHEAD:100.0%|NO_SETUP|scoring_version:v2
2026-05-07,2026-05-07,4951,CAUTION,0,0,True,False,131.34,132.0,138.6,,,,NO_BROKER_DATA|GATE_PASS:G1_ZONE:92.0%|GATE_FAIL:G2_BB_WIDE:108.6%|GATE_PASS:G3_LIQ:163.0M|GATE_PASS:G4_REGIME:uptrend|GATE_PASS:G5_NO_OVERHEAD:100.0%|NO_SETUP|scoring_version:v2
2026-05-07,2026-05-07,4952,CAUTION,0,0,True,False,48.66,48.9,56.18,,,,NO_BROKER_DATA|GATE_PASS:G1_ZONE:87.0%|GATE_FAIL:G2_BB_WIDE:32.0%|GATE_PASS:G3_LIQ:61.8M|GATE_PASS:G4_REGIME:uptrend|GATE_PASS:G5_NO_OVERHEAD:100.0%|NO_SETUP|scoring_version:v2
2026-05-07,2026-05-07,4956,CAUTION,0,0,True,False,52.54,52.8,55.44,,,,NO_BROKER_DATA|GATE_PASS:G1_ZONE:87.9%|GATE_FAIL:G2_BB_WIDE:45.3%|GATE_PASS:G3_LIQ:388.1M|GATE_PASS:G4_REGIME:uptrend|GATE_PASS:G5_NO_OVERHEAD:100.0%|NO_SETUP|scoring_version:v2
2026-05-07,2026-05-07,4958,CAUTION,0,0,True,False,424.87,427.0,448.35,,,,NO_BROKER_DATA|GATE_PASS:G1_ZONE:95.4%|GATE_FAIL:G2_BB_WIDE:78.6%|GATE_PASS:G3_LIQ:19595.0M|GATE_PASS:G4_REGIME:uptrend|GATE_PASS:G5_NO_OVERHEAD:100.0%|NO_SETUP|scoring_version:v2
2026-05-07,2026-05-07,4960,CAUTION,0,0,True,False,43.48,43.7,45.89,,,,NO_BROKER_DATA|GATE_PASS:G1_ZONE:91.0%|GATE_FAIL:G2_BB_WIDE:80.2%|GATE_PASS:G3_LIQ:518.2M|GATE_PASS:G4_REGIME:uptrend|GATE_PASS:G5_NO_OVERHEAD:100.0%|NO_SETUP|scoring_version:v2
2026-05-07,2026-05-07,4966,CAUTION,0,0,True,False,605.96,609.0,681.45,,,,NO_BROKER_DATA|GATE_PASS:G1_ZONE:92.3%|GATE_FAIL:G2_BB_WIDE:25.3%|GATE_PASS:G3_LIQ:1404.7M|GATE_PASS:G4_REGIME:uptrend|GATE_PASS:G5_NO_OVERHEAD:100.0%|NO_SETUP|scoring_version:v2
2026-05-07,2026-05-07,4967,CAUTION,0,0,True,False,295.51,297.0,318.15,,,,NO_BROKER_DATA|GATE_PASS:G1_ZONE:92.0%|GATE_FAIL:G2_BB_WIDE:51.8%|GATE_PASS:G3_LIQ:5275.3M|GATE_PASS:G4_REGIME:uptrend|GATE_PASS:G5_NO_OVERHEAD:100.0%|NO_SETUP|scoring_version:v2
2026-05-07,2026-05-07,4968,CAUTION,0,0,True,False,118.9,119.5,136.5,,,,NO_BROKER_DATA|GATE_PASS:G1_ZONE:89.2%|GATE_FAIL:G2_BB_WIDE:24.9%|GATE_PASS:G3_LIQ:280.5M|GATE_PASS:G4_REGIME:uptrend|GATE_PASS:G5_NO_OVERHEAD:100.0%|NO_SETUP|scoring_version:v2
2026-05-07,2026-05-07,4971,CAUTION,0,0,True,False,746.25,750.0,910.35,,,,NO_BROKER_DATA|GATE_FAIL:G1_TOO_FAR_BELOW:78.2%|GATE_FAIL:G2_BB_WIDE:38.0%|GATE_PASS:G3_LIQ:999.0M|GATE_PASS:G4_REGIME:uptrend|GATE_PASS:G5_NO_OVERHEAD:100.0%|NO_SETUP|scoring_version:v2
2026-05-07,2026-05-07,4973,CAUTION,0,0,True,False,95.02,95.5,100.28,,,,NO_BROKER_DATA|GATE_PASS:G1_ZONE:95.0%|GATE_FAIL:G2_BB_WIDE:29.0%|GATE_PASS:G3_LIQ:669.5M|GATE_PASS:G4_REGIME:uptrend|GATE_PASS:G5_NO_OVERHEAD:100.0%|NO_SETUP|scoring_version:v2
2026-05-07,2026-05-07,4972,CAUTION,0,0,True,False,16.37,16.45,17.32,,,,NO_BROKER_DATA|GATE_PASS:G1_ZONE:94.0%|GATE_PASS:G2_BB:7.5%|GATE_FAIL:G3_LOW_LIQ:1.1M|LOW_LIQUIDITY:TPEx|GATE_PASS:G4_REGIME:uptrend|GATE_PASS:G5_NO_OVERHEAD:94.9%|NO_SETUP|scoring_version:v2
2026-05-07,2026-05-07,4977,CAUTION,0,0,True,False,226.86,228.0,253.58,,,,NO_BROKER_DATA|GATE_PASS:G1_ZONE:88.7%|GATE_FAIL:G2_BB_WIDE:32.5%|GATE_PASS:G3_LIQ:2718.0M|GATE_PASS:G4_REGIME:uptrend|GATE_PASS:G5_NO_OVERHEAD:100.0%|NO_SETUP|scoring_version:v2
2026-05-07,2026-05-07,4976,CAUTION,0,0,True,False,29.65,29.8,32.18,,,,NO_BROKER_DATA|GATE_PASS:G1_ZONE:94.6%|GATE_PASS:G2_BB:11.6%|GATE_FAIL:G3_LOW_LIQ:18.0M|LOW_LIQUIDITY:TSE|GATE_PASS:G4_REGIME:uptrend|GATE_PASS:G5_NO_OVERHEAD:93.6%|NO_SETUP|scoring_version:v2
2026-05-07,2026-05-07,4987,CAUTION,0,0,True,False,81.09,81.5,85.58,,,,NO_BROKER_DATA|GATE_FAIL:G1_ALREADY_BROKE_OUT:99.5%|GATE_PASS:G2_BB:0.3%|GATE_FAIL:G3_LOW_LIQ:2.0M|LOW_LIQUIDITY:TPEx|GATE_PASS:G4_REGIME:uptrend|GATE_PASS:G5_NO_OVERHEAD:98.2%|NO_SETUP|scoring_version:v2
2026-05-07,2026-05-07,4979,CAUTION,0,0,True,False,696.5,700.0,735.0,,,,NO_BROKER_DATA|GATE_PASS:G1_ZONE:91.9%|GATE_FAIL:G2_BB_WIDE:58.7%|GATE_PASS:G3_LIQ:4690.3M|GATE_PASS:G4_REGIME:uptrend|GATE_PASS:G5_NO_OVERHEAD:100.0%|NO_SETUP|scoring_version:v2
2026-05-07,2026-05-07,4989,CAUTION,0,0,True,False,102.48,103.0,108.15,,,,NO_BROKER_DATA|GATE_FAIL:G1_TOO_FAR_BELOW:82.4%|GATE_FAIL:G2_BB_WIDE:43.5%|GATE_PASS:G3_LIQ:1792.7M|GATE_PASS:G4_REGIME:uptrend|GATE_PASS:G5_NO_OVERHEAD:100.0%|NO_SETUP|scoring_version:v2
2026-05-07,2026-05-07,4991,CAUTION,0,0,True,False,686.55,690.0,761.25,,,,NO_BROKER_DATA|GATE_PASS:G1_ZONE:89.5%|GATE_FAIL:G2_BB_WIDE:38.4%|GATE_PASS:G3_LIQ:2421.7M|GATE_PASS:G4_REGIME:uptrend|GATE_PASS:G5_NO_OVERHEAD:100.0%|NO_SETUP|scoring_version:v2
2026-05-07,2026-05-07,4994,CAUTION,0,0,True,False,98.01,98.5,103.43,,,,NO_BROKER_DATA|GATE_PASS:G1_ZONE:96.6%|GATE_PASS:G2_BB:7.0%|GATE_FAIL:G3_LOW_LIQ:2.4M|LOW_LIQUIDITY:TSE|GATE_PASS:G4_REGIME:uptrend|GATE_PASS:G5_NO_OVERHEAD:92.7%|NO_SETUP|scoring_version:v2
2026-05-07,2026-05-07,4995,CAUTION,0,0,True,False,45.27,45.5,47.77,,,,NO_BROKER_DATA|GATE_PASS:G1_ZONE:98.2%|GATE_PASS:G2_BB:11.2%|GATE_FAIL:G3_LOW_LIQ:2.4M|LOW_LIQUIDITY:TPEx|GATE_PASS:G4_REGIME:uptrend|GATE_PASS:G5_NO_OVERHEAD:100.0%|NO_SETUP|scoring_version:v2
2026-05-07,2026-05-07,4999,CAUTION,0,0,True,False,20.99,21.1,24.36,,,,NO_BROKER_DATA|GATE_FAIL:G1_TOO_FAR_BELOW:81.8%|GATE_PASS:G2_BB:14.9%|GATE_FAIL:G3_LOW_LIQ:4.3M|LOW_LIQUIDITY:TSE|GATE_PASS:G4_REGIME:uptrend|GATE_PASS:G5_NO_OVERHEAD:100.0%|NO_SETUP|scoring_version:v2
2026-05-07,2026-05-07,5202,CAUTION,0,0,True,False,13.03,13.1,15.38,,,,NO_BROKER_DATA|GATE_PASS:G1_ZONE:86.5%|GATE_FAIL:G2_BB_WIDE:18.1%|GATE_FAIL:G3_LOW_LIQ:4.0M|LOW_LIQUIDITY:TPEx|GATE_PASS:G4_REGIME:uptrend|GATE_PASS:G5_NO_OVERHEAD:92.4%|NO_SETUP|scoring_version:v2
2026-05-07,2026-05-07,5203,CAUTION,0,0,True,False,64.87,65.2,68.67,,,,NO_BROKER_DATA|GATE_PASS:G1_ZONE:95.3%|GATE_PASS:G2_BB:9.7%|GATE_FAIL:G3_LOW_LIQ:17.6M|LOW_LIQUIDITY:TSE|GATE_PASS:G4_REGIME:uptrend|GATE_FAIL:G5_OVERHEAD:77.7%|NO_SETUP|scoring_version:v2
2026-05-07,2026-05-07,5201,CAUTION,0,0,True,False,30.5,30.65,32.18,,,,NO_BROKER_DATA|GATE_FAIL:G1_TOO_FAR_BELOW:76.8%|GATE_FAIL:G2_BB_WIDE:47.9%|GATE_FAIL:G3_LOW_LIQ:8.5M|LOW_LIQUIDITY:TPEx|GATE_PASS:G4_REGIME:uptrend|GATE_PASS:G5_NO_OVERHEAD:88.7%|NO_SETUP|scoring_version:v2
2026-05-07,2026-05-07,5210,CAUTION,0,0,True,False,27.46,27.6,30.03,,,,NO_BROKER_DATA|GATE_PASS:G1_ZONE:93.6%|GATE_FAIL:G2_BB_WIDE:32.8%|GATE_FAIL:G3_LOW_LIQ:8.7M|LOW_LIQUIDITY:TPEx|GATE_PASS:G4_REGIME:uptrend|GATE_PASS:G5_NO_OVERHEAD:100.0%|NO_SETUP|scoring_version:v2
2026-05-07,2026-05-07,5211,CAUTION,0,0,True,False,20.15,20.25,21.26,,,,NO_BROKER_DATA|GATE_FAIL:G1_TOO_FAR_BELOW:82.2%|GATE_FAIL:G2_BB_WIDE:22.9%|GATE_FAIL:G3_LOW_LIQ:2.2M|LOW_LIQUIDITY:TPEx|GATE_PASS:G4_REGIME:uptrend|GATE_FAIL:G5_OVERHEAD:84.6%|NO_SETUP|scoring_version:v2
2026-05-07,2026-05-07,5220,CAUTION,0,0,True,False,20.15,20.25,21.79,,,,NO_BROKER_DATA|GATE_PASS:G1_ZONE:95.3%|GATE_PASS:G2_BB:6.7%|GATE_FAIL:G3_LOW_LIQ:1.4M|LOW_LIQUIDITY:TPEx|GATE_PASS:G4_REGIME:uptrend|GATE_PASS:G5_NO_OVERHEAD:100.0%|NO_SETUP|scoring_version:v2
2026-05-07,2026-05-07,5222,CAUTION,0,0,True,False,135.82,136.5,150.68,,,,NO_BROKER_DATA|GATE_PASS:G1_ZONE:89.2%|GATE_FAIL:G2_BB_WIDE:22.3%|GATE_PASS:G3_LIQ:190.5M|GATE_PASS:G4_REGIME:uptrend|GATE_PASS:G5_NO_OVERHEAD:99.4%|NO_SETUP|scoring_version:v2
2026-05-07,2026-05-07,5215,CAUTION,0,0,True,False,38.95,39.15,41.11,,,,NO_BROKER_DATA|GATE_PASS:G1_ZONE:98.0%|GATE_PASS:G2_BB:5.3%|GATE_FAIL:G3_LOW_LIQ:2.5M|LOW_LIQUIDITY:TSE|GATE_PASS:G4_REGIME:uptrend|GATE_PASS:G5_NO_OVERHEAD:99.4%|NO_SETUP|scoring_version:v2
2026-05-07,2026-05-07,5212,CAUTION,0,0,True,False,46.91,47.15,52.19,,,,NO_BROKER_DATA|GATE_PASS:G1_ZONE:92.6%|GATE_PASS:G2_BB:7.6%|GATE_FAIL:G3_LOW_LIQ:1.2M|LOW_LIQUIDITY:TPEx|GATE_PASS:G4_REGIME:uptrend|GATE_PASS:G5_NO_OVERHEAD:88.2%|NO_SETUP|scoring_version:v2
2026-05-07,2026-05-07,5223,CAUTION,0,0,True,False,24.58,24.7,27.77,,,,NO_BROKER_DATA|GATE_PASS:G1_ZONE:90.3%|GATE_PASS:G2_BB:9.5%|GATE_FAIL:G3_LOW_LIQ:1.0M|LOW_LIQUIDITY:TPEx|GATE_PASS:G4_REGIME:uptrend|GATE_PASS:G5_NO_OVERHEAD:86.8%|NO_SETUP|scoring_version:v2
2026-05-07,2026-05-07,5230,CAUTION,0,0,True,False,16.91,17.0,19.79,,,,NO_BROKER_DATA|GATE_PASS:G1_ZONE:87.6%|GATE_FAIL:G2_BB_WIDE:18.0%|GATE_FAIL:G3_LOW_LIQ:5.4M|LOW_LIQUIDITY:TPEx|GATE_PASS:G4_REGIME:uptrend|GATE_PASS:G5_NO_OVERHEAD:99.5%|NO_SETUP|scoring_version:v2
2026-05-07,2026-05-07,5227,CAUTION,0,0,True,False,20.7,20.8,23.0,,,,NO_BROKER_DATA|GATE_PASS:G1_ZONE:90.0%|GATE_PASS:G2_BB:11.2%|GATE_FAIL:G3_LOW_LIQ:3.9M|LOW_LIQUIDITY:TPEx|GATE_PASS:G4_REGIME:uptrend|GATE_FAIL:G5_OVERHEAD:82.8%|NO_SETUP|scoring_version:v2
2026-05-07,2026-05-07,5228,CAUTION,0,0,True,False,36.17,36.35,38.17,,,,NO_BROKER_DATA|GATE_PASS:G1_ZONE:90.6%|GATE_FAIL:G2_BB_WIDE:37.1%|GATE_PASS:G3_LIQ:36.4M|GATE_PASS:G4_REGIME:uptrend|GATE_PASS:G5_NO_OVERHEAD:100.0%|NO_SETUP|scoring_version:v2
2026-05-07,2026-05-07,5225,CAUTION,0,0,True,False,76.52,76.9,81.27,,,,NO_BROKER_DATA|GATE_PASS:G1_ZONE:95.5%|GATE_PASS:G2_BB:5.7%|GATE_FAIL:G3_LOW_LIQ:24.4M|LOW_LIQUIDITY:TSE|GATE_PASS:G4_REGIME:uptrend|GATE_FAIL:G5_OVERHEAD:76.3%|NO_SETUP|scoring_version:v2
2026-05-07,2026-05-07,5234,CAUTION,0,0,True,False,396.51,398.5,421.05,,,,NO_BROKER_DATA|GATE_FAIL:G1_TOO_FAR_BELOW:79.8%|GATE_FAIL:G2_BB_WIDE:19.7%|GATE_PASS:G3_LIQ:465.5M|GATE_PASS:G4_REGIME:uptrend|GATE_PASS:G5_NO_OVERHEAD:100.0%|NO_SETUP|scoring_version:v2
2026-05-07,2026-05-07,5236,CAUTION,0,0,True,False,159.2,160.0,176.4,,,,NO_BROKER_DATA|GATE_PASS:G1_ZONE:89.6%|GATE_FAIL:G2_BB_WIDE:26.6%|GATE_PASS:G3_LIQ:98.1M|GATE_PASS:G4_REGIME:uptrend|GATE_PASS:G5_NO_OVERHEAD:100.0%|NO_SETUP|scoring_version:v2
2026-05-07,2026-05-07,5243,CAUTION,0,0,True,False,106.47,107.0,124.95,,,,NO_BROKER_DATA|GATE_FAIL:G1_TOO_FAR_BELOW:79.3%|GATE_FAIL:G2_BB_WIDE:28.6%|GATE_PASS:G3_LIQ:630.1M|GATE_PASS:G4_REGIME:uptrend|GATE_PASS:G5_NO_OVERHEAD:100.0%|NO_SETUP|scoring_version:v2
2026-05-07,2026-05-07,5245,CAUTION,0,0,True,False,26.27,26.4,27.72,,,,NO_BROKER_DATA|GATE_PASS:G1_ZONE:98.9%|GATE_FAIL:G2_BB_WIDE:15.8%|GATE_FAIL:G3_LOW_LIQ:2.8M|LOW_LIQUIDITY:TPEx|GATE_PASS:G4_REGIME:uptrend|GATE_FAIL:G5_OVERHEAD:72.2%|NO_SETUP|scoring_version:v2
2026-05-07,2026-05-07,5244,CAUTION,0,0,True,False,40.15,40.35,53.34,,,,NO_BROKER_DATA|GATE_FAIL:G1_TOO_FAR_BELOW:79.4%|GATE_FAIL:G2_BB_WIDE:28.1%|GATE_PASS:G3_LIQ:95.7M|GATE_PASS:G4_REGIME:uptrend|GATE_PASS:G5_NO_OVERHEAD:100.0%|NO_SETUP|scoring_version:v2
2026-05-07,2026-05-07,5258,CAUTION,0,0,True,False,48.26,48.5,54.6,,,,NO_BROKER_DATA|GATE_PASS:G1_ZONE:92.2%|GATE_PASS:G2_BB:13.4%|GATE_FAIL:G3_LOW_LIQ:26.5M|LOW_LIQUIDITY:TSE|GATE_PASS:G4_REGIME:uptrend|GATE_PASS:G5_NO_OVERHEAD:86.7%|NO_SETUP|scoring_version:v2
2026-05-07,2026-05-07,5274,CAUTION,0,0,True,False,17800.55,17890.0,18784.5,,,,NO_BROKER_DATA|GATE_PASS:G1_ZONE:93.2%|GATE_FAIL:G2_BB_WIDE:49.0%|GATE_PASS:G3_LIQ:5721.0M|GATE_PASS:G4_REGIME:uptrend|GATE_PASS:G5_NO_OVERHEAD:100.0%|NO_SETUP|scoring_version:v2
2026-05-07,2026-05-07,5272,CAUTION,0,0,True,False,24.33,24.45,28.4,,,,NO_BROKER_DATA|GATE_PASS:G1_ZONE:86.9%|GATE_FAIL:G2_BB_WIDE:26.4%|GATE_PASS:G3_LIQ:19.4M|GATE_PASS:G4_REGIME:uptrend|GATE_PASS:G5_NO_OVERHEAD:100.0%|NO_SETUP|scoring_version:v2
2026-05-07,2026-05-07,5269,CAUTION,0,0,True,False,1363.15,1370.0,1438.5,,,,NO_BROKER_DATA|GATE_PASS:G1_ZONE:94.8%|GATE_FAIL:G2_BB_WIDE:27.8%|GATE_PASS:G3_LIQ:2264.7M|GATE_PASS:G4_REGIME:uptrend|GATE_PASS:G5_NO_OVERHEAD:100.0%|NO_SETUP|scoring_version:v2
2026-05-07,2026-05-07,5285,CAUTION,0,0,True,False,57.31,57.6,60.69,,,,NO_BROKER_DATA|GATE_PASS:G1_ZONE:97.6%|GATE_PASS:G2_BB:13.7%|GATE_FAIL:G3_LOW_LIQ:21.3M|LOW_LIQUIDITY:TSE|GATE_PASS:G4_REGIME:uptrend|GATE_PASS:G5_NO_OVERHEAD:100.0%|NO_SETUP|scoring_version:v2
2026-05-07,2026-05-07,5289,CAUTION,0,0,True,False,1567.12,1575.0,1653.75,,,,NO_BROKER_DATA|GATE_PASS:G1_ZONE:97.2%|GATE_FAIL:G2_BB_WIDE:48.8%|GATE_PASS:G3_LIQ:6401.4M|GATE_PASS:G4_REGIME:uptrend|GATE_PASS:G5_NO_OVERHEAD:100.0%|NO_SETUP|scoring_version:v2
2026-05-07,2026-05-07,5291,CAUTION,0,0,True,False,63.68,64.0,81.8,,,,NO_BROKER_DATA|GATE_FAIL:G1_TOO_FAR_BELOW:77.9%|GATE_FAIL:G2_BB_WIDE:35.3%|GATE_PASS:G3_LIQ:124.9M|GATE_PASS:G4_REGIME:uptrend|GATE_PASS:G5_NO_OVERHEAD:97.2%|NO_SETUP|scoring_version:v2
2026-05-07,2026-05-07,5288,CAUTION,0,0,True,False,152.73,153.5,178.5,,,,NO_BROKER_DATA|GATE_PASS:G1_ZONE:86.0%|GATE_FAIL:G2_BB_WIDE:22.7%|GATE_PASS:G3_LIQ:70.3M|GATE_PASS:G4_REGIME:uptrend|GATE_PASS:G5_NO_OVERHEAD:100.0%|NO_SETUP|scoring_version:v2
2026-05-07,2026-05-07,5299,CAUTION,0,0,True,False,92.14,92.6,97.23,,,,NO_BROKER_DATA|GATE_PASS:G1_ZONE:96.9%|GATE_FAIL:G2_BB_WIDE:20.3%|GATE_PASS:G3_LIQ:29.9M|GATE_PASS:G4_REGIME:uptrend|GATE_PASS:G5_NO_OVERHEAD:100.0%|NO_SETUP|scoring_version:v2
2026-05-07,2026-05-07,5251,CAUTION,0,0,True,False,28.95,29.1,31.66,,,,NO_BROKER_DATA|GATE_PASS:G1_ZONE:89.0%|GATE_PASS:G2_BB:11.3%|GATE_FAIL:G3_LOW_LIQ:4.2M|LOW_LIQUIDITY:TPEx|GATE_PASS:G4_REGIME:uptrend|GATE_PASS:G5_NO_OVERHEAD:94.0%|NO_SETUP|scoring_version:v2
2026-05-07,2026-05-07,5302,CAUTION,0,0,True,False,11.94,12.0,12.6,,,,NO_BROKER_DATA|GATE_PASS:G1_ZONE:94.9%|GATE_PASS:G2_BB:13.0%|GATE_FAIL:G3_LOW_LIQ:9.4M|LOW_LIQUIDITY:TPEx|GATE_PASS:G4_REGIME:uptrend|GATE_PASS:G5_NO_OVERHEAD:94.8%|NO_SETUP|scoring_version:v2
2026-05-07,2026-05-07,5310,CAUTION,0,0,True,False,24.63,24.75,25.99,,,,NO_BROKER_DATA|GATE_PASS:G1_ZONE:94.8%|GATE_FAIL:G2_BB_WIDE:94.9%|GATE_FAIL:G3_LOW_LIQ:0.4M|LOW_LIQUIDITY:TPEx|GATE_PASS:G4_REGIME:uptrend|GATE_PASS:G5_NO_OVERHEAD:87.1%|NO_SETUP|scoring_version:v2
2026-05-07,2026-05-07,5309,CAUTION,0,0,True,False,63.48,63.8,66.99,,,,NO_BROKER_DATA|GATE_PASS:G1_ZONE:97.4%|GATE_FAIL:G2_BB_WIDE:17.1%|GATE_PASS:G3_LIQ:360.5M|GATE_PASS:G4_REGIME:uptrend|GATE_PASS:G5_NO_OVERHEAD:91.1%|NO_SETUP|scoring_version:v2
2026-05-07,2026-05-07,5312,CAUTION,0,0,True,False,95.72,96.2,101.01,,,,NO_BROKER_DATA|GATE_PASS:G1_ZONE:96.3%|GATE_PASS:G2_BB:3.8%|GATE_FAIL:G3_LOW_LIQ:4.0M|LOW_LIQUIDITY:TPEx|GATE_PASS:G4_REGIME:uptrend|GATE_PASS:G5_NO_OVERHEAD:97.9%|NO_SETUP|scoring_version:v2
2026-05-07,2026-05-07,5315,CAUTION,0,0,True,False,22.19,22.3,23.42,,,,NO_BROKER_DATA|GATE_PASS:G1_ZONE:94.9%|GATE_PASS:G2_BB:6.1%|GATE_FAIL:G3_LOW_LIQ:10.3M|LOW_LIQUIDITY:TPEx|GATE_PASS:G4_REGIME:uptrend|GATE_PASS:G5_NO_OVERHEAD:90.4%|NO_SETUP|scoring_version:v2
2026-05-07,2026-05-07,5344,CAUTION,0,0,True,False,15.97,16.05,19.84,,,,NO_BROKER_DATA|GATE_FAIL:G1_TOO_FAR_BELOW:84.5%|GATE_FAIL:G2_BB_WIDE:36.6%|GATE_FAIL:G3_LOW_LIQ:6.0M|LOW_LIQUIDITY:TPEx|GATE_PASS:G4_REGIME:uptrend|GATE_PASS:G5_NO_OVERHEAD:100.0%|NO_SETUP|scoring_version:v2
2026-05-07,2026-05-07,5340,CAUTION,0,0,True,False,115.92,116.5,140.7,,,,NO_BROKER_DATA|GATE_PASS:G1_ZONE:85.0%|GATE_FAIL:G2_BB_WIDE:22.4%|GATE_PASS:G3_LIQ:946.6M|GATE_PASS:G4_REGIME:uptrend|GATE_PASS:G5_NO_OVERHEAD:100.0%|NO_SETUP|scoring_version:v2
2026-05-07,2026-05-07,5328,CAUTION,0,0,True,False,28.46,28.6,30.03,,,,NO_BROKER_DATA|GATE_FAIL:G1_ALREADY_BROKE_OUT:100.0%|GATE_FAIL:G2_BB_WIDE:19.9%|GATE_PASS:G3_LIQ:183.5M|GATE_PASS:G4_REGIME:uptrend|GATE_PASS:G5_NO_OVERHEAD:91.1%|NO_SETUP|scoring_version:v2
2026-05-07,2026-05-07,5347,CAUTION,0,0,True,False,184.57,185.5,194.78,,,,NO_BROKER_DATA|GATE_FAIL:G1_ALREADY_BROKE_OUT:100.0%|GATE_FAIL:G2_BB_WIDE:41.0%|GATE_PASS:G3_LIQ:5549.7M|GATE_PASS:G4_REGIME:uptrend|GATE_PASS:G5_NO_OVERHEAD:100.0%|NO_SETUP|scoring_version:v2
2026-05-07,2026-05-07,5351,CAUTION,0,0,True,False,76.91,77.3,81.17,,,,NO_BROKER_DATA|GATE_PASS:G1_ZONE:94.8%|GATE_FAIL:G2_BB_WIDE:23.3%|GATE_PASS:G3_LIQ:1680.5M|GATE_PASS:G4_REGIME:uptrend|GATE_PASS:G5_NO_OVERHEAD:92.7%|NO_SETUP|scoring_version:v2
2026-05-07,2026-05-07,5355,CAUTION,0,0,True,False,6.81,6.84,7.18,,,,NO_BROKER_DATA|GATE_PASS:G1_ZONE:91.9%|GATE_PASS:G2_BB:10.8%|GATE_FAIL:G3_LOW_LIQ:0.5M|LOW_LIQUIDITY:TPEx|GATE_PASS:G4_REGIME:uptrend|GATE_PASS:G5_NO_OVERHEAD:91.4%|NO_SETUP|scoring_version:v2
2026-05-07,2026-05-07,5353,CAUTION,0,0,True,False,26.42,26.55,29.03,,,,NO_BROKER_DATA|GATE_PASS:G1_ZONE:93.3%|GATE_PASS:G2_BB:13.2%|GATE_FAIL:G3_LOW_LIQ:5.4M|LOW_LIQUIDITY:TPEx|GATE_PASS:G4_REGIME:uptrend|GATE_PASS:G5_NO_OVERHEAD:100.0%|NO_SETUP|scoring_version:v2
2026-05-07,2026-05-07,5356,CAUTION,0,0,True,False,26.91,27.05,28.51,,,,NO_BROKER_DATA|GATE_PASS:G1_ZONE:97.3%|GATE_PASS:G2_BB:10.2%|GATE_FAIL:G3_LOW_LIQ:4.0M|LOW_LIQUIDITY:TPEx|GATE_PASS:G4_REGIME:uptrend|GATE_PASS:G5_NO_OVERHEAD:100.0%|NO_SETUP|scoring_version:v2
2026-05-07,2026-05-07,5381,CAUTION,0,0,True,False,24.08,24.2,25.73,,,,NO_BROKER_DATA|GATE_PASS:G1_ZONE:89.6%|GATE_PASS:G2_BB:14.3%|GATE_PASS:G3_LIQ:21.8M|GATE_PASS:G4_REGIME:uptrend|GATE_FAIL:G5_OVERHEAD:75.0%|NO_SETUP|scoring_version:v2
2026-05-07,2026-05-07,5371,CAUTION,0,0,True,False,72.83,73.2,76.86,,,,NO_BROKER_DATA|GATE_PASS:G1_ZONE:89.7%|GATE_FAIL:G2_BB_WIDE:19.9%|GATE_PASS:G3_LIQ:418.0M|GATE_PASS:G4_REGIME:uptrend|GATE_FAIL:G5_OVERHEAD:84.6%|NO_SETUP|scoring_version:v2
2026-05-07,2026-05-07,5386,CAUTION,0,0,True,False,519.39,522.0,548.1,,,,NO_BROKER_DATA|GATE_FAIL:G1_ALREADY_BROKE_OUT:100.0%|GATE_FAIL:G2_BB_WIDE:51.9%|GATE_PASS:G3_LIQ:1102.6M|GATE_PASS:G4_REGIME:uptrend|GATE_PASS:G5_NO_OVERHEAD:100.0%|NO_SETUP|scoring_version:v2
2026-05-07,2026-05-07,5392,CAUTION,0,0,True,False,41.49,41.7,43.79,,,,NO_BROKER_DATA|GATE_PASS:G1_ZONE:92.1%|GATE_FAIL:G2_BB_WIDE:23.7%|GATE_PASS:G3_LIQ:133.3M|GATE_PASS:G4_REGIME:uptrend|GATE_FAIL:G5_OVERHEAD:84.8%|NO_SETUP|scoring_version:v2
2026-05-07,2026-05-07,5425,CAUTION,0,0,True,False,71.14,71.5,75.08,,,,NO_BROKER_DATA|GATE_PASS:G1_ZONE:97.9%|GATE_FAIL:G2_BB_WIDE:25.6%|GATE_PASS:G3_LIQ:586.1M|GATE_PASS:G4_REGIME:uptrend|GATE_PASS:G5_NO_OVERHEAD:100.0%|NO_SETUP|scoring_version:v2
2026-05-07,2026-05-07,5410,CAUTION,0,0,True,False,36.32,36.5,38.33,,,,NO_BROKER_DATA|GATE_PASS:G1_ZONE:95.4%|GATE_FAIL:G2_BB_WIDE:16.3%|GATE_PASS:G3_LIQ:24.4M|GATE_PASS:G4_REGIME:uptrend|GATE_PASS:G5_NO_OVERHEAD:100.0%|NO_SETUP|scoring_version:v2
2026-05-07,2026-05-07,5426,CAUTION,0,0,True,False,17.81,17.9,19.64,,,,NO_BROKER_DATA|GATE_PASS:G1_ZONE:88.8%|GATE_PASS:G2_BB:14.7%|GATE_FAIL:G3_LOW_LIQ:7.8M|LOW_LIQUIDITY:TPEx|GATE_PASS:G4_REGIME:uptrend|GATE_PASS:G5_NO_OVERHEAD:93.3%|NO_SETUP|scoring_version:v2
2026-05-07,2026-05-07,5438,CAUTION,0,0,True,False,19.95,20.05,21.05,,,,NO_BROKER_DATA|GATE_FAIL:G1_ALREADY_BROKE_OUT:99.0%|GATE_PASS:G2_BB:6.5%|GATE_FAIL:G3_LOW_LIQ:2.1M|LOW_LIQUIDITY:TPEx|GATE_PASS:G4_REGIME:uptrend|GATE_PASS:G5_NO_OVERHEAD:88.0%|NO_SETUP|scoring_version:v2
2026-05-07,2026-05-07,5439,CAUTION,0,0,True,False,404.96,407.0,427.35,,,,NO_BROKER_DATA|GATE_PASS:G1_ZONE:87.8%|GATE_FAIL:G2_BB_WIDE:29.8%|GATE_PASS:G3_LIQ:3636.5M|GATE_PASS:G4_REGIME:uptrend|GATE_PASS:G5_NO_OVERHEAD:100.0%|NO_SETUP|scoring_version:v2
2026-05-07,2026-05-07,5452,CAUTION,0,0,True,False,32.79,32.95,37.7,,,,NO_BROKER_DATA|GATE_PASS:G1_ZONE:88.1%|GATE_FAIL:G2_BB_WIDE:15.5%|GATE_PASS:G3_LIQ:94.8M|GATE_PASS:G4_REGIME:uptrend|GATE_PASS:G5_NO_OVERHEAD:91.6%|NO_SETUP|scoring_version:v2
2026-05-07,2026-05-07,5443,CAUTION,0,0,True,False,124.38,125.0,144.38,,,,NO_BROKER_DATA|GATE_PASS:G1_ZONE:88.0%|GATE_FAIL:G2_BB_WIDE:25.8%|GATE_PASS:G3_LIQ:1582.8M|GATE_PASS:G4_REGIME:uptrend|GATE_PASS:G5_NO_OVERHEAD:100.0%|NO_SETUP|scoring_version:v2
2026-05-07,2026-05-07,5460,CAUTION,0,0,True,False,14.97,15.05,16.17,,,,NO_BROKER_DATA|GATE_PASS:G1_ZONE:94.1%|GATE_PASS:G2_BB:5.7%|GATE_FAIL:G3_LOW_LIQ:0.7M|LOW_LIQUIDITY:TPEx|GATE_PASS:G4_REGIME:uptrend|GATE_PASS:G5_NO_OVERHEAD:99.1%|NO_SETUP|scoring_version:v2
2026-05-07,2026-05-07,5464,CAUTION,0,0,True,False,47.41,47.65,50.03,,,,NO_BROKER_DATA|GATE_FAIL:G1_ALREADY_BROKE_OUT:100.0%|GATE_FAIL:G2_BB_WIDE:59.1%|GATE_PASS:G3_LIQ:35.5M|GATE_PASS:G4_REGIME:uptrend|GATE_PASS:G5_NO_OVERHEAD:100.0%|NO_SETUP|scoring_version:v2
2026-05-07,2026-05-07,5465,CAUTION,0,0,True,False,24.88,25.0,27.77,,,,NO_BROKER_DATA|GATE_PASS:G1_ZONE:89.4%|GATE_PASS:G2_BB:8.1%|GATE_FAIL:G3_LOW_LIQ:4.0M|LOW_LIQUIDITY:TPEx|GATE_PASS:G4_REGIME:uptrend|GATE_PASS:G5_NO_OVERHEAD:90.9%|NO_SETUP|scoring_version:v2
2026-05-07,2026-05-07,5469,CAUTION,0,0,True,False,83.88,84.3,88.52,,,,NO_BROKER_DATA|GATE_FAIL:G1_TOO_FAR_BELOW:84.3%|GATE_FAIL:G2_BB_WIDE:20.2%|GATE_PASS:G3_LIQ:492.8M|GATE_PASS:G4_REGIME:uptrend|GATE_PASS:G5_NO_OVERHEAD:92.6%|NO_SETUP|scoring_version:v2
2026-05-07,2026-05-07,5468,CAUTION,0,0,True,False,17.91,18.0,19.64,,,,NO_BROKER_DATA|GATE_PASS:G1_ZONE:88.0%|GATE_PASS:G2_BB:4.7%|GATE_FAIL:G3_LOW_LIQ:1.5M|LOW_LIQUIDITY:TPEx|GATE_PASS:G4_REGIME:uptrend|GATE_PASS:G5_NO_OVERHEAD:99.5%|NO_SETUP|scoring_version:v2
2026-05-07,2026-05-07,5471,CAUTION,0,0,True,False,43.88,44.1,48.2,,,,NO_BROKER_DATA|GATE_PASS:G1_ZONE:89.3%|GATE_FAIL:G2_BB_WIDE:17.1%|GATE_PASS:G3_LIQ:74.8M|GATE_PASS:G4_REGIME:uptrend|GATE_PASS:G5_NO_OVERHEAD:100.0%|NO_SETUP|scoring_version:v2
2026-05-07,2026-05-07,5474,CAUTION,0,0,True,False,171.14,172.0,180.6,,,,NO_BROKER_DATA|GATE_PASS:G1_ZONE:93.0%|GATE_FAIL:G2_BB_WIDE:34.9%|GATE_PASS:G3_LIQ:110.1M|GATE_PASS:G4_REGIME:uptrend|GATE_PASS:G5_NO_OVERHEAD:100.0%|NO_SETUP|scoring_version:v2
2026-05-07,2026-05-07,5475,CAUTION,0,0,True,False,346.26,348.0,420.0,,,,NO_BROKER_DATA|GATE_PASS:G1_ZONE:86.0%|GATE_FAIL:G2_BB_WIDE:40.3%|GATE_PASS:G3_LIQ:1120.1M|GATE_PASS:G4_REGIME:uptrend|GATE_PASS:G5_NO_OVERHEAD:100.0%|NO_SETUP|scoring_version:v2
2026-05-07,2026-05-07,5483,CAUTION,0,0,True,False,151.24,152.0,159.6,,,,NO_BROKER_DATA|GATE_PASS:G1_ZONE:96.2%|GATE_FAIL:G2_BB_WIDE:29.5%|GATE_PASS:G3_LIQ:2620.9M|GATE_PASS:G4_REGIME:uptrend|GATE_PASS:G5_NO_OVERHEAD:100.0%|NO_SETUP|scoring_version:v2
2026-05-07,2026-05-07,5484,CAUTION,0,0,True,False,38.31,38.5,42.37,,,,NO_BROKER_DATA|GATE_PASS:G1_ZONE:87.1%|GATE_PASS:G2_BB:13.9%|GATE_FAIL:G3_LOW_LIQ:19.8M|LOW_LIQUIDITY:TSE|GATE_PASS:G4_REGIME:uptrend|GATE_PASS:G5_NO_OVERHEAD:96.1%|NO_SETUP|scoring_version:v2
2026-05-07,2026-05-07,5487,CAUTION,0,0,True,False,28.46,28.6,30.77,,,,NO_BROKER_DATA|GATE_PASS:G1_ZONE:92.7%|GATE_PASS:G2_BB:5.6%|GATE_FAIL:G3_LOW_LIQ:1.0M|LOW_LIQUIDITY:TPEx|GATE_PASS:G4_REGIME:uptrend|GATE_PASS:G5_NO_OVERHEAD:99.8%|NO_SETUP|scoring_version:v2
2026-05-07,2026-05-07,5488,CAUTION,0,0,True,False,9.95,10.0,11.03,,,,NO_BROKER_DATA|GATE_PASS:G1_ZONE:92.6%|GATE_PASS:G2_BB:10.1%|GATE_FAIL:G3_LOW_LIQ:3.3M|LOW_LIQUIDITY:TPEx|GATE_PASS:G4_REGIME:uptrend|GATE_PASS:G5_NO_OVERHEAD:100.0%|NO_SETUP|scoring_version:v2
2026-05-07,2026-05-07,5489,CAUTION,0,0,True,False,40.3,40.5,43.37,,,,NO_BROKER_DATA|GATE_PASS:G1_ZONE:95.9%|GATE_PASS:G2_BB:2.2%|GATE_FAIL:G3_LOW_LIQ:2.8M|LOW_LIQUIDITY:TPEx|GATE_PASS:G4_REGIME:uptrend|GATE_PASS:G5_NO_OVERHEAD:97.9%|NO_SETUP|scoring_version:v2
2026-05-07,2026-05-07,5493,CAUTION,0,0,True,False,86.86,87.3,94.5,,,,NO_BROKER_DATA|GATE_PASS:G1_ZONE:94.5%|GATE_FAIL:G2_BB_WIDE:15.8%|GATE_PASS:G3_LIQ:33.7M|GATE_PASS:G4_REGIME:uptrend|GATE_PASS:G5_NO_OVERHEAD:93.4%|NO_SETUP|scoring_version:v2
2026-05-07,2026-05-07,5498,CAUTION,0,0,True,False,74.23,74.6,81.06,,,,NO_BROKER_DATA|GATE_PASS:G1_ZONE:85.6%|GATE_FAIL:G2_BB_WIDE:32.4%|GATE_PASS:G3_LIQ:1504.5M|GATE_PASS:G4_REGIME:uptrend|GATE_PASS:G5_NO_OVERHEAD:100.0%|NO_SETUP|scoring_version:v2
2026-05-07,2026-05-07,6103,CAUTION,0,0,True,False,39.5,39.7,45.31,,,,NO_BROKER_DATA|GATE_PASS:G1_ZONE:89.4%|GATE_FAIL:G2_BB_WIDE:231.7%|GATE_FAIL:G3_LOW_LIQ:0.2M|LOW_LIQUIDITY:TPEx|GATE_PASS:G4_REGIME:uptrend|GATE_FAIL:G5_OVERHEAD:81.3%|NO_SETUP|scoring_version:v2
2026-05-07,2026-05-07,6104,CAUTION,0,0,True,False,101.49,102.0,109.2,,,,NO_BROKER_DATA|GATE_PASS:G1_ZONE:93.2%|GATE_FAIL:G2_BB_WIDE:20.4%|GATE_PASS:G3_LIQ:218.4M|GATE_PASS:G4_REGIME:uptrend|GATE_PASS:G5_NO_OVERHEAD:100.0%|NO_SETUP|scoring_version:v2
2026-05-07,2026-05-07,6109,CAUTION,0,0,True,False,12.44,12.5,13.12,,,,NO_BROKER_DATA|GATE_PASS:G1_ZONE:97.7%|GATE_PASS:G2_BB:9.7%|GATE_FAIL:G3_LOW_LIQ:7.5M|LOW_LIQUIDITY:TPEx|GATE_PASS:G4_REGIME:uptrend|GATE_PASS:G5_NO_OVERHEAD:90.1%|NO_SETUP|scoring_version:v2
2026-05-07,2026-05-07,6108,CAUTION,0,0,True,False,24.08,24.2,25.41,,,,NO_BROKER_DATA|GATE_FAIL:G1_ALREADY_BROKE_OUT:100.0%|GATE_FAIL:G2_BB_WIDE:39.7%|GATE_PASS:G3_LIQ:62.3M|GATE_PASS:G4_REGIME:uptrend|GATE_PASS:G5_NO_OVERHEAD:100.0%|NO_SETUP|scoring_version:v2
2026-05-07,2026-05-07,6112,CAUTION,0,0,True,False,44.97,45.2,47.46,,,,NO_BROKER_DATA|GATE_PASS:G1_ZONE:92.5%|GATE_PASS:G2_BB:9.0%|GATE_FAIL:G3_LOW_LIQ:25.9M|LOW_LIQUIDITY:TSE|GATE_PASS:G4_REGIME:uptrend|GATE_PASS:G5_NO_OVERHEAD:96.5%|NO_SETUP|scoring_version:v2
2026-05-07,2026-05-07,6113,CAUTION,0,0,True,False,24.92,25.05,26.3,,,,NO_BROKER_DATA|GATE_FAIL:G1_ALREADY_BROKE_OUT:100.0%|GATE_FAIL:G2_BB_WIDE:18.1%|GATE_PASS:G3_LIQ:15.5M|GATE_PASS:G4_REGIME:uptrend|GATE_PASS:G5_NO_OVERHEAD:100.0%|NO_SETUP|scoring_version:v2
2026-05-07,2026-05-07,6114,CAUTION,0,0,True,False,31.29,31.45,33.02,,,,NO_BROKER_DATA|GATE_PASS:G1_ZONE:95.3%|GATE_PASS:G2_BB:12.8%|GATE_FAIL:G3_LOW_LIQ:1.9M|LOW_LIQUIDITY:TPEx|GATE_PASS:G4_REGIME:uptrend|GATE_PASS:G5_NO_OVERHEAD:97.6%|NO_SETUP|scoring_version:v2
2026-05-07,2026-05-07,6115,CAUTION,0,0,True,False,47.56,47.8,50.56,,,,NO_BROKER_DATA|GATE_PASS:G1_ZONE:98.4%|GATE_PASS:G2_BB:2.7%|GATE_FAIL:G3_LOW_LIQ:8.4M|LOW_LIQUIDITY:TSE|GATE_PASS:G4_REGIME:uptrend|GATE_PASS:G5_NO_OVERHEAD:100.0%|NO_SETUP|scoring_version:v2
2026-05-07,2026-05-07,6116,CAUTION,0,0,True,False,9.35,9.4,9.87,,,,NO_BROKER_DATA|GATE_PASS:G1_ZONE:98.6%|GATE_FAIL:G2_BB_WIDE:16.8%|GATE_PASS:G3_LIQ:214.5M|GATE_PASS:G4_REGIME:uptrend|GATE_PASS:G5_NO_OVERHEAD:96.2%|NO_SETUP|scoring_version:v2
2026-05-07,2026-05-07,6117,CAUTION,0,0,True,False,84.87,85.3,93.55,,,,NO_BROKER_DATA|GATE_PASS:G1_ZONE:92.3%|GATE_FAIL:G2_BB_WIDE:20.8%|GATE_PASS:G3_LIQ:114.0M|GATE_PASS:G4_REGIME:uptrend|GATE_PASS:G5_NO_OVERHEAD:100.0%|NO_SETUP|scoring_version:v2
2026-05-07,2026-05-07,6118,CAUTION,0,0,True,False,17.66,17.75,19.27,,,,NO_BROKER_DATA|GATE_PASS:G1_ZONE:87.4%|GATE_PASS:G2_BB:12.1%|GATE_FAIL:G3_LOW_LIQ:13.1M|LOW_LIQUIDITY:TPEx|GATE_PASS:G4_REGIME:uptrend|GATE_PASS:G5_NO_OVERHEAD:100.0%|NO_SETUP|scoring_version:v2
2026-05-07,2026-05-07,6120,CAUTION,0,0,True,False,13.23,13.3,15.17,,,,NO_BROKER_DATA|GATE_PASS:G1_ZONE:85.3%|GATE_FAIL:G2_BB_WIDE:24.3%|GATE_PASS:G3_LIQ:89.6M|GATE_PASS:G4_REGIME:uptrend|GATE_PASS:G5_NO_OVERHEAD:100.0%|NO_SETUP|scoring_version:v2
2026-05-07,2026-05-07,6123,CAUTION,0,0,True,False,45.62,45.85,48.14,,,,NO_BROKER_DATA|GATE_FAIL:G1_ALREADY_BROKE_OUT:100.0%|GATE_PASS:G2_BB:9.9%|GATE_FAIL:G3_LOW_LIQ:4.9M|LOW_LIQUIDITY:TPEx|GATE_PASS:G4_REGIME:uptrend|GATE_PASS:G5_NO_OVERHEAD:100.0%|NO_SETUP|scoring_version:v2
2026-05-07,2026-05-07,6124,CAUTION,0,0,True,False,30.84,31.0,33.91,,,,NO_BROKER_DATA|GATE_PASS:G1_ZONE:92.0%|GATE_PASS:G2_BB:8.4%|GATE_FAIL:G3_LOW_LIQ:3.9M|LOW_LIQUIDITY:TPEx|GATE_PASS:G4_REGIME:uptrend|GATE_FAIL:G5_OVERHEAD:81.0%|NO_SETUP|scoring_version:v2
2026-05-07,2026-05-07,6125,CAUTION,0,0,True,False,58.9,59.2,62.16,,,,NO_BROKER_DATA|GATE_PASS:G1_ZONE:97.4%|GATE_PASS:G2_BB:14.9%|GATE_PASS:G3_LIQ:96.5M|GATE_PASS:G4_REGIME:uptrend|GATE_FAIL:G5_OVERHEAD:77.9%|NO_SETUP|scoring_version:v2
2026-05-07,2026-05-07,6127,CAUTION,0,0,True,False,47.76,48.0,50.4,,,,NO_BROKER_DATA|GATE_PASS:G1_ZONE:88.9%|GATE_FAIL:G2_BB_WIDE:24.6%|GATE_PASS:G3_LIQ:901.4M|GATE_PASS:G4_REGIME:uptrend|GATE_PASS:G5_NO_OVERHEAD:100.0%|NO_SETUP|scoring_version:v2
2026-05-07,2026-05-07,6128,CAUTION,0,0,True,False,20.3,20.4,21.47,,,,NO_BROKER_DATA|GATE_PASS:G1_ZONE:95.3%|GATE_PASS:G2_BB:4.7%|GATE_FAIL:G3_LOW_LIQ:2.8M|LOW_LIQUIDITY:TSE|GATE_PASS:G4_REGIME:uptrend|GATE_FAIL:G5_OVERHEAD:78.8%|NO_SETUP|scoring_version:v2
2026-05-07,2026-05-07,6129,CAUTION,0,0,True,False,16.67,16.75,18.64,,,,NO_BROKER_DATA|GATE_PASS:G1_ZONE:89.1%|GATE_FAIL:G2_BB_WIDE:15.9%|GATE_PASS:G3_LIQ:20.9M|GATE_PASS:G4_REGIME:uptrend|GATE_PASS:G5_NO_OVERHEAD:100.0%|NO_SETUP|scoring_version:v2
2026-05-07,2026-05-07,6130,CAUTION,0,0,True,False,23.58,23.7,25.25,,,,NO_BROKER_DATA|GATE_FAIL:G1_TOO_FAR_BELOW:81.6%|GATE_FAIL:G2_BB_WIDE:22.2%|GATE_FAIL:G3_LOW_LIQ:8.5M|LOW_LIQUIDITY:TPEx|GATE_PASS:G4_REGIME:uptrend|GATE_FAIL:G5_OVERHEAD:67.2%|NO_SETUP|scoring_version:v2
2026-05-07,2026-05-07,6133,CAUTION,0,0,True,False,22.34,22.45,25.09,,,,NO_BROKER_DATA|GATE_PASS:G1_ZONE:91.1%|GATE_PASS:G2_BB:11.7%|GATE_FAIL:G3_LOW_LIQ:34.4M|LOW_LIQUIDITY:TSE|GATE_PASS:G4_REGIME:uptrend|GATE_FAIL:G5_OVERHEAD:82.0%|NO_SETUP|scoring_version:v2
2026-05-07,2026-05-07,6136,CAUTION,0,0,True,False,24.73,24.85,29.4,,,,NO_BROKER_DATA|GATE_FAIL:G1_TOO_FAR_BELOW:84.2%|GATE_FAIL:G2_BB_WIDE:19.6%|GATE_FAIL:G3_LOW_LIQ:29.6M|LOW_LIQUIDITY:TSE|GATE_PASS:G4_REGIME:uptrend|GATE_PASS:G5_NO_OVERHEAD:100.0%|NO_SETUP|scoring_version:v2
2026-05-07,2026-05-07,6138,CAUTION,0,0,True,False,260.69,262.0,275.1,,,,NO_BROKER_DATA|GATE_PASS:G1_ZONE:97.0%|GATE_FAIL:G2_BB_WIDE:20.9%|GATE_PASS:G3_LIQ:200.7M|GATE_PASS:G4_REGIME:uptrend|GATE_PASS:G5_NO_OVERHEAD:97.1%|NO_SETUP|scoring_version:v2
2026-05-07,2026-05-07,6139,CAUTION,0,0,True,False,717.39,721.0,759.15,,,,NO_BROKER_DATA|GATE_PASS:G1_ZONE:93.4%|GATE_FAIL:G2_BB_WIDE:23.9%|GATE_PASS:G3_LIQ:3668.7M|GATE_PASS:G4_REGIME:uptrend|GATE_PASS:G5_NO_OVERHEAD:100.0%|NO_SETUP|scoring_version:v2
2026-05-07,2026-05-07,6140,CAUTION,0,0,True,False,22.44,22.55,23.68,,,,NO_BROKER_DATA|GATE_FAIL:G1_ALREADY_BROKE_OUT:100.0%|GATE_FAIL:G2_BB_WIDE:24.9%|GATE_FAIL:G3_LOW_LIQ:3.2M|LOW_LIQUIDITY:TPEx|GATE_PASS:G4_REGIME:uptrend|GATE_PASS:G5_NO_OVERHEAD:89.8%|NO_SETUP|scoring_version:v2
2026-05-07,2026-05-07,6141,CAUTION,0,0,True,False,36.32,36.5,38.33,,,,NO_BROKER_DATA|GATE_PASS:G1_ZONE:93.6%|GATE_FAIL:G2_BB_WIDE:56.4%|GATE_PASS:G3_LIQ:83.5M|GATE_PASS:G4_REGIME:uptrend|GATE_PASS:G5_NO_OVERHEAD:100.0%|NO_SETUP|scoring_version:v2
2026-05-07,2026-05-07,6142,CAUTION,0,0,True,False,8.81,8.85,9.68,,,,NO_BROKER_DATA|GATE_PASS:G1_ZONE:93.8%|GATE_PASS:G2_BB:7.9%|GATE_FAIL:G3_LOW_LIQ:8.2M|LOW_LIQUIDITY:TSE|GATE_PASS:G4_REGIME:uptrend|GATE_PASS:G5_NO_OVERHEAD:87.8%|NO_SETUP|scoring_version:v2
2026-05-07,2026-05-07,6147,CAUTION,0,0,True,False,191.54,192.5,202.12,,,,NO_BROKER_DATA|GATE_FAIL:G1_ALREADY_BROKE_OUT:99.5%|GATE_FAIL:G2_BB_WIDE:78.7%|GATE_PASS:G3_LIQ:5548.3M|GATE_PASS:G4_REGIME:uptrend|GATE_PASS:G5_NO_OVERHEAD:100.0%|NO_SETUP|scoring_version:v2
2026-05-07,2026-05-07,6146,CAUTION,0,0,True,False,224.87,226.0,250.43,,,,NO_BROKER_DATA|GATE_PASS:G1_ZONE:94.4%|GATE_FAIL:G2_BB_WIDE:17.5%|GATE_PASS:G3_LIQ:158.2M|GATE_PASS:G4_REGIME:uptrend|GATE_PASS:G5_NO_OVERHEAD:100.0%|NO_SETUP|scoring_version:v2
2026-05-07,2026-05-07,6148,CAUTION,0,0,True,False,31.79,31.95,33.55,,,,NO_BROKER_DATA|GATE_PASS:G1_ZONE:92.9%|GATE_PASS:G2_BB:10.1%|GATE_FAIL:G3_LOW_LIQ:8.1M|LOW_LIQUIDITY:TPEx|GATE_PASS:G4_REGIME:uptrend|GATE_FAIL:G5_OVERHEAD:81.9%|NO_SETUP|scoring_version:v2
2026-05-07,2026-05-07,6150,CAUTION,0,0,True,False,72.24,72.6,76.23,,,,NO_BROKER_DATA|GATE_FAIL:G1_ALREADY_BROKE_OUT:100.0%|GATE_FAIL:G2_BB_WIDE:32.3%|GATE_PASS:G3_LIQ:32.2M|GATE_PASS:G4_REGIME:uptrend|GATE_PASS:G5_NO_OVERHEAD:100.0%|NO_SETUP|scoring_version:v2
2026-05-07,2026-05-07,6152,CAUTION,0,0,True,False,13.88,13.95,18.79,,,,NO_BROKER_DATA|GATE_FAIL:G1_TOO_FAR_BELOW:74.6%|GATE_FAIL:G2_BB_WIDE:45.7%|GATE_PASS:G3_LIQ:61.8M|GATE_PASS:G4_REGIME:uptrend|GATE_FAIL:G5_OVERHEAD:84.2%|NO_SETUP|scoring_version:v2
2026-05-07,2026-05-07,6153,CAUTION,0,0,True,False,18.86,18.95,21.68,,,,NO_BROKER_DATA|GATE_PASS:G1_ZONE:86.9%|GATE_FAIL:G2_BB_WIDE:18.4%|GATE_PASS:G3_LIQ:155.5M|GATE_PASS:G4_REGIME:uptrend|GATE_PASS:G5_NO_OVERHEAD:100.0%|NO_SETUP|scoring_version:v2
2026-05-07,2026-05-07,6155,CAUTION,0,0,True,False,50.65,50.9,55.23,,,,NO_BROKER_DATA|GATE_PASS:G1_ZONE:95.0%|GATE_FAIL:G2_BB_WIDE:20.9%|GATE_PASS:G3_LIQ:144.2M|GATE_PASS:G4_REGIME:uptrend|GATE_PASS:G5_NO_OVERHEAD:91.9%|NO_SETUP|scoring_version:v2
2026-05-07,2026-05-07,6154,CAUTION,0,0,True,False,12.94,13.0,13.65,,,,NO_BROKER_DATA|GATE_PASS:G1_ZONE:94.2%|GATE_PASS:G2_BB:4.3%|GATE_FAIL:G3_LOW_LIQ:1.2M|LOW_LIQUIDITY:TPEx|GATE_PASS:G4_REGIME:uptrend|GATE_PASS:G5_NO_OVERHEAD:99.3%|NO_SETUP|scoring_version:v2
2026-05-07,2026-05-07,6156,CAUTION,0,0,True,False,19.5,19.6,20.58,,,,NO_BROKER_DATA|GATE_PASS:G1_ZONE:90.3%|GATE_PASS:G2_BB:11.5%|GATE_FAIL:G3_LOW_LIQ:12.4M|LOW_LIQUIDITY:TPEx|GATE_PASS:G4_REGIME:uptrend|GATE_PASS:G5_NO_OVERHEAD:97.3%|NO_SETUP|scoring_version:v2
2026-05-07,2026-05-07,6160,CAUTION,0,0,True,False,12.59,12.649999618530273,13.28,,,,NO_BROKER_DATA|GATE_PASS:G1_ZONE:91.7%|GATE_FAIL:G2_BB_WIDE:15.1%|GATE_FAIL:G3_LOW_LIQ:12.0M|LOW_LIQUIDITY:TPEx|GATE_PASS:G4_REGIME:uptrend|GATE_PASS:G5_NO_OVERHEAD:100.0%|NO_SETUP|scoring_version:v2
2026-05-07,2026-05-07,6163,CAUTION,0,0,True,False,12.59,12.649999618530273,13.28,,,,NO_BROKER_DATA|GATE_PASS:G1_ZONE:91.7%|GATE_FAIL:G2_BB_WIDE:15.1%|GATE_FAIL:G3_LOW_LIQ:12.0M|LOW_LIQUIDITY:TPEx|GATE_PASS:G4_REGIME:uptrend|GATE_PASS:G5_NO_OVERHEAD:100.0%|NO_SETUP|scoring_version:v2
2026-05-07,2026-05-07,6161,CAUTION,0,0,True,False,12.59,12.649999618530273,13.28,,,,NO_BROKER_DATA|GATE_PASS:G1_ZONE:91.7%|GATE_FAIL:G2_BB_WIDE:15.1%|GATE_FAIL:G3_LOW_LIQ:12.0M|LOW_LIQUIDITY:TPEx|GATE_PASS:G4_REGIME:uptrend|GATE_PASS:G5_NO_OVERHEAD:100.0%|NO_SETUP|scoring_version:v2
2026-05-07,2026-05-07,6158,CAUTION,0,0,True,False,12.59,12.649999618530273,13.28,,,,NO_BROKER_DATA|GATE_PASS:G1_ZONE:91.7%|GATE_FAIL:G2_BB_WIDE:15.1%|GATE_FAIL:G3_LOW_LIQ:12.0M|LOW_LIQUIDITY:TPEx|GATE_PASS:G4_REGIME:uptrend|GATE_PASS:G5_NO_OVERHEAD:100.0%|NO_SETUP|scoring_version:v2
2026-05-07,2026-05-07,6164,CAUTION,0,0,True,False,12.59,12.649999618530273,13.28,,,,NO_BROKER_DATA|GATE_PASS:G1_ZONE:91.7%|GATE_FAIL:G2_BB_WIDE:15.1%|GATE_FAIL:G3_LOW_LIQ:12.0M|LOW_LIQUIDITY:TSE|GATE_PASS:G4_REGIME:uptrend|GATE_PASS:G5_NO_OVERHEAD:100.0%|NO_SETUP|scoring_version:v2
2026-05-07,2026-05-07,6167,CAUTION,0,0,True,False,26.82,26.950000762939453,29.09,,,,NO_BROKER_DATA|GATE_PASS:G1_ZONE:87.5%|GATE_FAIL:G2_BB_WIDE:21.9%|GATE_PASS:G3_LIQ:284.7M|GATE_PASS:G4_REGIME:uptrend|GATE_PASS:G5_NO_OVERHEAD:100.0%|NO_SETUP|scoring_version:v2
2026-05-07,2026-05-07,6170,CAUTION,0,0,True,False,26.82,26.950000762939453,29.09,,,,NO_BROKER_DATA|GATE_PASS:G1_ZONE:87.5%|GATE_FAIL:G2_BB_WIDE:21.9%|GATE_PASS:G3_LIQ:284.7M|GATE_PASS:G4_REGIME:uptrend|GATE_PASS:G5_NO_OVERHEAD:100.0%|NO_SETUP|scoring_version:v2
2026-05-07,2026-05-07,6173,CAUTION,0,0,True,False,26.82,26.950000762939453,29.09,,,,NO_BROKER_DATA|GATE_PASS:G1_ZONE:87.5%|GATE_FAIL:G2_BB_WIDE:21.9%|GATE_PASS:G3_LIQ:284.7M|GATE_PASS:G4_REGIME:uptrend|GATE_PASS:G5_NO_OVERHEAD:100.0%|NO_SETUP|scoring_version:v2
2026-05-07,2026-05-07,6166,CAUTION,0,0,True,False,26.82,26.950000762939453,29.09,,,,NO_BROKER_DATA|GATE_PASS:G1_ZONE:87.5%|GATE_FAIL:G2_BB_WIDE:21.9%|GATE_PASS:G3_LIQ:284.7M|GATE_PASS:G4_REGIME:uptrend|GATE_PASS:G5_NO_OVERHEAD:100.0%|NO_SETUP|scoring_version:v2
2026-05-07,2026-05-07,6168,CAUTION,0,0,True,False,26.82,26.950000762939453,29.09,,,,NO_BROKER_DATA|GATE_PASS:G1_ZONE:87.5%|GATE_FAIL:G2_BB_WIDE:21.9%|GATE_PASS:G3_LIQ:284.7M|GATE_PASS:G4_REGIME:uptrend|GATE_PASS:G5_NO_OVERHEAD:100.0%|NO_SETUP|scoring_version:v2
2026-05-07,2026-05-07,6175,CAUTION,0,0,True,False,101.49,102.0,115.5,,,,NO_BROKER_DATA|GATE_PASS:G1_ZONE:87.6%|GATE_FAIL:G2_BB_WIDE:27.4%|GATE_PASS:G3_LIQ:1113.1M|GATE_PASS:G4_REGIME:uptrend|GATE_PASS:G5_NO_OVERHEAD:85.0%|NO_SETUP|scoring_version:v2
2026-05-07,2026-05-07,6174,CAUTION,0,0,True,False,101.49,102.0,115.5,,,,NO_BROKER_DATA|GATE_PASS:G1_ZONE:87.6%|GATE_FAIL:G2_BB_WIDE:27.4%|GATE_PASS:G3_LIQ:1113.1M|GATE_PASS:G4_REGIME:uptrend|GATE_PASS:G5_NO_OVERHEAD:85.0%|NO_SETUP|scoring_version:v2
2026-05-07,2026-05-07,6176,CAUTION,0,0,True,False,101.49,102.0,115.5,,,,NO_BROKER_DATA|GATE_PASS:G1_ZONE:87.6%|GATE_FAIL:G2_BB_WIDE:27.4%|GATE_PASS:G3_LIQ:1113.1M|GATE_PASS:G4_REGIME:uptrend|GATE_PASS:G5_NO_OVERHEAD:85.0%|NO_SETUP|scoring_version:v2
2026-05-07,2026-05-07,6182,CAUTION,0,0,True,False,101.49,102.0,115.5,,,,NO_BROKER_DATA|GATE_PASS:G1_ZONE:87.6%|GATE_FAIL:G2_BB_WIDE:27.4%|GATE_PASS:G3_LIQ:1113.1M|GATE_PASS:G4_REGIME:uptrend|GATE_PASS:G5_NO_OVERHEAD:85.0%|NO_SETUP|scoring_version:v2
2026-05-07,2026-05-07,6183,CAUTION,0,0,True,False,101.49,102.0,115.5,,,,NO_BROKER_DATA|GATE_PASS:G1_ZONE:87.6%|GATE_FAIL:G2_BB_WIDE:27.4%|GATE_PASS:G3_LIQ:1113.1M|GATE_PASS:G4_REGIME:uptrend|GATE_PASS:G5_NO_OVERHEAD:85.0%|NO_SETUP|scoring_version:v2
2026-05-07,2026-05-07,6185,CAUTION,0,0,,True,0.0,0.0,0.0,,,Data unavailable: NO_OHLCV_DATA,NO_OHLCV_DATA
2026-05-07,2026-05-07,6187,CAUTION,0,0,True,False,55.32,55.599998474121094,58.38,,,,NO_BROKER_DATA|GATE_FAIL:G1_ALREADY_BROKE_OUT:100.0%|GATE_FAIL:G2_BB_WIDE:53.7%|GATE_PASS:G3_LIQ:2019.9M|GATE_PASS:G4_REGIME:uptrend|GATE_PASS:G5_NO_OVERHEAD:100.0%|NO_SETUP|scoring_version:v2
2026-05-07,2026-05-07,6190,CAUTION,0,0,True,False,55.32,55.599998474121094,58.38,,,,NO_BROKER_DATA|GATE_FAIL:G1_ALREADY_BROKE_OUT:100.0%|GATE_FAIL:G2_BB_WIDE:53.7%|GATE_PASS:G3_LIQ:2019.9M|GATE_PASS:G4_REGIME:uptrend|GATE_PASS:G5_NO_OVERHEAD:100.0%|NO_SETUP|scoring_version:v2
2026-05-07,2026-05-07,6188,CAUTION,0,0,True,False,55.32,55.599998474121094,58.38,,,,NO_BROKER_DATA|GATE_FAIL:G1_ALREADY_BROKE_OUT:100.0%|GATE_FAIL:G2_BB_WIDE:53.7%|GATE_PASS:G3_LIQ:2019.9M|GATE_PASS:G4_REGIME:uptrend|GATE_PASS:G5_NO_OVERHEAD:100.0%|NO_SETUP|scoring_version:v2
2026-05-07,2026-05-07,6189,CAUTION,0,0,True,False,55.32,55.599998474121094,58.38,,,,NO_BROKER_DATA|GATE_FAIL:G1_ALREADY_BROKE_OUT:100.0%|GATE_FAIL:G2_BB_WIDE:53.7%|GATE_PASS:G3_LIQ:2019.9M|GATE_PASS:G4_REGIME:uptrend|GATE_PASS:G5_NO_OVERHEAD:100.0%|NO_SETUP|scoring_version:v2
2026-05-07,2026-05-07,6201,CAUTION,0,0,,True,0.0,0.0,0.0,,,Data unavailable: NO_OHLCV_DATA,NO_OHLCV_DATA
2026-05-07,2026-05-07,6205,CAUTION,0,0,,True,0.0,0.0,0.0,,,Data unavailable: NO_OHLCV_DATA,NO_OHLCV_DATA
2026-05-07,2026-05-07,6204,CAUTION,0,0,,True,0.0,0.0,0.0,,,Data unavailable: NO_OHLCV_DATA,NO_OHLCV_DATA
2026-05-07,2026-05-07,6202,CAUTION,0,0,,True,0.0,0.0,0.0,,,Data unavailable: NO_OHLCV_DATA,NO_OHLCV_DATA
2026-05-07,2026-05-07,6203,CAUTION,0,0,,True,0.0,0.0,0.0,,,Data unavailable: NO_OHLCV_DATA,NO_OHLCV_DATA
2026-05-07,2026-05-07,6209,CAUTION,0,0,,True,0.0,0.0,0.0,,,Data unavailable: NO_OHLCV_DATA,NO_OHLCV_DATA
2026-05-07,2026-05-07,6206,CAUTION,0,0,,True,0.0,0.0,0.0,,,Data unavailable: NO_OHLCV_DATA,NO_OHLCV_DATA
2026-05-07,2026-05-07,6210,CAUTION,0,0,,True,0.0,0.0,0.0,,,Data unavailable: NO_OHLCV_DATA,NO_OHLCV_DATA
2026-05-07,2026-05-07,6207,CAUTION,0,0,,True,0.0,0.0,0.0,,,Data unavailable: NO_OHLCV_DATA,NO_OHLCV_DATA
2026-05-07,2026-05-07,6208,CAUTION,0,0,,True,0.0,0.0,0.0,,,Data unavailable: NO_OHLCV_DATA,NO_OHLCV_DATA
2026-05-07,2026-05-07,6215,CAUTION,0,0,,True,0.0,0.0,0.0,,,Data unavailable: NO_OHLCV_DATA,NO_OHLCV_DATA
2026-05-07,2026-05-07,6213,CAUTION,0,0,,True,0.0,0.0,0.0,,,Data unavailable: NO_OHLCV_DATA,NO_OHLCV_DATA
2026-05-07,2026-05-07,6214,CAUTION,0,0,,True,0.0,0.0,0.0,,,Data unavailable: NO_OHLCV_DATA,NO_OHLCV_DATA
2026-05-07,2026-05-07,6216,CAUTION,0,0,True,False,111.94,112.5,118.12,,,,NO_BROKER_DATA|GATE_PASS:G1_ZONE:94.9%|GATE_FAIL:G2_BB_WIDE:18.5%|GATE_PASS:G3_LIQ:276.3M|GATE_PASS:G4_REGIME:uptrend|GATE_PASS:G5_NO_OVERHEAD:91.9%|NO_SETUP|scoring_version:v2
2026-05-07,2026-05-07,6225,CAUTION,0,0,True,False,36.91,37.099998474121094,43.21,,,,NO_BROKER_DATA|GATE_PASS:G1_ZONE:86.7%|GATE_FAIL:G2_BB_WIDE:26.1%|GATE_PASS:G3_LIQ:143.0M|GATE_PASS:G4_REGIME:uptrend|GATE_PASS:G5_NO_OVERHEAD:100.0%|NO_SETUP|scoring_version:v2
2026-05-07,2026-05-07,6224,CAUTION,0,0,True,False,36.91,37.099998474121094,43.21,,,,NO_BROKER_DATA|GATE_PASS:G1_ZONE:86.7%|GATE_FAIL:G2_BB_WIDE:26.1%|GATE_PASS:G3_LIQ:143.0M|GATE_PASS:G4_REGIME:uptrend|GATE_PASS:G5_NO_OVERHEAD:100.0%|NO_SETUP|scoring_version:v2
2026-05-07,2026-05-07,6222,CAUTION,0,0,,True,0.0,0.0,0.0,,,Data unavailable: NO_OHLCV_DATA,NO_OHLCV_DATA
2026-05-07,2026-05-07,6223,CAUTION,0,0,,True,0.0,0.0,0.0,,,Data unavailable: NO_OHLCV_DATA,NO_OHLCV_DATA
2026-05-07,2026-05-07,6226,CAUTION,0,0,,True,0.0,0.0,0.0,,,Data unavailable: NO_OHLCV_DATA,NO_OHLCV_DATA
2026-05-07,2026-05-07,6234,CAUTION,0,0,True,False,154.22,155.0,176.4,,,,NO_BROKER_DATA|GATE_PASS:G1_ZONE:86.1%|GATE_FAIL:G2_BB_WIDE:16.3%|GATE_PASS:G3_LIQ:33.1M|GATE_PASS:G4_REGIME:uptrend|GATE_PASS:G5_NO_OVERHEAD:94.5%|NO_SETUP|scoring_version:v2
2026-05-07,2026-05-07,6231,CAUTION,0,0,True,False,154.22,155.0,176.4,,,,NO_BROKER_DATA|GATE_PASS:G1_ZONE:86.1%|GATE_FAIL:G2_BB_WIDE:16.3%|GATE_PASS:G3_LIQ:33.1M|GATE_PASS:G4_REGIME:uptrend|GATE_PASS:G5_NO_OVERHEAD:94.5%|NO_SETUP|scoring_version:v2
2026-05-07,2026-05-07,6229,CAUTION,0,0,True,False,154.22,155.0,176.4,,,,NO_BROKER_DATA|GATE_PASS:G1_ZONE:86.1%|GATE_FAIL:G2_BB_WIDE:16.3%|GATE_PASS:G3_LIQ:33.1M|GATE_PASS:G4_REGIME:uptrend|GATE_PASS:G5_NO_OVERHEAD:94.5%|NO_SETUP|scoring_version:v2
2026-05-07,2026-05-07,6233,CAUTION,0,0,True,False,154.22,155.0,176.4,,,,NO_BROKER_DATA|GATE_PASS:G1_ZONE:86.1%|GATE_FAIL:G2_BB_WIDE:16.3%|GATE_PASS:G3_LIQ:33.1M|GATE_PASS:G4_REGIME:uptrend|GATE_PASS:G5_NO_OVERHEAD:94.5%|NO_SETUP|scoring_version:v2
2026-05-07,2026-05-07,6230,CAUTION,0,0,True,False,154.22,155.0,176.4,,,,NO_BROKER_DATA|GATE_PASS:G1_ZONE:86.1%|GATE_FAIL:G2_BB_WIDE:16.3%|GATE_FAIL:G3_LOW_LIQ:33.1M|LOW_LIQUIDITY:TSE|GATE_PASS:G4_REGIME:uptrend|GATE_PASS:G5_NO_OVERHEAD:94.5%|NO_SETUP|scoring_version:v2
2026-05-07,2026-05-07,6240,CAUTION,0,0,True,False,43.18,43.400001525878906,47.99,,,,NO_BROKER_DATA|GATE_PASS:G1_ZONE:90.9%|GATE_PASS:G2_BB:12.3%|GATE_PASS:G3_LIQ:30.9M|GATE_PASS:G4_REGIME:uptrend|GATE_FAIL:G5_OVERHEAD:78.7%|NO_SETUP|scoring_version:v2
2026-05-07,2026-05-07,6237,CAUTION,0,0,True,False,43.18,43.400001525878906,47.99,,,,NO_BROKER_DATA|GATE_PASS:G1_ZONE:90.9%|GATE_PASS:G2_BB:12.3%|GATE_PASS:G3_LIQ:30.9M|GATE_PASS:G4_REGIME:uptrend|GATE_FAIL:G5_OVERHEAD:78.7%|NO_SETUP|scoring_version:v2
2026-05-07,2026-05-07,6239,CAUTION,0,0,True,False,43.18,43.400001525878906,47.99,,,,NO_BROKER_DATA|GATE_PASS:G1_ZONE:90.9%|GATE_PASS:G2_BB:12.3%|GATE_FAIL:G3_LOW_LIQ:30.9M|LOW_LIQUIDITY:TSE|GATE_PASS:G4_REGIME:uptrend|GATE_FAIL:G5_OVERHEAD:78.7%|NO_SETUP|scoring_version:v2
2026-05-07,2026-05-07,6235,CAUTION,0,0,True,False,43.18,43.400001525878906,47.99,,,,NO_BROKER_DATA|GATE_PASS:G1_ZONE:90.9%|GATE_PASS:G2_BB:12.3%|GATE_FAIL:G3_LOW_LIQ:30.9M|LOW_LIQUIDITY:TSE|GATE_PASS:G4_REGIME:uptrend|GATE_FAIL:G5_OVERHEAD:78.7%|NO_SETUP|scoring_version:v2
2026-05-07,2026-05-07,6241,CAUTION,0,0,True,False,43.18,43.400001525878906,47.99,,,,NO_BROKER_DATA|GATE_PASS:G1_ZONE:90.9%|GATE_PASS:G2_BB:12.3%|GATE_PASS:G3_LIQ:30.9M|GATE_PASS:G4_REGIME:uptrend|GATE_FAIL:G5_OVERHEAD:78.7%|NO_SETUP|scoring_version:v2
2026-05-07,2026-05-07,6244,CAUTION,0,0,,True,0.0,0.0,0.0,,,Data unavailable: NO_OHLCV_DATA,NO_OHLCV_DATA
2026-05-07,2026-05-07,6245,CAUTION,0,0,,True,0.0,0.0,0.0,,,Data unavailable: NO_OHLCV_DATA,NO_OHLCV_DATA
2026-05-07,2026-05-07,6246,CAUTION,0,0,,True,0.0,0.0,0.0,,,Data unavailable: NO_OHLCV_DATA,NO_OHLCV_DATA
2026-05-07,2026-05-07,6243,CAUTION,0,0,,True,0.0,0.0,0.0,,,Data unavailable: NO_OHLCV_DATA,NO_OHLCV_DATA
2026-05-07,2026-05-07,6242,CAUTION,0,0,,True,0.0,0.0,0.0,,,Data unavailable: NO_OHLCV_DATA,NO_OHLCV_DATA
2026-05-07,2026-05-07,6257,CAUTION,0,0,True,False,30.15,30.299999237060547,31.81,,,,NO_BROKER_DATA|GATE_FAIL:G1_ALREADY_BROKE_OUT:99.5%|GATE_FAIL:G2_BB_WIDE:18.0%|GATE_PASS:G3_LIQ:257.7M|GATE_PASS:G4_REGIME:uptrend|GATE_FAIL:G5_OVERHEAD:77.9%|NO_SETUP|scoring_version:v2
2026-05-07,2026-05-07,6275,CAUTION,0,0,True,False,31.79,31.950000762939453,33.55,,,,NO_BROKER_DATA|GATE_PASS:G1_ZONE:93.7%|GATE_PASS:G2_BB:9.4%|GATE_FAIL:G3_LOW_LIQ:11.2M|LOW_LIQUIDITY:TPEx|GATE_PASS:G4_REGIME:uptrend|GATE_FAIL:G5_OVERHEAD:78.4%|NO_SETUP|scoring_version:v2
2026-05-07,2026-05-07,6270,CAUTION,0,0,True,False,31.79,31.950000762939453,33.55,,,,NO_BROKER_DATA|GATE_PASS:G1_ZONE:93.7%|GATE_PASS:G2_BB:9.4%|GATE_FAIL:G3_LOW_LIQ:11.2M|LOW_LIQUIDITY:TPEx|GATE_PASS:G4_REGIME:uptrend|GATE_FAIL:G5_OVERHEAD:78.4%|NO_SETUP|scoring_version:v2
2026-05-07,2026-05-07,6274,CAUTION,0,0,True,False,31.79,31.950000762939453,33.55,,,,NO_BROKER_DATA|GATE_PASS:G1_ZONE:93.7%|GATE_PASS:G2_BB:9.4%|GATE_FAIL:G3_LOW_LIQ:11.2M|LOW_LIQUIDITY:TPEx|GATE_PASS:G4_REGIME:uptrend|GATE_FAIL:G5_OVERHEAD:78.4%|NO_SETUP|scoring_version:v2
2026-05-07,2026-05-07,6272,CAUTION,0,0,True,False,31.79,31.950000762939453,33.55,,,,NO_BROKER_DATA|GATE_PASS:G1_ZONE:93.7%|GATE_PASS:G2_BB:9.4%|GATE_FAIL:G3_LOW_LIQ:11.2M|LOW_LIQUIDITY:TSE|GATE_PASS:G4_REGIME:uptrend|GATE_FAIL:G5_OVERHEAD:78.4%|NO_SETUP|scoring_version:v2
2026-05-07,2026-05-07,6271,CAUTION,0,0,True,False,31.79,31.950000762939453,33.55,,,,NO_BROKER_DATA|GATE_PASS:G1_ZONE:93.7%|GATE_PASS:G2_BB:9.4%|GATE_FAIL:G3_LOW_LIQ:11.2M|LOW_LIQUIDITY:TSE|GATE_PASS:G4_REGIME:uptrend|GATE_FAIL:G5_OVERHEAD:78.4%|NO_SETUP|scoring_version:v2
2026-05-07,2026-05-07,6276,CAUTION,0,0,True,False,182.09,183.0,192.15,,,,NO_BROKER_DATA|GATE_PASS:G1_ZONE:95.8%|GATE_FAIL:G2_BB_WIDE:64.7%|GATE_PASS:G3_LIQ:2042.5M|GATE_PASS:G4_REGIME:uptrend|GATE_PASS:G5_NO_OVERHEAD:100.0%|NO_SETUP|scoring_version:v2
2026-05-07,2026-05-07,6277,CAUTION,0,0,True,False,182.09,183.0,192.15,,,,NO_BROKER_DATA|GATE_PASS:G1_ZONE:95.8%|GATE_FAIL:G2_BB_WIDE:64.7%|GATE_PASS:G3_LIQ:2042.5M|GATE_PASS:G4_REGIME:uptrend|GATE_PASS:G5_NO_OVERHEAD:100.0%|NO_SETUP|scoring_version:v2
2026-05-07,2026-05-07,6278,CAUTION,0,0,True,False,182.09,183.0,192.15,,,,NO_BROKER_DATA|GATE_PASS:G1_ZONE:95.8%|GATE_FAIL:G2_BB_WIDE:64.7%|GATE_PASS:G3_LIQ:2042.5M|GATE_PASS:G4_REGIME:uptrend|GATE_PASS:G5_NO_OVERHEAD:100.0%|NO_SETUP|scoring_version:v2
2026-05-07,2026-05-07,6281,CAUTION,0,0,True,False,182.09,183.0,192.15,,,,NO_BROKER_DATA|GATE_PASS:G1_ZONE:95.8%|GATE_FAIL:G2_BB_WIDE:64.7%|GATE_PASS:G3_LIQ:2042.5M|GATE_PASS:G4_REGIME:uptrend|GATE_PASS:G5_NO_OVERHEAD:100.0%|NO_SETUP|scoring_version:v2
2026-05-07,2026-05-07,6283,CAUTION,0,0,,True,0.0,0.0,0.0,,,Data unavailable: NO_OHLCV_DATA,NO_OHLCV_DATA
2026-05-07,2026-05-07,6284,CAUTION,0,0,,True,0.0,0.0,0.0,,,Data unavailable: NO_OHLCV_DATA,NO_OHLCV_DATA
2026-05-07,2026-05-07,6282,CAUTION,0,0,,True,0.0,0.0,0.0,,,Data unavailable: NO_OHLCV_DATA,NO_OHLCV_DATA
2026-05-07,2026-05-07,6290,CAUTION,0,0,,True,0.0,0.0,0.0,,,Data unavailable: NO_OHLCV_DATA,NO_OHLCV_DATA
2026-05-07,2026-05-07,6285,CAUTION,0,0,,True,0.0,0.0,0.0,,,Data unavailable: NO_OHLCV_DATA,NO_OHLCV_DATA
2026-05-07,2026-05-07,6292,CAUTION,0,0,True,False,280.09,281.5,332.85,,,,NO_BROKER_DATA|GATE_PASS:G1_ZONE:85.4%|GATE_FAIL:G2_BB_WIDE:49.9%|GATE_PASS:G3_LIQ:2903.8M|GATE_PASS:G4_REGIME:uptrend|GATE_PASS:G5_NO_OVERHEAD:100.0%|NO_SETUP|scoring_version:v2
2026-05-07,2026-05-07,6405,CAUTION,0,0,True,False,280.09,281.5,332.85,,,,NO_BROKER_DATA|GATE_PASS:G1_ZONE:85.4%|GATE_FAIL:G2_BB_WIDE:49.9%|GATE_PASS:G3_LIQ:2903.8M|GATE_PASS:G4_REGIME:uptrend|GATE_PASS:G5_NO_OVERHEAD:100.0%|NO_SETUP|scoring_version:v2
2026-05-07,2026-05-07,6291,CAUTION,0,0,True,False,280.09,281.5,332.85,,,,NO_BROKER_DATA|GATE_PASS:G1_ZONE:85.4%|GATE_FAIL:G2_BB_WIDE:49.9%|GATE_PASS:G3_LIQ:2903.8M|GATE_PASS:G4_REGIME:uptrend|GATE_PASS:G5_NO_OVERHEAD:100.0%|NO_SETUP|scoring_version:v2
2026-05-07,2026-05-07,6409,CAUTION,0,0,True,False,280.09,281.5,332.85,,,,NO_BROKER_DATA|GATE_PASS:G1_ZONE:85.4%|GATE_FAIL:G2_BB_WIDE:49.9%|GATE_PASS:G3_LIQ:2903.8M|GATE_PASS:G4_REGIME:uptrend|GATE_PASS:G5_NO_OVERHEAD:100.0%|NO_SETUP|scoring_version:v2
2026-05-07,2026-05-07,6414,CAUTION,0,0,True,False,81.39,81.80000305175781,87.25,,,,NO_BROKER_DATA|GATE_PASS:G1_ZONE:95.7%|GATE_PASS:G2_BB:10.4%|GATE_FAIL:G3_LOW_LIQ:35.8M|LOW_LIQUIDITY:TSE|GATE_PASS:G4_REGIME:uptrend|GATE_PASS:G5_NO_OVERHEAD:94.5%|NO_SETUP|scoring_version:v2
2026-05-07,2026-05-07,6412,CAUTION,0,0,True,False,81.39,81.80000305175781,87.25,,,,NO_BROKER_DATA|GATE_PASS:G1_ZONE:95.7%|GATE_PASS:G2_BB:10.4%|GATE_FAIL:G3_LOW_LIQ:35.8M|LOW_LIQUIDITY:TSE|GATE_PASS:G4_REGIME:uptrend|GATE_PASS:G5_NO_OVERHEAD:94.5%|NO_SETUP|scoring_version:v2
2026-05-07,2026-05-07,6416,CAUTION,0,0,True,False,81.39,81.80000305175781,87.25,,,,NO_BROKER_DATA|GATE_PASS:G1_ZONE:95.7%|GATE_PASS:G2_BB:10.4%|GATE_FAIL:G3_LOW_LIQ:35.8M|LOW_LIQUIDITY:TSE|GATE_PASS:G4_REGIME:uptrend|GATE_PASS:G5_NO_OVERHEAD:94.5%|NO_SETUP|scoring_version:v2
2026-05-07,2026-05-07,6425,CAUTION,0,0,,True,0.0,0.0,0.0,,,Data unavailable: NO_OHLCV_DATA,NO_OHLCV_DATA
2026-05-07,2026-05-07,6423,CAUTION,0,0,,True,0.0,0.0,0.0,,,Data unavailable: NO_OHLCV_DATA,NO_OHLCV_DATA
2026-05-07,2026-05-07,6431,CAUTION,0,0,,True,0.0,0.0,0.0,,,Data unavailable: NO_OHLCV_DATA,NO_OHLCV_DATA
2026-05-07,2026-05-07,6419,CAUTION,0,0,,True,0.0,0.0,0.0,,,Data unavailable: NO_OHLCV_DATA,NO_OHLCV_DATA
2026-05-07,2026-05-07,6426,CAUTION,0,0,,True,0.0,0.0,0.0,,,Data unavailable: NO_OHLCV_DATA,NO_OHLCV_DATA
2026-05-07,2026-05-07,6441,CAUTION,0,0,,True,0.0,0.0,0.0,,,Data unavailable: NO_OHLCV_DATA,NO_OHLCV_DATA
2026-05-07,2026-05-07,6442,CAUTION,0,0,,True,0.0,0.0,0.0,,,Data unavailable: NO_OHLCV_DATA,NO_OHLCV_DATA
2026-05-07,2026-05-07,6435,CAUTION,0,0,,True,0.0,0.0,0.0,,,Data unavailable: NO_OHLCV_DATA,NO_OHLCV_DATA
2026-05-07,2026-05-07,6438,CAUTION,0,0,,True,0.0,0.0,0.0,,,Data unavailable: NO_OHLCV_DATA,NO_OHLCV_DATA
2026-05-07,2026-05-07,6432,CAUTION,0,0,,True,0.0,0.0,0.0,,,Data unavailable: NO_OHLCV_DATA,NO_OHLCV_DATA
2026-05-07,2026-05-07,6446,CAUTION,0,0,,True,0.0,0.0,0.0,,,Data unavailable: NO_OHLCV_DATA,NO_OHLCV_DATA
2026-05-07,2026-05-07,6461,CAUTION,0,0,True,False,70.55,70.9000015258789,80.64,,,,NO_BROKER_DATA|GATE_FAIL:G1_TOO_FAR_BELOW:83.6%|GATE_FAIL:G2_BB_WIDE:48.1%|GATE_PASS:G3_LIQ:1059.3M|GATE_PASS:G4_REGIME:uptrend|GATE_PASS:G5_NO_OVERHEAD:100.0%|NO_SETUP|scoring_version:v2
2026-05-07,2026-05-07,6462,CAUTION,0,0,True,False,70.55,70.9000015258789,80.64,,,,NO_BROKER_DATA|GATE_FAIL:G1_TOO_FAR_BELOW:83.6%|GATE_FAIL:G2_BB_WIDE:48.1%|GATE_PASS:G3_LIQ:1059.3M|GATE_PASS:G4_REGIME:uptrend|GATE_PASS:G5_NO_OVERHEAD:100.0%|NO_SETUP|scoring_version:v2
2026-05-07,2026-05-07,6465,CAUTION,0,0,True,False,70.55,70.9000015258789,80.64,,,,NO_BROKER_DATA|GATE_FAIL:G1_TOO_FAR_BELOW:83.6%|GATE_FAIL:G2_BB_WIDE:48.1%|GATE_PASS:G3_LIQ:1059.3M|GATE_PASS:G4_REGIME:uptrend|GATE_PASS:G5_NO_OVERHEAD:100.0%|NO_SETUP|scoring_version:v2
2026-05-07,2026-05-07,6469,CAUTION,0,0,True,False,70.55,70.9000015258789,80.64,,,,NO_BROKER_DATA|GATE_FAIL:G1_TOO_FAR_BELOW:83.6%|GATE_FAIL:G2_BB_WIDE:48.1%|GATE_PASS:G3_LIQ:1059.3M|GATE_PASS:G4_REGIME:uptrend|GATE_PASS:G5_NO_OVERHEAD:100.0%|NO_SETUP|scoring_version:v2
2026-05-07,2026-05-07,6486,CAUTION,0,0,True,False,125.87,126.5,132.83,,,,NO_BROKER_DATA|GATE_PASS:G1_ZONE:87.5%|GATE_FAIL:G2_BB_WIDE:34.4%|GATE_PASS:G3_LIQ:387.8M|GATE_PASS:G4_REGIME:uptrend|GATE_PASS:G5_NO_OVERHEAD:100.0%|NO_SETUP|scoring_version:v2
2026-05-07,2026-05-07,6488,CAUTION,0,0,True,False,125.87,126.5,132.83,,,,NO_BROKER_DATA|GATE_PASS:G1_ZONE:87.5%|GATE_FAIL:G2_BB_WIDE:34.4%|GATE_PASS:G3_LIQ:387.8M|GATE_PASS:G4_REGIME:uptrend|GATE_PASS:G5_NO_OVERHEAD:100.0%|NO_SETUP|scoring_version:v2
2026-05-07,2026-05-07,6492,CAUTION,0,0,True,False,125.87,126.5,132.83,,,,NO_BROKER_DATA|GATE_PASS:G1_ZONE:87.5%|GATE_FAIL:G2_BB_WIDE:34.4%|GATE_PASS:G3_LIQ:387.8M|GATE_PASS:G4_REGIME:uptrend|GATE_PASS:G5_NO_OVERHEAD:100.0%|NO_SETUP|scoring_version:v2
2026-05-07,2026-05-07,6494,CAUTION,0,0,True,False,125.87,126.5,132.83,,,,NO_BROKER_DATA|GATE_PASS:G1_ZONE:87.5%|GATE_FAIL:G2_BB_WIDE:34.4%|GATE_PASS:G3_LIQ:387.8M|GATE_PASS:G4_REGIME:uptrend|GATE_PASS:G5_NO_OVERHEAD:100.0%|NO_SETUP|scoring_version:v2
2026-05-07,2026-05-07,6491,CAUTION,0,0,,True,0.0,0.0,0.0,,,Data unavailable: NO_OHLCV_DATA,NO_OHLCV_DATA
2026-05-07,2026-05-07,6510,CAUTION,0,0,,True,0.0,0.0,0.0,,,Data unavailable: NO_OHLCV_DATA,NO_OHLCV_DATA
2026-05-07,2026-05-07,6499,CAUTION,0,0,,True,0.0,0.0,0.0,,,Data unavailable: NO_OHLCV_DATA,NO_OHLCV_DATA
2026-05-07,2026-05-07,6496,CAUTION,0,0,,True,0.0,0.0,0.0,,,Data unavailable: NO_OHLCV_DATA,NO_OHLCV_DATA
2026-05-07,2026-05-07,6498,CAUTION,0,0,,True,0.0,0.0,0.0,,,Data unavailable: NO_OHLCV_DATA,NO_OHLCV_DATA
2026-05-07,2026-05-07,6516,CAUTION,0,0,True,False,54.33,54.599998474121094,61.21,,,,NO_BROKER_DATA|GATE_PASS:G1_ZONE:89.7%|GATE_FAIL:G2_BB_WIDE:16.2%|GATE_PASS:G3_LIQ:24.5M|GATE_PASS:G4_REGIME:uptrend|GATE_PASS:G5_NO_OVERHEAD:100.0%|NO_SETUP|scoring_version:v2
2026-05-07,2026-05-07,6512,CAUTION,0,0,True,False,54.33,54.599998474121094,61.21,,,,NO_BROKER_DATA|GATE_PASS:G1_ZONE:89.7%|GATE_FAIL:G2_BB_WIDE:16.2%|GATE_PASS:G3_LIQ:24.5M|GATE_PASS:G4_REGIME:uptrend|GATE_PASS:G5_NO_OVERHEAD:100.0%|NO_SETUP|scoring_version:v2
2026-05-07,2026-05-07,6523,CAUTION,0,0,True,False,54.33,54.599998474121094,61.21,,,,NO_BROKER_DATA|GATE_PASS:G1_ZONE:89.7%|GATE_FAIL:G2_BB_WIDE:16.2%|GATE_PASS:G3_LIQ:24.5M|GATE_PASS:G4_REGIME:uptrend|GATE_PASS:G5_NO_OVERHEAD:100.0%|NO_SETUP|scoring_version:v2
2026-05-07,2026-05-07,6517,CAUTION,0,0,True,False,54.33,54.599998474121094,61.21,,,,NO_BROKER_DATA|GATE_PASS:G1_ZONE:89.7%|GATE_FAIL:G2_BB_WIDE:16.2%|GATE_PASS:G3_LIQ:24.5M|GATE_PASS:G4_REGIME:uptrend|GATE_PASS:G5_NO_OVERHEAD:100.0%|NO_SETUP|scoring_version:v2
2026-05-07,2026-05-07,6515,CAUTION,0,0,True,False,54.33,54.599998474121094,61.21,,,,NO_BROKER_DATA|GATE_PASS:G1_ZONE:89.7%|GATE_FAIL:G2_BB_WIDE:16.2%|GATE_FAIL:G3_LOW_LIQ:24.5M|LOW_LIQUIDITY:TSE|GATE_PASS:G4_REGIME:uptrend|GATE_PASS:G5_NO_OVERHEAD:100.0%|NO_SETUP|scoring_version:v2
2026-05-07,2026-05-07,6530,CAUTION,0,0,True,False,94.53,95.0,103.95,,,,NO_BROKER_DATA|GATE_PASS:G1_ZONE:95.0%|GATE_PASS:G2_BB:13.7%|GATE_FAIL:G3_LOW_LIQ:10.1M|LOW_LIQUIDITY:TPEx|GATE_PASS:G4_REGIME:uptrend|GATE_PASS:G5_NO_OVERHEAD:96.6%|NO_SETUP|scoring_version:v2
2026-05-07,2026-05-07,6525,CAUTION,0,0,True,False,94.53,95.0,103.95,,,,NO_BROKER_DATA|GATE_PASS:G1_ZONE:95.0%|GATE_PASS:G2_BB:13.7%|GATE_FAIL:G3_LOW_LIQ:10.1M|LOW_LIQUIDITY:TSE|GATE_PASS:G4_REGIME:uptrend|GATE_PASS:G5_NO_OVERHEAD:96.6%|NO_SETUP|scoring_version:v2
2026-05-07,2026-05-07,6532,CAUTION,0,0,True,False,94.53,95.0,103.95,,,,NO_BROKER_DATA|GATE_PASS:G1_ZONE:95.0%|GATE_PASS:G2_BB:13.7%|GATE_FAIL:G3_LOW_LIQ:10.1M|LOW_LIQUIDITY:TPEx|GATE_PASS:G4_REGIME:uptrend|GATE_PASS:G5_NO_OVERHEAD:96.6%|NO_SETUP|scoring_version:v2
2026-05-07,2026-05-07,6526,CAUTION,0,0,True,False,94.53,95.0,103.95,,,,NO_BROKER_DATA|GATE_PASS:G1_ZONE:95.0%|GATE_PASS:G2_BB:13.7%|GATE_FAIL:G3_LOW_LIQ:10.1M|LOW_LIQUIDITY:TSE|GATE_PASS:G4_REGIME:uptrend|GATE_PASS:G5_NO_OVERHEAD:96.6%|NO_SETUP|scoring_version:v2
2026-05-07,2026-05-07,6527,CAUTION,0,0,True,False,94.53,95.0,103.95,,,,NO_BROKER_DATA|GATE_PASS:G1_ZONE:95.0%|GATE_PASS:G2_BB:13.7%|GATE_FAIL:G3_LOW_LIQ:10.1M|LOW_LIQUIDITY:TPEx|GATE_PASS:G4_REGIME:uptrend|GATE_PASS:G5_NO_OVERHEAD:96.6%|NO_SETUP|scoring_version:v2
2026-05-07,2026-05-07,6535,CAUTION,0,0,,True,0.0,0.0,0.0,,,Data unavailable: NO_OHLCV_DATA,NO_OHLCV_DATA
2026-05-07,2026-05-07,6538,CAUTION,0,0,,True,0.0,0.0,0.0,,,Data unavailable: NO_OHLCV_DATA,NO_OHLCV_DATA
2026-05-07,2026-05-07,6534,CAUTION,0,0,,True,0.0,0.0,0.0,,,Data unavailable: NO_OHLCV_DATA,NO_OHLCV_DATA
2026-05-07,2026-05-07,6533,CAUTION,0,0,,True,0.0,0.0,0.0,,,Data unavailable: NO_OHLCV_DATA,NO_OHLCV_DATA
2026-05-07,2026-05-07,6541,CAUTION,0,0,,True,0.0,0.0,0.0,,,Data unavailable: NO_OHLCV_DATA,NO_OHLCV_DATA
2026-05-07,2026-05-07,6546,CAUTION,0,0,True,False,716.4,720.0,756.0,,,,NO_BROKER_DATA|GATE_FAIL:G1_ALREADY_BROKE_OUT:100.0%|GATE_FAIL:G2_BB_WIDE:46.0%|GATE_PASS:G3_LIQ:1240.8M|GATE_PASS:G4_REGIME:uptrend|GATE_PASS:G5_NO_OVERHEAD:100.0%|NO_SETUP|scoring_version:v2
2026-05-07,2026-05-07,6556,CAUTION,0,0,True,False,70.25,70.5999984741211,74.13,,,,NO_BROKER_DATA|GATE_PASS:G1_ZONE:97.5%|GATE_PASS:G2_BB:8.6%|GATE_FAIL:G3_LOW_LIQ:3.4M|LOW_LIQUIDITY:TPEx|GATE_PASS:G4_REGIME:uptrend|GATE_PASS:G5_NO_OVERHEAD:94.0%|NO_SETUP|scoring_version:v2
2026-05-07,2026-05-07,6550,CAUTION,0,0,True,False,70.25,70.5999984741211,74.13,,,,NO_BROKER_DATA|GATE_PASS:G1_ZONE:97.5%|GATE_PASS:G2_BB:8.6%|GATE_FAIL:G3_LOW_LIQ:3.4M|LOW_LIQUIDITY:TSE|GATE_PASS:G4_REGIME:uptrend|GATE_PASS:G5_NO_OVERHEAD:94.0%|NO_SETUP|scoring_version:v2
2026-05-07,2026-05-07,6547,CAUTION,0,0,True,False,70.25,70.5999984741211,74.13,,,,NO_BROKER_DATA|GATE_PASS:G1_ZONE:97.5%|GATE_PASS:G2_BB:8.6%|GATE_FAIL:G3_LOW_LIQ:3.4M|LOW_LIQUIDITY:TPEx|GATE_PASS:G4_REGIME:uptrend|GATE_PASS:G5_NO_OVERHEAD:94.0%|NO_SETUP|scoring_version:v2
2026-05-07,2026-05-07,6552,CAUTION,0,0,True,False,70.25,70.5999984741211,74.13,,,,NO_BROKER_DATA|GATE_PASS:G1_ZONE:97.5%|GATE_PASS:G2_BB:8.6%|GATE_FAIL:G3_LOW_LIQ:3.4M|LOW_LIQUIDITY:TSE|GATE_PASS:G4_REGIME:uptrend|GATE_PASS:G5_NO_OVERHEAD:94.0%|NO_SETUP|scoring_version:v2
2026-05-07,2026-05-07,6558,CAUTION,0,0,True,False,70.25,70.5999984741211,74.13,,,,NO_BROKER_DATA|GATE_PASS:G1_ZONE:97.5%|GATE_PASS:G2_BB:8.6%|GATE_FAIL:G3_LOW_LIQ:3.4M|LOW_LIQUIDITY:TSE|GATE_PASS:G4_REGIME:uptrend|GATE_PASS:G5_NO_OVERHEAD:94.0%|NO_SETUP|scoring_version:v2
2026-05-07,2026-05-07,6568,CAUTION,0,0,True,False,135.32,136.0,159.6,,,,NO_BROKER_DATA|GATE_FAIL:G1_TOO_FAR_BELOW:84.5%|GATE_FAIL:G2_BB_WIDE:18.3%|GATE_PASS:G3_LIQ:33.9M|GATE_PASS:G4_REGIME:uptrend|GATE_FAIL:G5_OVERHEAD:82.1%|NO_SETUP|scoring_version:v2
2026-05-07,2026-05-07,6560,CAUTION,0,0,True,False,135.32,136.0,159.6,,,,NO_BROKER_DATA|GATE_FAIL:G1_TOO_FAR_BELOW:84.5%|GATE_FAIL:G2_BB_WIDE:18.3%|GATE_PASS:G3_LIQ:33.9M|GATE_PASS:G4_REGIME:uptrend|GATE_FAIL:G5_OVERHEAD:82.1%|NO_SETUP|scoring_version:v2
2026-05-07,2026-05-07,6569,CAUTION,0,0,True,False,135.32,136.0,159.6,,,,NO_BROKER_DATA|GATE_FAIL:G1_TOO_FAR_BELOW:84.5%|GATE_FAIL:G2_BB_WIDE:18.3%|GATE_PASS:G3_LIQ:33.9M|GATE_PASS:G4_REGIME:uptrend|GATE_FAIL:G5_OVERHEAD:82.1%|NO_SETUP|scoring_version:v2
2026-05-07,2026-05-07,6570,CAUTION,0,0,,True,0.0,0.0,0.0,,,Data unavailable: NO_OHLCV_DATA,NO_OHLCV_DATA
2026-05-07,2026-05-07,6561,CAUTION,0,0,,True,0.0,0.0,0.0,,,Data unavailable: NO_OHLCV_DATA,NO_OHLCV_DATA
2026-05-07,2026-05-07,6576,CAUTION,0,0,,True,0.0,0.0,0.0,,,Data unavailable: NO_OHLCV_DATA,NO_OHLCV_DATA
2026-05-07,2026-05-07,6573,CAUTION,0,0,,True,0.0,0.0,0.0,,,Data unavailable: NO_OHLCV_DATA,NO_OHLCV_DATA
2026-05-07,2026-05-07,6574,CAUTION,0,0,,True,0.0,0.0,0.0,,,Data unavailable: NO_OHLCV_DATA,NO_OHLCV_DATA
2026-05-07,2026-05-07,6579,CAUTION,0,0,,True,0.0,0.0,0.0,,,Data unavailable: NO_OHLCV_DATA,NO_OHLCV_DATA
2026-05-07,2026-05-07,6589,CAUTION,0,0,,True,0.0,0.0,0.0,,,Data unavailable: NO_OHLCV_DATA,NO_OHLCV_DATA
2026-05-07,2026-05-07,6584,CAUTION,0,0,True,False,243.78,245.0,259.88,,,,NO_BROKER_DATA|GATE_PASS:G1_ZONE:86.6%|GATE_FAIL:G2_BB_WIDE:34.0%|GATE_PASS:G3_LIQ:327.7M|GATE_PASS:G4_REGIME:uptrend|GATE_PASS:G5_NO_OVERHEAD:100.0%|NO_SETUP|scoring_version:v2
2026-05-07,2026-05-07,6591,CAUTION,0,0,True,False,79.3,79.69999694824219,83.68,,,,NO_BROKER_DATA|GATE_PASS:G1_ZONE:95.2%|GATE_PASS:G2_BB:9.6%|GATE_FAIL:G3_LOW_LIQ:14.7M|LOW_LIQUIDITY:TSE|GATE_PASS:G4_REGIME:uptrend|GATE_PASS:G5_NO_OVERHEAD:94.8%|NO_SETUP|scoring_version:v2
2026-05-07,2026-05-07,6598,CAUTION,0,0,True,False,79.3,79.69999694824219,83.68,,,,NO_BROKER_DATA|GATE_PASS:G1_ZONE:95.2%|GATE_PASS:G2_BB:9.6%|GATE_FAIL:G3_LOW_LIQ:14.7M|LOW_LIQUIDITY:TSE|GATE_PASS:G4_REGIME:uptrend|GATE_PASS:G5_NO_OVERHEAD:94.8%|NO_SETUP|scoring_version:v2
2026-05-07,2026-05-07,6593,CAUTION,0,0,True,False,79.3,79.69999694824219,83.68,,,,NO_BROKER_DATA|GATE_PASS:G1_ZONE:95.2%|GATE_PASS:G2_BB:9.6%|GATE_FAIL:G3_LOW_LIQ:14.7M|LOW_LIQUIDITY:TPEx|GATE_PASS:G4_REGIME:uptrend|GATE_PASS:G5_NO_OVERHEAD:94.8%|NO_SETUP|scoring_version:v2
2026-05-07,2026-05-07,6597,CAUTION,0,0,True,False,79.3,79.69999694824219,83.68,,,,NO_BROKER_DATA|GATE_PASS:G1_ZONE:95.2%|GATE_PASS:G2_BB:9.6%|GATE_FAIL:G3_LOW_LIQ:14.7M|LOW_LIQUIDITY:TPEx|GATE_PASS:G4_REGIME:uptrend|GATE_PASS:G5_NO_OVERHEAD:94.8%|NO_SETUP|scoring_version:v2
2026-05-07,2026-05-07,6603,CAUTION,0,0,True,False,79.3,79.69999694824219,83.68,,,,NO_BROKER_DATA|GATE_PASS:G1_ZONE:95.2%|GATE_PASS:G2_BB:9.6%|GATE_FAIL:G3_LOW_LIQ:14.7M|LOW_LIQUIDITY:TPEx|GATE_PASS:G4_REGIME:uptrend|GATE_PASS:G5_NO_OVERHEAD:94.8%|NO_SETUP|scoring_version:v2
2026-05-07,2026-05-07,6609,CAUTION,0,0,True,False,148.75,149.5,157.5,,,,NO_BROKER_DATA|GATE_PASS:G1_ZONE:89.8%|GATE_FAIL:G2_BB_WIDE:30.1%|GATE_PASS:G3_LIQ:680.8M|GATE_PASS:G4_REGIME:uptrend|GATE_PASS:G5_NO_OVERHEAD:100.0%|NO_SETUP|scoring_version:v2
2026-05-07,2026-05-07,6612,CAUTION,0,0,True,False,148.75,149.5,157.5,,,,NO_BROKER_DATA|GATE_PASS:G1_ZONE:89.8%|GATE_FAIL:G2_BB_WIDE:30.1%|GATE_PASS:G3_LIQ:680.8M|GATE_PASS:G4_REGIME:uptrend|GATE_PASS:G5_NO_OVERHEAD:100.0%|NO_SETUP|scoring_version:v2
2026-05-07,2026-05-07,6617,CAUTION,0,0,True,False,148.75,149.5,157.5,,,,NO_BROKER_DATA|GATE_PASS:G1_ZONE:89.8%|GATE_FAIL:G2_BB_WIDE:30.1%|GATE_PASS:G3_LIQ:680.8M|GATE_PASS:G4_REGIME:uptrend|GATE_PASS:G5_NO_OVERHEAD:100.0%|NO_SETUP|scoring_version:v2
2026-05-07,2026-05-07,6606,CAUTION,0,0,True,False,148.75,149.5,157.5,,,,NO_BROKER_DATA|GATE_PASS:G1_ZONE:89.8%|GATE_FAIL:G2_BB_WIDE:30.1%|GATE_PASS:G3_LIQ:680.8M|GATE_PASS:G4_REGIME:uptrend|GATE_PASS:G5_NO_OVERHEAD:100.0%|NO_SETUP|scoring_version:v2
2026-05-07,2026-05-07,6615,CAUTION,0,0,,True,0.0,0.0,0.0,,,Data unavailable: NO_OHLCV_DATA,NO_OHLCV_DATA
2026-05-07,2026-05-07,6642,CAUTION,0,0,True,False,71.14,71.5,79.17,,,,NO_BROKER_DATA|GATE_PASS:G1_ZONE:86.4%|GATE_FAIL:G2_BB_WIDE:38.1%|GATE_FAIL:G3_LOW_LIQ:3.6M|LOW_LIQUIDITY:TPEx|GATE_PASS:G4_REGIME:uptrend|GATE_PASS:G5_NO_OVERHEAD:100.0%|NO_SETUP|scoring_version:v2
2026-05-07,2026-05-07,6637,CAUTION,0,0,True,False,71.14,71.5,79.17,,,,NO_BROKER_DATA|GATE_PASS:G1_ZONE:86.4%|GATE_FAIL:G2_BB_WIDE:38.1%|GATE_FAIL:G3_LOW_LIQ:3.6M|LOW_LIQUIDITY:TPEx|GATE_PASS:G4_REGIME:uptrend|GATE_PASS:G5_NO_OVERHEAD:100.0%|NO_SETUP|scoring_version:v2
2026-05-07,2026-05-07,6620,CAUTION,0,0,True,False,71.14,71.5,79.17,,,,NO_BROKER_DATA|GATE_PASS:G1_ZONE:86.4%|GATE_FAIL:G2_BB_WIDE:38.1%|GATE_FAIL:G3_LOW_LIQ:3.6M|LOW_LIQUIDITY:TPEx|GATE_PASS:G4_REGIME:uptrend|GATE_PASS:G5_NO_OVERHEAD:100.0%|NO_SETUP|scoring_version:v2
2026-05-07,2026-05-07,6640,CAUTION,0,0,True,False,71.14,71.5,79.17,,,,NO_BROKER_DATA|GATE_PASS:G1_ZONE:86.4%|GATE_FAIL:G2_BB_WIDE:38.1%|GATE_FAIL:G3_LOW_LIQ:3.6M|LOW_LIQUIDITY:TPEx|GATE_PASS:G4_REGIME:uptrend|GATE_PASS:G5_NO_OVERHEAD:100.0%|NO_SETUP|scoring_version:v2
2026-05-07,2026-05-07,6654,CAUTION,0,0,,True,0.0,0.0,0.0,,,Data unavailable: NO_OHLCV_DATA,NO_OHLCV_DATA
2026-05-07,2026-05-07,6651,CAUTION,0,0,,True,0.0,0.0,0.0,,,Data unavailable: NO_OHLCV_DATA,NO_OHLCV_DATA
2026-05-07,2026-05-07,6649,CAUTION,0,0,,True,0.0,0.0,0.0,,,Data unavailable: NO_OHLCV_DATA,NO_OHLCV_DATA
2026-05-07,2026-05-07,6643,CAUTION,0,0,,True,0.0,0.0,0.0,,,Data unavailable: NO_OHLCV_DATA,NO_OHLCV_DATA
2026-05-07,2026-05-07,6645,CAUTION,0,0,,True,0.0,0.0,0.0,,,Data unavailable: NO_OHLCV_DATA,NO_OHLCV_DATA
2026-05-07,2026-05-07,6662,CAUTION,0,0,,True,0.0,0.0,0.0,,,Data unavailable: NO_OHLCV_DATA,NO_OHLCV_DATA
2026-05-07,2026-05-07,6657,CAUTION,0,0,,True,0.0,0.0,0.0,,,Data unavailable: NO_OHLCV_DATA,NO_OHLCV_DATA
2026-05-07,2026-05-07,6658,CAUTION,0,0,,True,0.0,0.0,0.0,,,Data unavailable: NO_OHLCV_DATA,NO_OHLCV_DATA
2026-05-07,2026-05-07,6664,CAUTION,0,0,,True,0.0,0.0,0.0,,,Data unavailable: NO_OHLCV_DATA,NO_OHLCV_DATA
2026-05-07,2026-05-07,6661,CAUTION,0,0,,True,0.0,0.0,0.0,,,Data unavailable: NO_OHLCV_DATA,NO_OHLCV_DATA
2026-05-07,2026-05-07,6666,CAUTION,0,0,True,False,29.35,29.5,31.39,,,,NO_BROKER_DATA|GATE_PASS:G1_ZONE:91.0%|GATE_PASS:G2_BB:7.7%|GATE_FAIL:G3_LOW_LIQ:0.3M|LOW_LIQUIDITY:TSE|GATE_PASS:G4_REGIME:uptrend|GATE_PASS:G5_NO_OVERHEAD:100.0%|NO_SETUP|scoring_version:v2
2026-05-07,2026-05-07,6669,CAUTION,0,0,True,False,29.35,29.5,31.39,,,,NO_BROKER_DATA|GATE_PASS:G1_ZONE:91.0%|GATE_PASS:G2_BB:7.7%|GATE_FAIL:G3_LOW_LIQ:0.3M|LOW_LIQUIDITY:TSE|GATE_PASS:G4_REGIME:uptrend|GATE_PASS:G5_NO_OVERHEAD:100.0%|NO_SETUP|scoring_version:v2
2026-05-07,2026-05-07,6668,CAUTION,0,0,True,False,29.35,29.5,31.39,,,,NO_BROKER_DATA|GATE_PASS:G1_ZONE:91.0%|GATE_PASS:G2_BB:7.7%|GATE_FAIL:G3_LOW_LIQ:0.3M|LOW_LIQUIDITY:TSE|GATE_PASS:G4_REGIME:uptrend|GATE_PASS:G5_NO_OVERHEAD:100.0%|NO_SETUP|scoring_version:v2
2026-05-07,2026-05-07,6672,CAUTION,0,0,,True,0.0,0.0,0.0,,,Data unavailable: NO_OHLCV_DATA,NO_OHLCV_DATA
2026-05-07,2026-05-07,6667,CAUTION,0,0,,True,0.0,0.0,0.0,,,Data unavailable: NO_OHLCV_DATA,NO_OHLCV_DATA
2026-05-07,2026-05-07,6680,CAUTION,0,0,,True,0.0,0.0,0.0,,,Data unavailable: NO_OHLCV_DATA,NO_OHLCV_DATA
2026-05-07,2026-05-07,6679,CAUTION,0,0,,True,0.0,0.0,0.0,,,Data unavailable: NO_OHLCV_DATA,NO_OHLCV_DATA
2026-05-07,2026-05-07,6674,CAUTION,0,0,,True,0.0,0.0,0.0,,,Data unavailable: NO_OHLCV_DATA,NO_OHLCV_DATA
2026-05-07,2026-05-07,6683,CAUTION,0,0,,True,0.0,0.0,0.0,,,Data unavailable: NO_OHLCV_DATA,NO_OHLCV_DATA
2026-05-07,2026-05-07,6691,CAUTION,0,0,,True,0.0,0.0,0.0,,,Data unavailable: NO_OHLCV_DATA,NO_OHLCV_DATA
2026-05-07,2026-05-07,6695,CAUTION,0,0,,True,0.0,0.0,0.0,,,Data unavailable: NO_OHLCV_DATA,NO_OHLCV_DATA
2026-05-07,2026-05-07,6693,CAUTION,0,0,,True,0.0,0.0,0.0,,,Data unavailable: NO_OHLCV_DATA,NO_OHLCV_DATA
2026-05-07,2026-05-07,6684,CAUTION,0,0,,True,0.0,0.0,0.0,,,Data unavailable: NO_OHLCV_DATA,NO_OHLCV_DATA
2026-05-07,2026-05-07,6703,CAUTION,0,0,,True,0.0,0.0,0.0,,,Data unavailable: NO_OHLCV_DATA,NO_OHLCV_DATA
2026-05-07,2026-05-07,6698,CAUTION,0,0,True,False,47.91,48.150001525878906,52.81,,,,NO_BROKER_DATA|GATE_PASS:G1_ZONE:93.5%|GATE_FAIL:G2_BB_WIDE:36.9%|GATE_PASS:G3_LIQ:99.6M|GATE_PASS:G4_REGIME:uptrend|GATE_PASS:G5_NO_OVERHEAD:100.0%|NO_SETUP|scoring_version:v2
2026-05-07,2026-05-07,6697,CAUTION,0,0,True,False,47.91,48.150001525878906,52.81,,,,NO_BROKER_DATA|GATE_PASS:G1_ZONE:93.5%|GATE_FAIL:G2_BB_WIDE:36.9%|GATE_PASS:G3_LIQ:99.6M|GATE_PASS:G4_REGIME:uptrend|GATE_PASS:G5_NO_OVERHEAD:100.0%|NO_SETUP|scoring_version:v2
2026-05-07,2026-05-07,6716,CAUTION,0,0,True,False,2373.07,2385.0,2504.25,,,,NO_BROKER_DATA|GATE_PASS:G1_ZONE:93.0%|GATE_FAIL:G2_BB_WIDE:51.8%|GATE_PASS:G3_LIQ:1648.4M|GATE_PASS:G4_REGIME:uptrend|GATE_PASS:G5_NO_OVERHEAD:100.0%|NO_SETUP|scoring_version:v2
2026-05-07,2026-05-07,6712,CAUTION,0,0,True,False,2373.07,2385.0,2504.25,,,,NO_BROKER_DATA|GATE_PASS:G1_ZONE:93.0%|GATE_FAIL:G2_BB_WIDE:51.8%|GATE_PASS:G3_LIQ:1648.4M|GATE_PASS:G4_REGIME:uptrend|GATE_PASS:G5_NO_OVERHEAD:100.0%|NO_SETUP|scoring_version:v2
2026-05-07,2026-05-07,6708,CAUTION,0,0,True,False,2373.07,2385.0,2504.25,,,,NO_BROKER_DATA|GATE_PASS:G1_ZONE:93.0%|GATE_FAIL:G2_BB_WIDE:51.8%|GATE_PASS:G3_LIQ:1648.4M|GATE_PASS:G4_REGIME:uptrend|GATE_PASS:G5_NO_OVERHEAD:100.0%|NO_SETUP|scoring_version:v2
2026-05-07,2026-05-07,6706,CAUTION,0,0,True,False,2373.07,2385.0,2504.25,,,,NO_BROKER_DATA|GATE_PASS:G1_ZONE:93.0%|GATE_FAIL:G2_BB_WIDE:51.8%|GATE_PASS:G3_LIQ:1648.4M|GATE_PASS:G4_REGIME:uptrend|GATE_PASS:G5_NO_OVERHEAD:100.0%|NO_SETUP|scoring_version:v2
2026-05-07,2026-05-07,6715,CAUTION,0,0,True,False,2373.07,2385.0,2504.25,,,,NO_BROKER_DATA|GATE_PASS:G1_ZONE:93.0%|GATE_FAIL:G2_BB_WIDE:51.8%|GATE_PASS:G3_LIQ:1648.4M|GATE_PASS:G4_REGIME:uptrend|GATE_PASS:G5_NO_OVERHEAD:100.0%|NO_SETUP|scoring_version:v2
2026-05-07,2026-05-07,6722,CAUTION,0,0,True,False,464.67,467.0,490.35,,,,NO_BROKER_DATA|GATE_PASS:G1_ZONE:95.9%|GATE_FAIL:G2_BB_WIDE:25.9%|GATE_PASS:G3_LIQ:802.9M|GATE_PASS:G4_REGIME:uptrend|GATE_PASS:G5_NO_OVERHEAD:100.0%|NO_SETUP|scoring_version:v2
2026-05-07,2026-05-07,6720,CAUTION,0,0,,True,0.0,0.0,0.0,,,Data unavailable: NO_OHLCV_DATA,NO_OHLCV_DATA
2026-05-07,2026-05-07,6719,CAUTION,0,0,,True,0.0,0.0,0.0,,,Data unavailable: NO_OHLCV_DATA,NO_OHLCV_DATA
2026-05-07,2026-05-07,6727,CAUTION,0,0,,True,0.0,0.0,0.0,,,Data unavailable: NO_OHLCV_DATA,NO_OHLCV_DATA
2026-05-07,2026-05-07,6725,CAUTION,0,0,,True,0.0,0.0,0.0,,,Data unavailable: NO_OHLCV_DATA,NO_OHLCV_DATA
2026-05-07,2026-05-07,6739,CAUTION,0,0,,True,0.0,0.0,0.0,,,Data unavailable: NO_OHLCV_DATA,NO_OHLCV_DATA
2026-05-07,2026-05-07,6733,CAUTION,0,0,,True,0.0,0.0,0.0,,,Data unavailable: NO_OHLCV_DATA,NO_OHLCV_DATA
2026-05-07,2026-05-07,6742,CAUTION,0,0,,True,0.0,0.0,0.0,,,Data unavailable: NO_OHLCV_DATA,NO_OHLCV_DATA
2026-05-07,2026-05-07,6735,CAUTION,0,0,,True,0.0,0.0,0.0,,,Data unavailable: NO_OHLCV_DATA,NO_OHLCV_DATA
2026-05-07,2026-05-07,6761,CAUTION,0,0,True,False,38.66,38.849998474121094,44.52,,,,NO_BROKER_DATA|GATE_PASS:G1_ZONE:85.6%|GATE_FAIL:G2_BB_WIDE:17.8%|GATE_FAIL:G3_LOW_LIQ:14.3M|LOW_LIQUIDITY:TPEx|GATE_PASS:G4_REGIME:uptrend|GATE_PASS:G5_NO_OVERHEAD:92.4%|NO_SETUP|scoring_version:v2
2026-05-07,2026-05-07,6751,CAUTION,0,0,True,False,38.66,38.849998474121094,44.52,,,,NO_BROKER_DATA|GATE_PASS:G1_ZONE:85.6%|GATE_FAIL:G2_BB_WIDE:17.8%|GATE_FAIL:G3_LOW_LIQ:14.3M|LOW_LIQUIDITY:TPEx|GATE_PASS:G4_REGIME:uptrend|GATE_PASS:G5_NO_OVERHEAD:92.4%|NO_SETUP|scoring_version:v2
2026-05-07,2026-05-07,6743,CAUTION,0,0,True,False,38.66,38.849998474121094,44.52,,,,NO_BROKER_DATA|GATE_PASS:G1_ZONE:85.6%|GATE_FAIL:G2_BB_WIDE:17.8%|GATE_FAIL:G3_LOW_LIQ:14.3M|LOW_LIQUIDITY:TSE|GATE_PASS:G4_REGIME:uptrend|GATE_PASS:G5_NO_OVERHEAD:92.4%|NO_SETUP|scoring_version:v2
2026-05-07,2026-05-07,6756,CAUTION,0,0,True,False,38.66,38.849998474121094,44.52,,,,NO_BROKER_DATA|GATE_PASS:G1_ZONE:85.6%|GATE_FAIL:G2_BB_WIDE:17.8%|GATE_FAIL:G3_LOW_LIQ:14.3M|LOW_LIQUIDITY:TSE|GATE_PASS:G4_REGIME:uptrend|GATE_PASS:G5_NO_OVERHEAD:92.4%|NO_SETUP|scoring_version:v2
2026-05-07,2026-05-07,6752,CAUTION,0,0,,True,0.0,0.0,0.0,,,Data unavailable: NO_OHLCV_DATA,NO_OHLCV_DATA
2026-05-07,2026-05-07,6762,CAUTION,0,0,True,False,162.68,163.5,173.25,,,,NO_BROKER_DATA|GATE_PASS:G1_ZONE:97.0%|GATE_PASS:G2_BB:11.9%|GATE_PASS:G3_LIQ:37.3M|GATE_PASS:G4_REGIME:uptrend|GATE_FAIL:G5_OVERHEAD:84.5%|NO_SETUP|scoring_version:v2
2026-05-07,2026-05-07,6776,CAUTION,0,0,True,False,162.68,163.5,173.25,,,,NO_BROKER_DATA|GATE_PASS:G1_ZONE:97.0%|GATE_PASS:G2_BB:11.9%|GATE_FAIL:G3_LOW_LIQ:37.3M|LOW_LIQUIDITY:TSE|GATE_PASS:G4_REGIME:uptrend|GATE_FAIL:G5_OVERHEAD:84.5%|NO_SETUP|scoring_version:v2
2026-05-07,2026-05-07,6767,CAUTION,0,0,True,False,162.68,163.5,173.25,,,,NO_BROKER_DATA|GATE_PASS:G1_ZONE:97.0%|GATE_PASS:G2_BB:11.9%|GATE_PASS:G3_LIQ:37.3M|GATE_PASS:G4_REGIME:uptrend|GATE_FAIL:G5_OVERHEAD:84.5%|NO_SETUP|scoring_version:v2
2026-05-07,2026-05-07,6770,CAUTION,0,0,True,False,162.68,163.5,173.25,,,,NO_BROKER_DATA|GATE_PASS:G1_ZONE:97.0%|GATE_PASS:G2_BB:11.9%|GATE_FAIL:G3_LOW_LIQ:37.3M|LOW_LIQUIDITY:TSE|GATE_PASS:G4_REGIME:uptrend|GATE_FAIL:G5_OVERHEAD:84.5%|NO_SETUP|scoring_version:v2
2026-05-07,2026-05-07,6788,CAUTION,0,0,,True,0.0,0.0,0.0,,,Data unavailable: NO_OHLCV_DATA,NO_OHLCV_DATA
2026-05-07,2026-05-07,6785,CAUTION,0,0,,True,0.0,0.0,0.0,,,Data unavailable: NO_OHLCV_DATA,NO_OHLCV_DATA
2026-05-07,2026-05-07,6789,CAUTION,0,0,,True,0.0,0.0,0.0,,,Data unavailable: NO_OHLCV_DATA,NO_OHLCV_DATA
2026-05-07,2026-05-07,6782,CAUTION,0,0,,True,0.0,0.0,0.0,,,Data unavailable: NO_OHLCV_DATA,NO_OHLCV_DATA
2026-05-07,2026-05-07,6781,CAUTION,0,0,,True,0.0,0.0,0.0,,,Data unavailable: NO_OHLCV_DATA,NO_OHLCV_DATA
2026-05-07,2026-05-07,6791,CAUTION,0,0,,True,0.0,0.0,0.0,,,Data unavailable: NO_OHLCV_DATA,NO_OHLCV_DATA
2026-05-07,2026-05-07,6796,CAUTION,0,0,True,False,139.8,140.5,147.53,,,,NO_BROKER_DATA|GATE_FAIL:G1_TOO_FAR_BELOW:78.9%|GATE_FAIL:G2_BB_WIDE:30.2%|GATE_FAIL:G3_LOW_LIQ:23.9M|LOW_LIQUIDITY:TSE|GATE_PASS:G4_REGIME:uptrend|GATE_FAIL:G5_OVERHEAD:62.2%|NO_SETUP|scoring_version:v2
2026-05-07,2026-05-07,6794,CAUTION,0,0,True,False,139.8,140.5,147.53,,,,NO_BROKER_DATA|GATE_FAIL:G1_TOO_FAR_BELOW:78.9%|GATE_FAIL:G2_BB_WIDE:30.2%|GATE_FAIL:G3_LOW_LIQ:23.9M|LOW_LIQUIDITY:TSE|GATE_PASS:G4_REGIME:uptrend|GATE_FAIL:G5_OVERHEAD:62.2%|NO_SETUP|scoring_version:v2
2026-05-07,2026-05-07,6799,CAUTION,0,0,True,False,139.8,140.5,147.53,,,,NO_BROKER_DATA|GATE_FAIL:G1_TOO_FAR_BELOW:78.9%|GATE_FAIL:G2_BB_WIDE:30.2%|GATE_FAIL:G3_LOW_LIQ:23.9M|LOW_LIQUIDITY:TSE|GATE_PASS:G4_REGIME:uptrend|GATE_FAIL:G5_OVERHEAD:62.2%|NO_SETUP|scoring_version:v2
2026-05-07,2026-05-07,6805,CAUTION,0,0,True,False,139.8,140.5,147.53,,,,NO_BROKER_DATA|GATE_FAIL:G1_TOO_FAR_BELOW:78.9%|GATE_FAIL:G2_BB_WIDE:30.2%|GATE_FAIL:G3_LOW_LIQ:23.9M|LOW_LIQUIDITY:TSE|GATE_PASS:G4_REGIME:uptrend|GATE_FAIL:G5_OVERHEAD:62.2%|NO_SETUP|scoring_version:v2
2026-05-07,2026-05-07,6821,CAUTION,0,0,True,False,88.46,88.9000015258789,97.33,,,,NO_BROKER_DATA|GATE_PASS:G1_ZONE:92.6%|GATE_FAIL:G2_BB_WIDE:27.4%|GATE_PASS:G3_LIQ:41.2M|GATE_PASS:G4_REGIME:uptrend|GATE_PASS:G5_NO_OVERHEAD:100.0%|NO_SETUP|scoring_version:v2
2026-05-07,2026-05-07,6829,CAUTION,0,0,True,False,88.46,88.9000015258789,97.33,,,,NO_BROKER_DATA|GATE_PASS:G1_ZONE:92.6%|GATE_FAIL:G2_BB_WIDE:27.4%|GATE_PASS:G3_LIQ:41.2M|GATE_PASS:G4_REGIME:uptrend|GATE_PASS:G5_NO_OVERHEAD:100.0%|NO_SETUP|scoring_version:v2
2026-05-07,2026-05-07,6840,CAUTION,0,0,True,False,556.21,559.0,589.05,,,,NO_BROKER_DATA|GATE_PASS:G1_ZONE:94.1%|GATE_FAIL:G2_BB_WIDE:34.8%|GATE_PASS:G3_LIQ:864.6M|GATE_PASS:G4_REGIME:uptrend|GATE_PASS:G5_NO_OVERHEAD:100.0%|NO_SETUP|scoring_version:v2
2026-05-07,2026-05-07,6854,CAUTION,0,0,True,False,37.31,37.5,41.9,,,,NO_BROKER_DATA|GATE_PASS:G1_ZONE:92.6%|GATE_PASS:G2_BB:9.1%|GATE_FAIL:G3_LOW_LIQ:17.6M|LOW_LIQUIDITY:TSE|GATE_PASS:G4_REGIME:uptrend|GATE_PASS:G5_NO_OVERHEAD:97.6%|NO_SETUP|scoring_version:v2
2026-05-07,2026-05-07,6874,CAUTION,0,0,,True,0.0,0.0,0.0,,,Data unavailable: NO_OHLCV_DATA,NO_OHLCV_DATA
2026-05-07,2026-05-07,6862,CAUTION,0,0,,True,0.0,0.0,0.0,,,Data unavailable: NO_OHLCV_DATA,NO_OHLCV_DATA
2026-05-07,2026-05-07,6872,CAUTION,0,0,,True,0.0,0.0,0.0,,,Data unavailable: NO_OHLCV_DATA,NO_OHLCV_DATA
2026-05-07,2026-05-07,6863,CAUTION,0,0,,True,0.0,0.0,0.0,,,Data unavailable: NO_OHLCV_DATA,NO_OHLCV_DATA
2026-05-07,2026-05-07,6861,CAUTION,0,0,,True,0.0,0.0,0.0,,,Data unavailable: NO_OHLCV_DATA,NO_OHLCV_DATA
2026-05-07,2026-05-07,6907,CAUTION,0,0,True,False,18.11,18.200000762939453,19.32,,,,NO_BROKER_DATA|GATE_PASS:G1_ZONE:89.2%|GATE_PASS:G2_BB:13.9%|GATE_FAIL:G3_LOW_LIQ:1.1M|LOW_LIQUIDITY:TPEx|GATE_PASS:G4_REGIME:uptrend|GATE_PASS:G5_NO_OVERHEAD:100.0%|NO_SETUP|scoring_version:v2
2026-05-07,2026-05-07,6908,CAUTION,0,0,True,False,18.11,18.200000762939453,19.32,,,,NO_BROKER_DATA|GATE_PASS:G1_ZONE:89.2%|GATE_PASS:G2_BB:13.9%|GATE_FAIL:G3_LOW_LIQ:1.1M|LOW_LIQUIDITY:TSE|GATE_PASS:G4_REGIME:uptrend|GATE_PASS:G5_NO_OVERHEAD:100.0%|NO_SETUP|scoring_version:v2
2026-05-07,2026-05-07,6903,CAUTION,0,0,True,False,18.11,18.200000762939453,19.32,,,,NO_BROKER_DATA|GATE_PASS:G1_ZONE:89.2%|GATE_PASS:G2_BB:13.9%|GATE_FAIL:G3_LOW_LIQ:1.1M|LOW_LIQUIDITY:TPEx|GATE_PASS:G4_REGIME:uptrend|GATE_PASS:G5_NO_OVERHEAD:100.0%|NO_SETUP|scoring_version:v2
2026-05-07,2026-05-07,6913,CAUTION,0,0,True,False,18.11,18.200000762939453,19.32,,,,NO_BROKER_DATA|GATE_PASS:G1_ZONE:89.2%|GATE_PASS:G2_BB:13.9%|GATE_FAIL:G3_LOW_LIQ:1.1M|LOW_LIQUIDITY:TPEx|GATE_PASS:G4_REGIME:uptrend|GATE_PASS:G5_NO_OVERHEAD:100.0%|NO_SETUP|scoring_version:v2
2026-05-07,2026-05-07,6909,CAUTION,0,0,True,False,18.11,18.200000762939453,19.32,,,,NO_BROKER_DATA|GATE_PASS:G1_ZONE:89.2%|GATE_PASS:G2_BB:13.9%|GATE_FAIL:G3_LOW_LIQ:1.1M|LOW_LIQUIDITY:TSE|GATE_PASS:G4_REGIME:uptrend|GATE_PASS:G5_NO_OVERHEAD:100.0%|NO_SETUP|scoring_version:v2
2026-05-07,2026-05-07,6924,CAUTION,0,0,True,False,22.69,22.799999237060547,23.94,,,,NO_BROKER_DATA|GATE_PASS:G1_ZONE:92.1%|GATE_PASS:G2_BB:8.6%|GATE_FAIL:G3_LOW_LIQ:7.2M|LOW_LIQUIDITY:TSE|GATE_PASS:G4_REGIME:uptrend|GATE_FAIL:G5_OVERHEAD:77.3%|NO_SETUP|scoring_version:v2
2026-05-07,2026-05-07,6918,CAUTION,0,0,,True,0.0,0.0,0.0,,,Data unavailable: NO_OHLCV_DATA,NO_OHLCV_DATA
2026-05-07,2026-05-07,6922,CAUTION,0,0,,True,0.0,0.0,0.0,,,Data unavailable: NO_OHLCV_DATA,NO_OHLCV_DATA
2026-05-07,2026-05-07,6916,CAUTION,0,0,,True,0.0,0.0,0.0,,,Data unavailable: NO_OHLCV_DATA,NO_OHLCV_DATA
2026-05-07,2026-05-07,6921,CAUTION,0,0,,True,0.0,0.0,0.0,,,Data unavailable: NO_OHLCV_DATA,NO_OHLCV_DATA
2026-05-07,2026-05-07,6928,CAUTION,0,0,True,False,40.2,40.400001525878906,43.63,,,,NO_BROKER_DATA|GATE_PASS:G1_ZONE:94.6%|GATE_PASS:G2_BB:11.7%|GATE_FAIL:G3_LOW_LIQ:1.2M|LOW_LIQUIDITY:TSE|GATE_PASS:G4_REGIME:uptrend|GATE_SKIP:G5_NO_60D_DATA|NO_SETUP|scoring_version:v2
2026-05-07,2026-05-07,6934,CAUTION,0,0,,True,0.0,0.0,0.0,,,Data unavailable: NO_OHLCV_DATA,NO_OHLCV_DATA
2026-05-07,2026-05-07,6936,CAUTION,0,0,,True,0.0,0.0,0.0,,,Data unavailable: NO_OHLCV_DATA,NO_OHLCV_DATA
2026-05-07,2026-05-07,6933,CAUTION,0,0,True,False,18.41,18.5,19.95,,,,NO_BROKER_DATA|GATE_PASS:G1_ZONE:92.5%|GATE_PASS:G2_BB:12.0%|GATE_FAIL:G3_LOW_LIQ:1.1M|LOW_LIQUIDITY:TSE|GATE_PASS:G4_REGIME:uptrend|GATE_PASS:G5_NO_OVERHEAD:100.0%|NO_SETUP|scoring_version:v2
2026-05-07,2026-05-07,6937,CAUTION,0,0,True,False,50.94,51.20000076293945,54.91,,,,NO_BROKER_DATA|GATE_PASS:G1_ZONE:89.4%|GATE_PASS:G2_BB:14.9%|GATE_FAIL:G3_LOW_LIQ:9.1M|LOW_LIQUIDITY:TSE|GATE_PASS:G4_REGIME:uptrend|GATE_PASS:G5_NO_OVERHEAD:100.0%|NO_SETUP|scoring_version:v2
2026-05-07,2026-05-07,6953,CAUTION,0,0,True,False,50.94,51.20000076293945,54.91,,,,NO_BROKER_DATA|GATE_PASS:G1_ZONE:89.4%|GATE_PASS:G2_BB:14.9%|GATE_FAIL:G3_LOW_LIQ:9.1M|LOW_LIQUIDITY:TPEx|GATE_PASS:G4_REGIME:uptrend|GATE_PASS:G5_NO_OVERHEAD:100.0%|NO_SETUP|scoring_version:v2
2026-05-07,2026-05-07,6962,CAUTION,0,0,True,False,50.94,51.20000076293945,54.91,,,,NO_BROKER_DATA|GATE_PASS:G1_ZONE:89.4%|GATE_PASS:G2_BB:14.9%|GATE_FAIL:G3_LOW_LIQ:9.1M|LOW_LIQUIDITY:TSE|GATE_PASS:G4_REGIME:uptrend|GATE_PASS:G5_NO_OVERHEAD:100.0%|NO_SETUP|scoring_version:v2
2026-05-07,2026-05-07,6949,CAUTION,0,0,True,False,50.94,51.20000076293945,54.91,,,,NO_BROKER_DATA|GATE_PASS:G1_ZONE:89.4%|GATE_PASS:G2_BB:14.9%|GATE_FAIL:G3_LOW_LIQ:9.1M|LOW_LIQUIDITY:TSE|GATE_PASS:G4_REGIME:uptrend|GATE_PASS:G5_NO_OVERHEAD:100.0%|NO_SETUP|scoring_version:v2
2026-05-07,2026-05-07,6955,CAUTION,0,0,,True,0.0,0.0,0.0,,,Data unavailable: NO_OHLCV_DATA,NO_OHLCV_DATA
2026-05-07,2026-05-07,6967,CAUTION,0,0,True,False,24.88,25.0,26.25,,,,NO_BROKER_DATA|GATE_FAIL:G1_TOO_FAR_BELOW:76.9%|GATE_FAIL:G2_BB_WIDE:27.6%|GATE_FAIL:G3_LOW_LIQ:0.4M|LOW_LIQUIDITY:TPEx|GATE_PASS:G4_REGIME:uptrend|GATE_PASS:G5_NO_OVERHEAD:89.0%|NO_SETUP|scoring_version:v2
2026-05-07,2026-05-07,6996,CAUTION,0,0,True,False,24.88,25.0,26.25,,,,NO_BROKER_DATA|GATE_FAIL:G1_TOO_FAR_BELOW:76.9%|GATE_FAIL:G2_BB_WIDE:27.6%|GATE_FAIL:G3_LOW_LIQ:0.4M|LOW_LIQUIDITY:TPEx|GATE_PASS:G4_REGIME:uptrend|GATE_PASS:G5_NO_OVERHEAD:89.0%|NO_SETUP|scoring_version:v2
2026-05-07,2026-05-07,6982,CAUTION,0,0,True,False,24.88,25.0,26.25,,,,NO_BROKER_DATA|GATE_FAIL:G1_TOO_FAR_BELOW:76.9%|GATE_FAIL:G2_BB_WIDE:27.6%|GATE_FAIL:G3_LOW_LIQ:0.4M|LOW_LIQUIDITY:TPEx|GATE_PASS:G4_REGIME:uptrend|GATE_PASS:G5_NO_OVERHEAD:89.0%|NO_SETUP|scoring_version:v2
2026-05-07,2026-05-07,7402,CAUTION,0,0,True,False,24.88,25.0,26.25,,,,NO_BROKER_DATA|GATE_FAIL:G1_TOO_FAR_BELOW:76.9%|GATE_FAIL:G2_BB_WIDE:27.6%|GATE_FAIL:G3_LOW_LIQ:0.4M|LOW_LIQUIDITY:TPEx|GATE_PASS:G4_REGIME:uptrend|GATE_PASS:G5_NO_OVERHEAD:89.0%|NO_SETUP|scoring_version:v2
2026-05-07,2026-05-07,7703,CAUTION,0,0,True,False,36.57,36.75,41.95,,,,NO_BROKER_DATA|GATE_PASS:G1_ZONE:89.7%|GATE_FAIL:G2_BB_WIDE:21.3%|GATE_PASS:G3_LIQ:243.7M|GATE_PASS:G4_REGIME:uptrend|GATE_PASS:G5_NO_OVERHEAD:99.4%|NO_SETUP|scoring_version:v2
2026-05-07,2026-05-07,7556,CAUTION,0,0,True,False,36.57,36.75,41.95,,,,NO_BROKER_DATA|GATE_PASS:G1_ZONE:89.7%|GATE_FAIL:G2_BB_WIDE:21.3%|GATE_PASS:G3_LIQ:243.7M|GATE_PASS:G4_REGIME:uptrend|GATE_PASS:G5_NO_OVERHEAD:99.4%|NO_SETUP|scoring_version:v2
2026-05-07,2026-05-07,7631,CAUTION,0,0,True,False,36.57,36.75,41.95,,,,NO_BROKER_DATA|GATE_PASS:G1_ZONE:89.7%|GATE_FAIL:G2_BB_WIDE:21.3%|GATE_PASS:G3_LIQ:243.7M|GATE_PASS:G4_REGIME:uptrend|GATE_PASS:G5_NO_OVERHEAD:99.4%|NO_SETUP|scoring_version:v2
2026-05-07,2026-05-07,7642,CAUTION,0,0,True,False,36.57,36.75,41.95,,,,NO_BROKER_DATA|GATE_PASS:G1_ZONE:89.7%|GATE_FAIL:G2_BB_WIDE:21.3%|GATE_PASS:G3_LIQ:243.7M|GATE_PASS:G4_REGIME:uptrend|GATE_PASS:G5_NO_OVERHEAD:99.4%|NO_SETUP|scoring_version:v2
2026-05-07,2026-05-07,7704,CAUTION,0,0,True,False,36.57,36.75,41.95,,,,NO_BROKER_DATA|GATE_PASS:G1_ZONE:89.7%|GATE_FAIL:G2_BB_WIDE:21.3%|GATE_PASS:G3_LIQ:243.7M|GATE_PASS:G4_REGIME:uptrend|GATE_PASS:G5_NO_OVERHEAD:99.4%|NO_SETUP|scoring_version:v2
2026-05-07,2026-05-07,7717,CAUTION,0,0,,True,0.0,0.0,0.0,,,Data unavailable: NO_OHLCV_DATA,NO_OHLCV_DATA
2026-05-07,2026-05-07,7713,CAUTION,0,0,,True,0.0,0.0,0.0,,,Data unavailable: NO_OHLCV_DATA,NO_OHLCV_DATA
2026-05-07,2026-05-07,7709,CAUTION,0,0,,True,0.0,0.0,0.0,,,Data unavailable: NO_OHLCV_DATA,NO_OHLCV_DATA
2026-05-07,2026-05-07,7711,CAUTION,0,0,,True,0.0,0.0,0.0,,,Data unavailable: NO_OHLCV_DATA,NO_OHLCV_DATA
2026-05-07,2026-05-07,7712,CAUTION,0,0,,True,0.0,0.0,0.0,,,Data unavailable: NO_OHLCV_DATA,NO_OHLCV_DATA
2026-05-07,2026-05-07,7728,CAUTION,0,0,True,False,188.06,189.0,198.45,,,,NO_BROKER_DATA|GATE_FAIL:G1_ALREADY_BROKE_OUT:99.5%|GATE_FAIL:G2_BB_WIDE:16.2%|GATE_PASS:G3_LIQ:36.8M|GATE_PASS:G4_REGIME:uptrend|GATE_PASS:G5_NO_OVERHEAD:100.0%|NO_SETUP|scoring_version:v2
2026-05-07,2026-05-07,7730,CAUTION,0,0,True,False,188.06,189.0,198.45,,,,NO_BROKER_DATA|GATE_FAIL:G1_ALREADY_BROKE_OUT:99.5%|GATE_FAIL:G2_BB_WIDE:16.2%|GATE_FAIL:G3_LOW_LIQ:36.8M|LOW_LIQUIDITY:TSE|GATE_PASS:G4_REGIME:uptrend|GATE_PASS:G5_NO_OVERHEAD:100.0%|NO_SETUP|scoring_version:v2
2026-05-07,2026-05-07,7734,CAUTION,0,0,True,False,58.21,58.5,64.47,,,,NO_BROKER_DATA|GATE_FAIL:G1_TOO_FAR_BELOW:83.3%|GATE_FAIL:G2_BB_WIDE:23.0%|GATE_PASS:G3_LIQ:18.9M|GATE_PASS:G4_REGIME:uptrend|GATE_PASS:G5_NO_OVERHEAD:100.0%|NO_SETUP|scoring_version:v2
2026-05-07,2026-05-07,7749,CAUTION,0,0,True,False,58.21,58.5,64.47,,,,NO_BROKER_DATA|GATE_FAIL:G1_TOO_FAR_BELOW:83.3%|GATE_FAIL:G2_BB_WIDE:23.0%|GATE_FAIL:G3_LOW_LIQ:18.9M|LOW_LIQUIDITY:TSE|GATE_PASS:G4_REGIME:uptrend|GATE_PASS:G5_NO_OVERHEAD:100.0%|NO_SETUP|scoring_version:v2
2026-05-07,2026-05-07,7744,CAUTION,0,0,True,False,282.58,284.0,298.2,,,,NO_BROKER_DATA|GATE_FAIL:G1_TOO_FAR_BELOW:84.0%|GATE_FAIL:G2_BB_WIDE:53.3%|GATE_PASS:G3_LIQ:92.5M|GATE_PASS:G4_REGIME:uptrend|GATE_PASS:G5_NO_OVERHEAD:100.0%|NO_SETUP|scoring_version:v2
2026-05-07,2026-05-07,7750,CAUTION,0,0,True,False,282.58,284.0,298.2,,,,NO_BROKER_DATA|GATE_FAIL:G1_TOO_FAR_BELOW:84.0%|GATE_FAIL:G2_BB_WIDE:53.3%|GATE_PASS:G3_LIQ:92.5M|GATE_PASS:G4_REGIME:uptrend|GATE_PASS:G5_NO_OVERHEAD:100.0%|NO_SETUP|scoring_version:v2
2026-05-07,2026-05-07,7768,CAUTION,0,0,True,False,121.89,122.5,133.35,,,,NO_BROKER_DATA|GATE_PASS:G1_ZONE:92.1%|GATE_FAIL:G2_BB_WIDE:17.8%|GATE_PASS:G3_LIQ:72.2M|GATE_PASS:G4_REGIME:uptrend|GATE_PASS:G5_NO_OVERHEAD:97.4%|NO_SETUP|scoring_version:v2
2026-05-07,2026-05-07,7767,CAUTION,0,0,True,False,121.89,122.5,133.35,,,,NO_BROKER_DATA|GATE_PASS:G1_ZONE:92.1%|GATE_FAIL:G2_BB_WIDE:17.8%|GATE_PASS:G3_LIQ:72.2M|GATE_PASS:G4_REGIME:uptrend|GATE_PASS:G5_NO_OVERHEAD:97.4%|NO_SETUP|scoring_version:v2
2026-05-07,2026-05-07,7788,CAUTION,0,0,,True,0.0,0.0,0.0,,,Data unavailable: NO_OHLCV_DATA,NO_OHLCV_DATA
2026-05-07,2026-05-07,7792,CAUTION,0,0,,True,0.0,0.0,0.0,,,Data unavailable: NO_OHLCV_DATA,NO_OHLCV_DATA
2026-05-07,2026-05-07,7799,CAUTION,0,0,,True,0.0,0.0,0.0,,,Data unavailable: NO_OHLCV_DATA,NO_OHLCV_DATA
2026-05-07,2026-05-07,7795,CAUTION,0,0,True,False,2591.97,2605.0,2735.25,,,,NO_BROKER_DATA|GATE_PASS:G1_ZONE:93.0%|GATE_FAIL:G2_BB_WIDE:78.9%|GATE_PASS:G3_LIQ:1486.8M|GATE_PASS:G4_REGIME:uptrend|GATE_PASS:G5_NO_OVERHEAD:100.0%|NO_SETUP|scoring_version:v2
2026-05-07,2026-05-07,7822,CAUTION,0,0,True,False,5805.82,5835.0,6126.75,,,,NO_BROKER_DATA|GATE_PASS:G1_ZONE:98.9%|GATE_FAIL:G2_BB_WIDE:44.2%|GATE_PASS:G3_LIQ:6405.9M|GATE_PASS:G4_REGIME:uptrend|GATE_PASS:G5_NO_OVERHEAD:100.0%|NO_SETUP|scoring_version:v2
2026-05-07,2026-05-07,7810,CAUTION,0,0,True,False,5805.82,5835.0,6126.75,,,,NO_BROKER_DATA|GATE_PASS:G1_ZONE:98.9%|GATE_FAIL:G2_BB_WIDE:44.2%|GATE_PASS:G3_LIQ:6405.9M|GATE_PASS:G4_REGIME:uptrend|GATE_PASS:G5_NO_OVERHEAD:100.0%|NO_SETUP|scoring_version:v2
2026-05-07,2026-05-07,7828,CAUTION,0,0,True,False,5805.82,5835.0,6126.75,,,,NO_BROKER_DATA|GATE_PASS:G1_ZONE:98.9%|GATE_FAIL:G2_BB_WIDE:44.2%|GATE_PASS:G3_LIQ:6405.9M|GATE_PASS:G4_REGIME:uptrend|GATE_PASS:G5_NO_OVERHEAD:100.0%|NO_SETUP|scoring_version:v2
2026-05-07,2026-05-07,8011,CAUTION,0,0,True,False,5805.82,5835.0,6126.75,,,,NO_BROKER_DATA|GATE_PASS:G1_ZONE:98.9%|GATE_FAIL:G2_BB_WIDE:44.2%|GATE_PASS:G3_LIQ:6405.9M|GATE_PASS:G4_REGIME:uptrend|GATE_PASS:G5_NO_OVERHEAD:100.0%|NO_SETUP|scoring_version:v2
2026-05-07,2026-05-07,8016,CAUTION,0,0,True,False,5805.82,5835.0,6126.75,,,,NO_BROKER_DATA|GATE_PASS:G1_ZONE:98.9%|GATE_FAIL:G2_BB_WIDE:44.2%|GATE_PASS:G3_LIQ:6405.9M|GATE_PASS:G4_REGIME:uptrend|GATE_PASS:G5_NO_OVERHEAD:100.0%|NO_SETUP|scoring_version:v2
2026-05-07,2026-05-07,8038,CAUTION,0,0,,True,0.0,0.0,0.0,,,Data unavailable: NO_OHLCV_DATA,NO_OHLCV_DATA
2026-05-07,2026-05-07,8042,CAUTION,0,0,,True,0.0,0.0,0.0,,,Data unavailable: NO_OHLCV_DATA,NO_OHLCV_DATA
2026-05-07,2026-05-07,8039,CAUTION,0,0,,True,0.0,0.0,0.0,,,Data unavailable: NO_OHLCV_DATA,NO_OHLCV_DATA
2026-05-07,2026-05-07,8034,CAUTION,0,0,,True,0.0,0.0,0.0,,,Data unavailable: NO_OHLCV_DATA,NO_OHLCV_DATA
2026-05-07,2026-05-07,8040,CAUTION,0,0,,True,0.0,0.0,0.0,,,Data unavailable: NO_OHLCV_DATA,NO_OHLCV_DATA
2026-05-07,2026-05-07,8043,CAUTION,0,0,,True,0.0,0.0,0.0,,,Data unavailable: NO_OHLCV_DATA,NO_OHLCV_DATA
2026-05-07,2026-05-07,8048,CAUTION,0,0,,True,0.0,0.0,0.0,,,Data unavailable: NO_OHLCV_DATA,NO_OHLCV_DATA
2026-05-07,2026-05-07,8046,CAUTION,0,0,,True,0.0,0.0,0.0,,,Data unavailable: NO_OHLCV_DATA,NO_OHLCV_DATA
2026-05-07,2026-05-07,8045,CAUTION,0,0,,True,0.0,0.0,0.0,,,Data unavailable: NO_OHLCV_DATA,NO_OHLCV_DATA
2026-05-07,2026-05-07,8047,CAUTION,0,0,,True,0.0,0.0,0.0,,,Data unavailable: NO_OHLCV_DATA,NO_OHLCV_DATA
2026-05-07,2026-05-07,8054,CAUTION,0,0,True,False,79.6,80.0,85.89,,,,NO_BROKER_DATA|GATE_PASS:G1_ZONE:89.0%|GATE_FAIL:G2_BB_WIDE:61.1%|GATE_PASS:G3_LIQ:217.5M|GATE_PASS:G4_REGIME:uptrend|GATE_PASS:G5_NO_OVERHEAD:100.0%|NO_SETUP|scoring_version:v2
2026-05-07,2026-05-07,8059,CAUTION,0,0,True,False,79.6,80.0,85.89,,,,NO_BROKER_DATA|GATE_PASS:G1_ZONE:89.0%|GATE_FAIL:G2_BB_WIDE:61.1%|GATE_PASS:G3_LIQ:217.5M|GATE_PASS:G4_REGIME:uptrend|GATE_PASS:G5_NO_OVERHEAD:100.0%|NO_SETUP|scoring_version:v2
2026-05-07,2026-05-07,8064,CAUTION,0,0,True,False,79.6,80.0,85.89,,,,NO_BROKER_DATA|GATE_PASS:G1_ZONE:89.0%|GATE_FAIL:G2_BB_WIDE:61.1%|GATE_PASS:G3_LIQ:217.5M|GATE_PASS:G4_REGIME:uptrend|GATE_PASS:G5_NO_OVERHEAD:100.0%|NO_SETUP|scoring_version:v2
2026-05-07,2026-05-07,8049,CAUTION,0,0,True,False,79.6,80.0,85.89,,,,NO_BROKER_DATA|GATE_PASS:G1_ZONE:89.0%|GATE_FAIL:G2_BB_WIDE:61.1%|GATE_PASS:G3_LIQ:217.5M|GATE_PASS:G4_REGIME:uptrend|GATE_PASS:G5_NO_OVERHEAD:100.0%|NO_SETUP|scoring_version:v2
2026-05-07,2026-05-07,8050,CAUTION,0,0,True,False,79.6,80.0,85.89,,,,NO_BROKER_DATA|GATE_PASS:G1_ZONE:89.0%|GATE_FAIL:G2_BB_WIDE:61.1%|GATE_PASS:G3_LIQ:217.5M|GATE_PASS:G4_REGIME:uptrend|GATE_PASS:G5_NO_OVERHEAD:100.0%|NO_SETUP|scoring_version:v2
2026-05-07,2026-05-07,8071,CAUTION,0,0,,True,0.0,0.0,0.0,,,Data unavailable: NO_OHLCV_DATA,NO_OHLCV_DATA
2026-05-07,2026-05-07,8072,CAUTION,0,0,,True,0.0,0.0,0.0,,,Data unavailable: NO_OHLCV_DATA,NO_OHLCV_DATA
2026-05-07,2026-05-07,8067,CAUTION,0,0,True,False,72.04,72.4000015258789,82.32,,,,NO_BROKER_DATA|GATE_FAIL:G1_TOO_FAR_BELOW:82.7%|GATE_PASS:G2_BB:11.9%|GATE_PASS:G3_LIQ:27.3M|GATE_PASS:G4_REGIME:uptrend|GATE_PASS:G5_NO_OVERHEAD:96.6%|NO_SETUP|scoring_version:v2
2026-05-07,2026-05-07,8068,CAUTION,0,0,True,False,72.04,72.4000015258789,82.32,,,,NO_BROKER_DATA|GATE_FAIL:G1_TOO_FAR_BELOW:82.7%|GATE_PASS:G2_BB:11.9%|GATE_PASS:G3_LIQ:27.3M|GATE_PASS:G4_REGIME:uptrend|GATE_PASS:G5_NO_OVERHEAD:96.6%|NO_SETUP|scoring_version:v2
2026-05-07,2026-05-07,8069,CAUTION,0,0,True,False,72.04,72.4000015258789,82.32,,,,NO_BROKER_DATA|GATE_FAIL:G1_TOO_FAR_BELOW:82.7%|GATE_PASS:G2_BB:11.9%|GATE_PASS:G3_LIQ:27.3M|GATE_PASS:G4_REGIME:uptrend|GATE_PASS:G5_NO_OVERHEAD:96.6%|NO_SETUP|scoring_version:v2
2026-05-07,2026-05-07,8084,CAUTION,0,0,True,False,62.29,62.599998474121094,77.17,,,,NO_BROKER_DATA|GATE_FAIL:G1_TOO_FAR_BELOW:81.5%|GATE_FAIL:G2_BB_WIDE:28.7%|GATE_PASS:G3_LIQ:76.2M|GATE_PASS:G4_REGIME:uptrend|GATE_PASS:G5_NO_OVERHEAD:100.0%|NO_SETUP|scoring_version:v2
2026-05-07,2026-05-07,8074,CAUTION,0,0,True,False,62.29,62.599998474121094,77.17,,,,NO_BROKER_DATA|GATE_FAIL:G1_TOO_FAR_BELOW:81.5%|GATE_FAIL:G2_BB_WIDE:28.7%|GATE_PASS:G3_LIQ:76.2M|GATE_PASS:G4_REGIME:uptrend|GATE_PASS:G5_NO_OVERHEAD:100.0%|NO_SETUP|scoring_version:v2
2026-05-07,2026-05-07,8076,CAUTION,0,0,,True,0.0,0.0,0.0,,,Data unavailable: NO_OHLCV_DATA,NO_OHLCV_DATA
2026-05-07,2026-05-07,8081,CAUTION,0,0,,True,0.0,0.0,0.0,,,Data unavailable: NO_OHLCV_DATA,NO_OHLCV_DATA
2026-05-07,2026-05-07,8083,CAUTION,0,0,,True,0.0,0.0,0.0,,,Data unavailable: NO_OHLCV_DATA,NO_OHLCV_DATA
2026-05-07,2026-05-07,8085,CAUTION,0,0,True,False,20.4,20.5,23.62,,,,NO_BROKER_DATA|GATE_FAIL:G1_TOO_FAR_BELOW:83.3%|GATE_FAIL:G2_BB_WIDE:26.5%|GATE_PASS:G3_LIQ:18.0M|GATE_PASS:G4_REGIME:uptrend|GATE_PASS:G5_NO_OVERHEAD:100.0%|NO_SETUP|scoring_version:v2
2026-05-07,2026-05-07,8086,CAUTION,0,0,True,False,20.4,20.5,23.62,,,,NO_BROKER_DATA|GATE_FAIL:G1_TOO_FAR_BELOW:83.3%|GATE_FAIL:G2_BB_WIDE:26.5%|GATE_PASS:G3_LIQ:18.0M|GATE_PASS:G4_REGIME:uptrend|GATE_PASS:G5_NO_OVERHEAD:100.0%|NO_SETUP|scoring_version:v2
2026-05-07,2026-05-07,8093,CAUTION,0,0,,True,0.0,0.0,0.0,,,Data unavailable: DATE_NOT_IN_OHLCV,DATE_NOT_IN_OHLCV
2026-05-07,2026-05-07,8088,CAUTION,0,0,,True,0.0,0.0,0.0,,,Data unavailable: DATE_NOT_IN_OHLCV,DATE_NOT_IN_OHLCV
2026-05-07,2026-05-07,8092,CAUTION,0,0,,True,0.0,0.0,0.0,,,Data unavailable: DATE_NOT_IN_OHLCV,DATE_NOT_IN_OHLCV
2026-05-07,2026-05-07,8089,CAUTION,0,0,,True,0.0,0.0,0.0,,,Data unavailable: DATE_NOT_IN_OHLCV,DATE_NOT_IN_OHLCV
2026-05-07,2026-05-07,8091,CAUTION,0,0,,True,0.0,0.0,0.0,,,Data unavailable: NO_OHLCV_DATA,NO_OHLCV_DATA
2026-05-07,2026-05-07,8097,CAUTION,0,0,,True,0.0,0.0,0.0,,,Data unavailable: NO_OHLCV_DATA,NO_OHLCV_DATA
2026-05-07,2026-05-07,8101,CAUTION,0,0,,True,0.0,0.0,0.0,,,Data unavailable: NO_OHLCV_DATA,NO_OHLCV_DATA
2026-05-07,2026-05-07,8096,CAUTION,0,0,,True,0.0,0.0,0.0,,,Data unavailable: NO_OHLCV_DATA,NO_OHLCV_DATA
2026-05-07,2026-05-07,8099,CAUTION,0,0,,True,0.0,0.0,0.0,,,Data unavailable: NO_OHLCV_DATA,NO_OHLCV_DATA
2026-05-07,2026-05-07,8102,CAUTION,0,0,True,False,19.6,19.700000762939453,20.69,,,,NO_BROKER_DATA|GATE_PASS:G1_ZONE:94.3%|GATE_PASS:G2_BB:8.8%|GATE_FAIL:G3_LOW_LIQ:0.6M|LOW_LIQUIDITY:TPEx|GATE_PASS:G4_REGIME:uptrend|GATE_PASS:G5_NO_OVERHEAD:98.1%|NO_SETUP|scoring_version:v2
2026-05-07,2026-05-07,8107,CAUTION,0,0,True,False,19.6,19.700000762939453,20.69,,,,NO_BROKER_DATA|GATE_PASS:G1_ZONE:94.3%|GATE_PASS:G2_BB:8.8%|GATE_FAIL:G3_LOW_LIQ:0.6M|LOW_LIQUIDITY:TPEx|GATE_PASS:G4_REGIME:uptrend|GATE_PASS:G5_NO_OVERHEAD:98.1%|NO_SETUP|scoring_version:v2
2026-05-07,2026-05-07,8103,CAUTION,0,0,True,False,19.6,19.700000762939453,20.69,,,,NO_BROKER_DATA|GATE_PASS:G1_ZONE:94.3%|GATE_PASS:G2_BB:8.8%|GATE_FAIL:G3_LOW_LIQ:0.6M|LOW_LIQUIDITY:TSE|GATE_PASS:G4_REGIME:uptrend|GATE_PASS:G5_NO_OVERHEAD:98.1%|NO_SETUP|scoring_version:v2
2026-05-07,2026-05-07,8105,CAUTION,0,0,True,False,19.6,19.700000762939453,20.69,,,,NO_BROKER_DATA|GATE_PASS:G1_ZONE:94.3%|GATE_PASS:G2_BB:8.8%|GATE_FAIL:G3_LOW_LIQ:0.6M|LOW_LIQUIDITY:TSE|GATE_PASS:G4_REGIME:uptrend|GATE_PASS:G5_NO_OVERHEAD:98.1%|NO_SETUP|scoring_version:v2
2026-05-07,2026-05-07,8104,CAUTION,0,0,,True,0.0,0.0,0.0,,,Data unavailable: NO_OHLCV_DATA,NO_OHLCV_DATA
2026-05-07,2026-05-07,8111,CAUTION,0,0,True,False,12.29,12.350000381469727,13.12,,,,NO_BROKER_DATA|GATE_PASS:G1_ZONE:86.4%|GATE_FAIL:G2_BB_WIDE:18.2%|GATE_FAIL:G3_LOW_LIQ:0.1M|LOW_LIQUIDITY:TPEx|GATE_PASS:G4_REGIME:uptrend|GATE_PASS:G5_NO_OVERHEAD:88.0%|NO_SETUP|scoring_version:v2
2026-05-07,2026-05-07,8109,CAUTION,0,0,True,False,12.29,12.350000381469727,13.12,,,,NO_BROKER_DATA|GATE_PASS:G1_ZONE:86.4%|GATE_FAIL:G2_BB_WIDE:18.2%|GATE_FAIL:G3_LOW_LIQ:0.1M|LOW_LIQUIDITY:TPEx|GATE_PASS:G4_REGIME:uptrend|GATE_PASS:G5_NO_OVERHEAD:88.0%|NO_SETUP|scoring_version:v2
2026-05-07,2026-05-07,8131,CAUTION,0,0,True,False,34.43,34.599998474121094,42.0,,,,NO_BROKER_DATA|GATE_FAIL:G1_TOO_FAR_BELOW:84.5%|GATE_FAIL:G2_BB_WIDE:25.2%|GATE_PASS:G3_LIQ:73.0M|GATE_PASS:G4_REGIME:uptrend|GATE_PASS:G5_NO_OVERHEAD:96.1%|NO_SETUP|scoring_version:v2
2026-05-07,2026-05-07,8114,CAUTION,0,0,True,False,34.43,34.599998474121094,42.0,,,,NO_BROKER_DATA|GATE_FAIL:G1_TOO_FAR_BELOW:84.5%|GATE_FAIL:G2_BB_WIDE:25.2%|GATE_PASS:G3_LIQ:73.0M|GATE_PASS:G4_REGIME:uptrend|GATE_PASS:G5_NO_OVERHEAD:96.1%|NO_SETUP|scoring_version:v2
2026-05-07,2026-05-07,8147,CAUTION,0,0,True,False,34.43,34.599998474121094,42.0,,,,NO_BROKER_DATA|GATE_FAIL:G1_TOO_FAR_BELOW:84.5%|GATE_FAIL:G2_BB_WIDE:25.2%|GATE_PASS:G3_LIQ:73.0M|GATE_PASS:G4_REGIME:uptrend|GATE_PASS:G5_NO_OVERHEAD:96.1%|NO_SETUP|scoring_version:v2
2026-05-07,2026-05-07,8150,CAUTION,0,0,True,False,34.43,34.599998474121094,42.0,,,,NO_BROKER_DATA|GATE_FAIL:G1_TOO_FAR_BELOW:84.5%|GATE_FAIL:G2_BB_WIDE:25.2%|GATE_PASS:G3_LIQ:73.0M|GATE_PASS:G4_REGIME:uptrend|GATE_PASS:G5_NO_OVERHEAD:96.1%|NO_SETUP|scoring_version:v2
2026-05-07,2026-05-07,8121,CAUTION,0,0,True,False,34.43,34.599998474121094,42.0,,,,NO_BROKER_DATA|GATE_FAIL:G1_TOO_FAR_BELOW:84.5%|GATE_FAIL:G2_BB_WIDE:25.2%|GATE_PASS:G3_LIQ:73.0M|GATE_PASS:G4_REGIME:uptrend|GATE_PASS:G5_NO_OVERHEAD:96.1%|NO_SETUP|scoring_version:v2
2026-05-07,2026-05-07,8155,CAUTION,0,0,,True,0.0,0.0,0.0,,,Data unavailable: NO_OHLCV_DATA,NO_OHLCV_DATA
2026-05-07,2026-05-07,8176,CAUTION,0,0,,True,0.0,0.0,0.0,,,Data unavailable: NO_OHLCV_DATA,NO_OHLCV_DATA
2026-05-07,2026-05-07,8163,CAUTION,0,0,,True,0.0,0.0,0.0,,,Data unavailable: NO_OHLCV_DATA,NO_OHLCV_DATA
2026-05-07,2026-05-07,8162,CAUTION,0,0,,True,0.0,0.0,0.0,,,Data unavailable: NO_OHLCV_DATA,NO_OHLCV_DATA
2026-05-07,2026-05-07,8210,CAUTION,0,0,,True,0.0,0.0,0.0,,,Data unavailable: NO_OHLCV_DATA,NO_OHLCV_DATA
2026-05-07,2026-05-07,8215,CAUTION,0,0,,True,0.0,0.0,0.0,,,Data unavailable: NO_OHLCV_DATA,NO_OHLCV_DATA
2026-05-07,2026-05-07,8201,CAUTION,0,0,,True,0.0,0.0,0.0,,,Data unavailable: NO_OHLCV_DATA,NO_OHLCV_DATA
2026-05-07,2026-05-07,8183,CAUTION,0,0,,True,0.0,0.0,0.0,,,Data unavailable: NO_OHLCV_DATA,NO_OHLCV_DATA
2026-05-07,2026-05-07,8213,CAUTION,0,0,,True,0.0,0.0,0.0,,,Data unavailable: NO_OHLCV_DATA,NO_OHLCV_DATA
2026-05-07,2026-05-07,8222,CAUTION,0,0,,True,0.0,0.0,0.0,,,Data unavailable: NO_OHLCV_DATA,NO_OHLCV_DATA
2026-05-07,2026-05-07,8234,CAUTION,0,0,True,False,12.64,12.699999809265137,14.59,,,,NO_BROKER_DATA|GATE_PASS:G1_ZONE:90.4%|GATE_PASS:G2_BB:12.1%|GATE_FAIL:G3_LOW_LIQ:1.2M|LOW_LIQUIDITY:TPEx|GATE_PASS:G4_REGIME:uptrend|GATE_PASS:G5_NO_OVERHEAD:92.4%|NO_SETUP|scoring_version:v2
2026-05-07,2026-05-07,8227,CAUTION,0,0,True,False,12.64,12.699999809265137,14.59,,,,NO_BROKER_DATA|GATE_PASS:G1_ZONE:90.4%|GATE_PASS:G2_BB:12.1%|GATE_FAIL:G3_LOW_LIQ:1.2M|LOW_LIQUIDITY:TPEx|GATE_PASS:G4_REGIME:uptrend|GATE_PASS:G5_NO_OVERHEAD:92.4%|NO_SETUP|scoring_version:v2
2026-05-07,2026-05-07,8240,CAUTION,0,0,True,False,12.64,12.699999809265137,14.59,,,,NO_BROKER_DATA|GATE_PASS:G1_ZONE:90.4%|GATE_PASS:G2_BB:12.1%|GATE_FAIL:G3_LOW_LIQ:1.2M|LOW_LIQUIDITY:TPEx|GATE_PASS:G4_REGIME:uptrend|GATE_PASS:G5_NO_OVERHEAD:92.4%|NO_SETUP|scoring_version:v2
2026-05-07,2026-05-07,8272,CAUTION,0,0,,True,0.0,0.0,0.0,,,Data unavailable: NO_OHLCV_DATA,NO_OHLCV_DATA
2026-05-07,2026-05-07,8271,CAUTION,0,0,,True,0.0,0.0,0.0,,,Data unavailable: NO_OHLCV_DATA,NO_OHLCV_DATA
2026-05-07,2026-05-07,8261,CAUTION,0,0,,True,0.0,0.0,0.0,,,Data unavailable: NO_OHLCV_DATA,NO_OHLCV_DATA
2026-05-07,2026-05-07,8255,CAUTION,0,0,,True,0.0,0.0,0.0,,,Data unavailable: NO_OHLCV_DATA,NO_OHLCV_DATA
2026-05-07,2026-05-07,8277,CAUTION,0,0,,True,0.0,0.0,0.0,,,Data unavailable: NO_OHLCV_DATA,NO_OHLCV_DATA
2026-05-07,2026-05-07,8284,CAUTION,0,0,,True,0.0,0.0,0.0,,,Data unavailable: NO_OHLCV_DATA,NO_OHLCV_DATA
2026-05-07,2026-05-07,8279,CAUTION,0,0,,True,0.0,0.0,0.0,,,Data unavailable: NO_OHLCV_DATA,NO_OHLCV_DATA
2026-05-07,2026-05-07,8291,CAUTION,0,0,,True,0.0,0.0,0.0,,,Data unavailable: NO_OHLCV_DATA,NO_OHLCV_DATA
2026-05-07,2026-05-07,8289,CAUTION,0,0,,True,0.0,0.0,0.0,,,Data unavailable: NO_OHLCV_DATA,NO_OHLCV_DATA
2026-05-07,2026-05-07,8299,CAUTION,0,0,,True,0.0,0.0,0.0,,,Data unavailable: NO_OHLCV_DATA,NO_OHLCV_DATA
2026-05-07,2026-05-07,8358,CAUTION,0,0,True,False,96.22,96.69999694824219,105.0,,,,NO_BROKER_DATA|GATE_PASS:G1_ZONE:88.7%|GATE_FAIL:G2_BB_WIDE:16.4%|GATE_FAIL:G3_LOW_LIQ:2.9M|LOW_LIQUIDITY:TPEx|GATE_PASS:G4_REGIME:uptrend|GATE_FAIL:G5_OVERHEAD:79.0%|NO_SETUP|scoring_version:v2
2026-05-07,2026-05-07,8383,CAUTION,0,0,True,False,96.22,96.69999694824219,105.0,,,,NO_BROKER_DATA|GATE_PASS:G1_ZONE:88.7%|GATE_FAIL:G2_BB_WIDE:16.4%|GATE_FAIL:G3_LOW_LIQ:2.9M|LOW_LIQUIDITY:TPEx|GATE_PASS:G4_REGIME:uptrend|GATE_FAIL:G5_OVERHEAD:79.0%|NO_SETUP|scoring_version:v2
2026-05-07,2026-05-07,8403,CAUTION,0,0,True,False,96.22,96.69999694824219,105.0,,,,NO_BROKER_DATA|GATE_PASS:G1_ZONE:88.7%|GATE_FAIL:G2_BB_WIDE:16.4%|GATE_FAIL:G3_LOW_LIQ:2.9M|LOW_LIQUIDITY:TPEx|GATE_PASS:G4_REGIME:uptrend|GATE_FAIL:G5_OVERHEAD:79.0%|NO_SETUP|scoring_version:v2
2026-05-07,2026-05-07,8409,CAUTION,0,0,True,False,96.22,96.69999694824219,105.0,,,,NO_BROKER_DATA|GATE_PASS:G1_ZONE:88.7%|GATE_FAIL:G2_BB_WIDE:16.4%|GATE_FAIL:G3_LOW_LIQ:2.9M|LOW_LIQUIDITY:TPEx|GATE_PASS:G4_REGIME:uptrend|GATE_FAIL:G5_OVERHEAD:79.0%|NO_SETUP|scoring_version:v2
2026-05-07,2026-05-07,8374,CAUTION,0,0,True,False,96.22,96.69999694824219,105.0,,,,NO_BROKER_DATA|GATE_PASS:G1_ZONE:88.7%|GATE_FAIL:G2_BB_WIDE:16.4%|GATE_FAIL:G3_LOW_LIQ:2.9M|LOW_LIQUIDITY:TSE|GATE_PASS:G4_REGIME:uptrend|GATE_FAIL:G5_OVERHEAD:79.0%|NO_SETUP|scoring_version:v2
2026-05-07,2026-05-07,8410,CAUTION,0,0,,True,0.0,0.0,0.0,,,Data unavailable: NO_OHLCV_DATA,NO_OHLCV_DATA
2026-05-07,2026-05-07,8416,CAUTION,0,0,,True,0.0,0.0,0.0,,,Data unavailable: NO_OHLCV_DATA,NO_OHLCV_DATA
2026-05-07,2026-05-07,8431,CAUTION,0,0,,True,0.0,0.0,0.0,,,Data unavailable: NO_OHLCV_DATA,NO_OHLCV_DATA
2026-05-07,2026-05-07,8432,CAUTION,0,0,,True,0.0,0.0,0.0,,,Data unavailable: NO_OHLCV_DATA,NO_OHLCV_DATA
2026-05-07,2026-05-07,8436,CAUTION,0,0,,True,0.0,0.0,0.0,,,Data unavailable: NO_OHLCV_DATA,NO_OHLCV_DATA
2026-05-07,2026-05-07,8499,CAUTION,0,0,True,False,466.65,469.0,492.45,,,,NO_BROKER_DATA|GATE_PASS:G1_ZONE:93.8%|GATE_FAIL:G2_BB_WIDE:58.7%|GATE_PASS:G3_LIQ:9505.6M|GATE_PASS:G4_REGIME:uptrend|GATE_PASS:G5_NO_OVERHEAD:100.0%|NO_SETUP|scoring_version:v2
2026-05-07,2026-05-07,6197,ERROR,-1,0,,True,0.0,0.0,0.0,,,,
2026-05-07,2026-05-07,6191,ERROR,-1,0,,True,0.0,0.0,0.0,,,,
2026-05-07,2026-05-07,6192,ERROR,-1,0,,True,0.0,0.0,0.0,,,,
2026-05-07,2026-05-07,6196,ERROR,-1,0,,True,0.0,0.0,0.0,,,,
2026-05-07,2026-05-07,6194,ERROR,-1,0,,True,0.0,0.0,0.0,,,,
2026-05-07,2026-05-07,6217,ERROR,-1,0,,True,0.0,0.0,0.0,,,,
2026-05-07,2026-05-07,6218,ERROR,-1,0,,True,0.0,0.0,0.0,,,,
2026-05-07,2026-05-07,6220,ERROR,-1,0,,True,0.0,0.0,0.0,,,,
2026-05-07,2026-05-07,6221,ERROR,-1,0,,True,0.0,0.0,0.0,,,,
2026-05-07,2026-05-07,6228,ERROR,-1,0,,True,0.0,0.0,0.0,,,,
2026-05-07,2026-05-07,6227,ERROR,-1,0,,True,0.0,0.0,0.0,,,,
2026-05-07,2026-05-07,6259,ERROR,-1,0,,True,0.0,0.0,0.0,,,,
2026-05-07,2026-05-07,6451,ERROR,-1,0,,True,0.0,0.0,0.0,,,,
2026-05-07,2026-05-07,6449,ERROR,-1,0,,True,0.0,0.0,0.0,,,,
2026-05-07,2026-05-07,6443,ERROR,-1,0,,True,0.0,0.0,0.0,,,,
2026-05-07,2026-05-07,6456,ERROR,-1,0,,True,0.0,0.0,0.0,,,,
2026-05-07,2026-05-07,6477,ERROR,-1,0,,True,0.0,0.0,0.0,,,,
2026-05-07,2026-05-07,6485,ERROR,-1,0,,True,0.0,0.0,0.0,,,,
2026-05-07,2026-05-07,6474,ERROR,-1,0,,True,0.0,0.0,0.0,,,,
2026-05-07,2026-05-07,6472,ERROR,-1,0,,True,0.0,0.0,0.0,,,,
2026-05-07,2026-05-07,6470,ERROR,-1,0,,True,0.0,0.0,0.0,,,,
2026-05-07,2026-05-07,6577,ERROR,-1,0,,True,0.0,0.0,0.0,,,,
2026-05-07,2026-05-07,6590,ERROR,-1,0,,True,0.0,0.0,0.0,,,,
2026-05-07,2026-05-07,6588,ERROR,-1,0,,True,0.0,0.0,0.0,,,,
2026-05-07,2026-05-07,6730,ERROR,-1,0,,True,0.0,0.0,0.0,,,,
2026-05-07,2026-05-07,6732,ERROR,-1,0,,True,0.0,0.0,0.0,,,,
2026-05-07,2026-05-07,6792,ERROR,-1,0,,True,0.0,0.0,0.0,,,,
2026-05-07,2026-05-07,6823,ERROR,-1,0,,True,0.0,0.0,0.0,,,,
2026-05-07,2026-05-07,6831,ERROR,-1,0,,True,0.0,0.0,0.0,,,,
2026-05-07,2026-05-07,6830,ERROR,-1,0,,True,0.0,0.0,0.0,,,,
2026-05-07,2026-05-07,6835,ERROR,-1,0,,True,0.0,0.0,0.0,,,,
2026-05-07,2026-05-07,6834,ERROR,-1,0,,True,0.0,0.0,0.0,,,,
2026-05-07,2026-05-07,6838,ERROR,-1,0,,True,0.0,0.0,0.0,,,,
2026-05-07,2026-05-07,6841,ERROR,-1,0,,True,0.0,0.0,0.0,,,,
2026-05-07,2026-05-07,6885,ERROR,-1,0,,True,0.0,0.0,0.0,,,,
2026-05-07,2026-05-07,6877,ERROR,-1,0,,True,0.0,0.0,0.0,,,,
2026-05-07,2026-05-07,6899,ERROR,-1,0,,True,0.0,0.0,0.0,,,,
2026-05-07,2026-05-07,6895,ERROR,-1,0,,True,0.0,0.0,0.0,,,,
2026-05-07,2026-05-07,6884,ERROR,-1,0,,True,0.0,0.0,0.0,,,,
2026-05-07,2026-05-07,6931,ERROR,-1,0,,True,0.0,0.0,0.0,,,,
2026-05-07,2026-05-07,6929,ERROR,-1,0,,True,0.0,0.0,0.0,,,,
2026-05-07,2026-05-07,7751,ERROR,-1,0,,True,0.0,0.0,0.0,,,,
2026-05-07,2026-05-07,7753,ERROR,-1,0,,True,0.0,0.0,0.0,,,,
2026-05-07,2026-05-07,7769,ERROR,-1,0,,True,0.0,0.0,0.0,,,,
2026-05-07,2026-05-07,7770,ERROR,-1,0,,True,0.0,0.0,0.0,,,,
2026-05-07,2026-05-07,7772,ERROR,-1,0,,True,0.0,0.0,0.0,,,,
2026-05-07,2026-05-07,8021,ERROR,-1,0,,True,0.0,0.0,0.0,,,,
2026-05-07,2026-05-07,8028,ERROR,-1,0,,True,0.0,0.0,0.0,,,,
2026-05-07,2026-05-07,8032,ERROR,-1,0,,True,0.0,0.0,0.0,,,,
2026-05-07,2026-05-07,8024,ERROR,-1,0,,True,0.0,0.0,0.0,,,,
2026-05-07,2026-05-07,8027,ERROR,-1,0,,True,0.0,0.0,0.0,,,,
2026-05-07,2026-05-07,8110,ERROR,-1,0,,True,0.0,0.0,0.0,,,,
2026-05-07,2026-05-07,8182,ERROR,-1,0,,True,0.0,0.0,0.0,,,,
2026-05-07,2026-05-07,8996,ERROR,-1,0,,True,0.0,0.0,0.0,,,,
2026-05-07,2026-05-07,8455,ERROR,-1,0,,True,0.0,0.0,0.0,,,,
2026-05-07,2026-05-07,9912,ERROR,-1,0,,True,0.0,0.0,0.0,,,,
2026-05-07,2026-05-07,9951,ERROR,-1,0,,True,0.0,0.0,0.0,,,,
